z_A	RHOB_DFT_e_A3	RHOB_py_refphi_e_A3	RHOION_DFT_e_A3	RHOION_py_refphi_e_A3
0.000000000000e+00	5.809771915855e-11	7.928649170818e-11	-5.771628652748e-20	0.000000000000e+00
9.114583333333e-02	-5.580949758769e-11	-7.659077298645e-11	-4.394438757167e-20	0.000000000000e+00
1.822916666667e-01	5.353777873140e-11	7.392343158201e-11	-2.888005889155e-20	0.000000000000e+00
2.734375000000e-01	-5.128180008496e-11	-7.128314508749e-11	-9.292344638876e-20	0.000000000000e+00
3.645833333333e-01	4.904082044303e-11	6.866864790739e-11	-7.191524406776e-20	0.000000000000e+00
4.557291666667e-01	-4.681412718619e-11	-6.607873213919e-11	-7.185068181300e-20	0.000000000000e+00
5.468750000000e-01	4.460102714954e-11	6.351223985300e-11	-3.955681965997e-20	0.000000000000e+00
6.380208333333e-01	-4.240084688805e-11	-6.096806174890e-11	-4.099170096491e-20	0.000000000000e+00
7.291666666667e-01	4.021293409686e-11	5.844513124074e-11	-3.421444115446e-20	0.000000000000e+00
8.203125000000e-01	-3.803665573654e-11	-5.594242659605e-11	-5.117654473704e-20	0.000000000000e+00
9.114583333333e-01	3.587139078392e-11	5.345896094994e-11	-6.479503429836e-20	0.000000000000e+00
1.002604166667e+00	-3.371654169721e-11	-5.099378838902e-11	-4.120256484293e-20	0.000000000000e+00
1.093750000000e+00	3.157151867944e-11	4.854599276951e-11	-6.451842353701e-20	0.000000000000e+00
1.184895833333e+00	-2.943575168851e-11	-4.611469159837e-11	-4.247396741092e-20	0.000000000000e+00
1.276041666667e+00	2.730867942594e-11	4.369903219410e-11	-3.159952175679e-20	0.000000000000e+00
1.367187500000e+00	-2.518975746016e-11	-4.129818935807e-11	-5.346050853954e-20	0.000000000000e+00
1.458333333333e+00	2.307844750803e-11	3.891136220659e-11	-5.626452426600e-20	0.000000000000e+00
1.549479166667e+00	-2.097422706693e-11	-3.653777735982e-11	-5.845282931492e-20	0.000000000000e+00
1.640625000000e+00	1.887658087004e-11	3.417668086472e-11	-8.144158245656e-20	0.000000000000e+00
1.731770833333e+00	-1.678500289195e-11	-3.182734056570e-11	-8.637008137000e-20	0.000000000000e+00
1.822916666667e+00	1.469899679396e-11	2.948904688087e-11	-2.764567596496e-20	0.000000000000e+00
1.914062500000e+00	-1.261807466435e-11	-2.716110357118e-11	-8.060212506561e-20	0.000000000000e+00
2.005208333333e+00	1.054175279420e-11	2.484283602718e-11	-6.837379708218e-20	0.000000000000e+00
2.096354166667e+00	-8.469558907446e-12	-2.253358373750e-11	-9.501135416956e-20	0.000000000000e+00
2.187500000000e+00	6.401022853696e-12	2.023270096017e-11	-4.322798346905e-20	0.000000000000e+00
2.278645833333e+00	-4.335682389636e-12	-1.793955477157e-11	-3.976102000244e-20	0.000000000000e+00
2.369791666667e+00	2.273079258949e-12	1.565352831819e-11	-5.292046600905e-20	0.000000000000e+00
2.460937500000e+00	-2.127608954508e-13	-1.337401315921e-11	-7.547786628781e-20	0.000000000000e+00
2.552083333333e+00	-1.845723078110e-12	1.110041342040e-11	-8.803448445209e-20	0.000000000000e+00
2.643229166667e+00	3.902818048221e-12	-8.832141388451e-12	-7.831845742011e-20	0.000000000000e+00
2.734375000000e+00	-5.958965115762e-12	6.568623091492e-12	-5.772028464858e-20	0.000000000000e+00
2.825520833333e+00	8.014607246137e-12	-4.309285994725e-12	-6.472869510059e-20	0.000000000000e+00
2.916666666667e+00	-1.007017967798e-11	2.053572206884e-12	-5.315280127920e-20	0.000000000000e+00
3.007812500000e+00	1.212612008446e-11	1.990736772539e-13	-7.876861626089e-20	0.000000000000e+00
3.098958333333e+00	-1.418286331559e-11	-2.449201419486e-12	-8.227408015468e-20	0.000000000000e+00
3.190104166667e+00	1.624084348714e-11	4.697350375892e-12	-9.014193860397e-20	0.000000000000e+00
3.281250000000e+00	-1.830049416055e-11	-6.944061622852e-12	-7.277039778639e-20	0.000000000000e+00
3.372395833333e+00	2.036225012561e-11	9.189867572307e-12	-8.754256745575e-20	0.000000000000e+00
3.463541666667e+00	-2.242654511702e-11	-1.143529983899e-11	-8.677929648708e-20	0.000000000000e+00
3.554687500000e+00	2.449381522027e-11	1.368087556192e-11	-9.217912947623e-20	0.000000000000e+00
3.645833333333e+00	-2.656449674321e-11	-1.592719637416e-11	-1.040013519923e-19	0.000000000000e+00
3.736979166667e+00	2.863902935121e-11	1.817428738788e-11	-1.202434975867e-19	0.000000000000e+00
3.828125000000e+00	-3.071785233970e-11	-2.042575733143e-11	-6.765702278327e-20	0.000000000000e+00
3.919270833333e+00	3.280141124575e-11	2.266426082670e-11	-8.465022286458e-20	0.000000000000e+00
4.010416666667e+00	-3.489015113046e-11	-2.498609562302e-11	-7.875106895078e-20	0.000000000000e+00
4.101562500000e+00	3.698452401426e-11	2.692169960548e-11	-9.253829403813e-20	0.000000000000e+00
4.192708333333e+00	-3.908498203330e-11	-3.056035243459e-11	-8.432622696208e-20	0.000000000000e+00
4.283854166667e+00	4.119198757913e-11	2.759064237681e-11	-1.103283048833e-19	0.000000000000e+00
4.375000000000e+00	-4.330599943445e-11	-4.737394742052e-11	-1.887350171289e-20	0.000000000000e+00
4.466145833333e+00	4.542749226598e-11	-1.599799993495e-12	-1.530717752842e-20	0.000000000000e+00
4.557291666667e+00	-4.755693706384e-11	-1.317013589812e-10	-1.306571227429e-20	0.000000000000e+00
4.648437500000e+00	4.969481799198e-11	-1.597206129848e-10	1.738442365127e-22	0.000000000000e+00
4.739583333333e+00	-5.184162163683e-11	-4.248595001468e-10	-3.203664968359e-20	0.000000000000e+00
4.830729166667e+00	5.399784602223e-11	-6.034848404994e-10	-1.188182413882e-20	0.000000000000e+00
4.921875000000e+00	-5.616399298517e-11	-1.030411728227e-09	7.321818736984e-21	0.000000000000e+00
5.013020833333e+00	5.834057694511e-11	-1.236900024916e-09	1.696580554658e-20	0.000000000000e+00
5.104166666667e+00	-6.052811799128e-11	-1.405935108655e-09	6.845672107898e-21	0.000000000000e+00
5.195312500000e+00	6.272714900809e-11	-8.853477254254e-10	7.541752427171e-21	0.000000000000e+00
5.286458333333e+00	-6.493821022039e-11	-7.261072116461e-11	-2.802577513405e-20	0.000000000000e+00
5.377604166667e+00	6.716185545191e-11	1.098025734332e-09	-1.151390443165e-20	0.000000000000e+00
5.468750000000e+00	-6.939864957459e-11	1.578260122408e-09	5.303729999730e-21	0.000000000000e+00
5.559895833333e+00	7.164916778529e-11	1.603281358687e-09	1.433292236786e-20	0.000000000000e+00
5.651041666667e+00	-7.391400125292e-11	9.453889222654e-10	-2.328033372032e-21	0.000000000000e+00
5.742187500000e+00	7.619375428752e-11	5.588832908685e-10	2.381840032741e-20	1.509435751827e-53
5.833333333333e+00	-7.848904337958e-11	1.070057160373e-10	-3.240414135109e-20	8.529377589351e-53
5.924479166667e+00	8.080050526371e-11	1.233301004783e-10	9.299178348944e-21	4.225348706813e-52
6.015625000000e+00	-8.312878786292e-11	-6.581509054889e-11	5.653172061409e-21	1.725092955772e-51
6.106770833333e+00	8.547456076118e-11	8.050911975804e-11	3.988345783930e-21	6.848007145277e-51
6.197916666667e+00	-8.783850853763e-11	-8.106491716664e-11	6.190159847704e-21	2.461258312089e-50
6.289062500000e+00	9.022133868988e-11	8.380853848737e-11	2.619629937346e-20	8.418556864111e-50
6.380208333333e+00	-9.262377437145e-11	-8.631066623357e-11	-2.229248202448e-20	2.808172660195e-49
6.471354166667e+00	9.504656525491e-11	8.885635236964e-11	1.360550353471e-20	9.195679740178e-49
6.562500000000e+00	-9.749048078138e-11	-9.142031447706e-11	-2.606216650974e-20	2.958800355177e-48
6.653645833333e+00	9.995631479372e-11	9.400524852328e-11	-2.167154232987e-20	9.354625716845e-48
6.744791666667e+00	-1.024448873898e-10	-9.661189804417e-11	-3.004637821397e-20	2.907793870584e-47
6.835937500000e+00	1.049570465883e-10	9.924114215804e-11	3.956942488080e-21	8.873719675885e-47
6.927083333333e+00	-1.074936643482e-10	-1.018938827503e-10	-4.489932576774e-20	2.656826404684e-46
7.018229166667e+00	1.100556501215e-10	1.045710508991e-10	-9.046845846633e-21	7.789677101175e-46
7.109375000000e+00	-1.126439372192e-10	-1.072736096948e-10	-2.201011040248e-20	2.237030790231e-45
7.200520833333e+00	1.152594997502e-10	1.100025545754e-10	-1.328976250704e-20	6.285048021003e-45
7.291666666667e+00	-1.179033420792e-10	-1.127589161708e-10	-3.115492682680e-20	1.726804805060e-44
7.382812500000e+00	1.205765116614e-10	1.155437631281e-10	2.706053469743e-20	4.638829848569e-44
7.473958333333e+00	-1.232800914306e-10	-1.183582023647e-10	-2.278122209339e-20	1.217895465761e-43
7.565104166667e+00	1.260152102364e-10	1.212033843314e-10	1.608518698697e-20	3.124354760954e-43
7.656250000000e+00	-1.287830443890e-10	-1.240805045696e-10	-3.243791566021e-20	7.829242133416e-43
7.747395833333e+00	1.315848123732e-10	1.269908049208e-10	-2.902579059062e-20	1.914576006268e-42
7.838541666667e+00	-1.344217921336e-10	-1.299355803545e-10	-5.259370963425e-20	4.493417160592e-42
7.929687500000e+00	1.372953152440e-10	1.329161855535e-10	-2.219537142802e-20	9.110028347640e-42
8.020833333333e+00	-1.402067058691e-10	-1.359338335498e-10	-3.761840273305e-20	1.674277431718e-41
8.111979166667e+00	1.431594431000e-10	1.389957168847e-10	-2.056733951447e-20	2.281888114501e-41
8.203125000000e+00	-1.461050649207e-10	-1.419724556276e-10	-2.921082845111e-20	1.123097730716e-41
8.294270833333e+00	1.500103237463e-10	1.472088101770e-10	-2.924124949706e-20	-5.953693444433e-41
8.385416666667e+00	-1.402584349936e-10	-1.217759863092e-10	-4.502053695300e-20	-2.183824990632e-40
8.476562500000e+00	2.913397814295e-10	4.308704247930e-10	-6.242127888049e-21	-5.171096359502e-40
8.567708333333e+00	1.046680337552e-09	2.139088273208e-09	-4.254904627094e-20	-1.084936986247e-39
8.658854166667e+00	8.555380557884e-09	1.498554901610e-08	5.758667980183e-21	-2.023165302030e-39
8.750000000000e+00	4.592798204291e-08	7.556246559303e-08	-9.295928140161e-21	-3.447770127257e-39
8.841145833333e+00	2.004976331190e-07	3.070415995499e-07	-1.989294860088e-20	-5.513842074688e-39
8.932291666667e+00	6.914799618053e-07	9.908588739526e-07	-4.934125175280e-20	-8.390647592369e-39
9.023437500000e+00	1.904535634738e-06	2.561413807302e-06	1.286188044991e-20	-1.218235062313e-38
9.114583333333e+00	4.199284401482e-06	5.320941733891e-06	-1.304065040372e-20	-1.695057412756e-38
9.205729166667e+00	7.453716634973e-06	8.929815864709e-06	-2.304352806343e-20	-2.265668557670e-38
9.296875000000e+00	1.070569710765e-05	1.216285763041e-05	-4.242838534056e-21	-2.931433580671e-38
9.388020833333e+00	1.249887412992e-05	1.348336003996e-05	8.575848814778e-21	-3.687348472961e-38
9.479166666667e+00	1.180775067084e-05	1.205450308494e-05	6.063564601289e-21	-4.531796081947e-38
9.570312500000e+00	8.628557377516e-06	8.164800928205e-06	-1.788352865185e-20	-5.436317621309e-38
9.661458333333e+00	3.719387287847e-06	2.759940342643e-06	3.257192462584e-20	-6.399917802062e-38
9.752604166667e+00	-1.818040870659e-06	-3.011984658566e-06	-2.888732770046e-20	-7.392354782272e-38
9.843750000000e+00	-6.636928523688e-06	-7.819898982108e-06	-1.195153751958e-20	-8.371063190425e-38
9.934895833333e+00	-9.496609350651e-06	-1.047052306295e-05	-4.392805561946e-20	-9.279944015617e-38
1.002604166667e+01	-1.007727941229e-05	-1.074476496096e-05	-3.497726326010e-20	-9.980237376269e-38
1.011718750000e+01	-9.155496362938e-06	-9.544633477955e-06	-6.961590670248e-20	-1.031208034136e-37
1.020833333333e+01	-7.742827703321e-06	-7.955143093333e-06	-3.262433649288e-20	-1.016791997674e-37
1.029947916667e+01	-6.279363716150e-06	-6.408224078724e-06	-5.772746645949e-20	-9.679687007744e-38
1.039062500000e+01	-4.744333207801e-06	-4.835570544870e-06	-2.158030386092e-20	-9.010638762681e-38
1.048177083333e+01	-3.152246216570e-06	-3.216150193955e-06	-7.143073100001e-20	-8.141030218344e-38
1.057291666667e+01	-1.704503332183e-06	-1.742205219494e-06	-1.472434029262e-20	-7.114893994221e-38
1.066406250000e+01	-4.619538791741e-07	-4.789157815346e-07	-7.007492364939e-20	-5.434235749632e-38
1.075520833333e+01	1.236960480820e-06	1.231886234178e-06	-2.966665223446e-20	-2.756547949818e-38
1.084635416667e+01	5.659794729825e-06	5.659331438119e-06	1.997283698734e-21	-1.334689478608e-38
1.093750000000e+01	1.753255176962e-05	1.753304199335e-05	-4.073049037458e-20	-1.034291488479e-38
1.102864583333e+01	4.299766947730e-05	4.299802429801e-05	-5.374778095784e-20	-1.503615322297e-38
1.111979166667e+01	8.416256689028e-05	8.416270917590e-05	-2.440216305459e-20	-2.333788484988e-38
1.121093750000e+01	1.319415893665e-04	1.319416120564e-04	-9.065962127140e-21	-3.439381206623e-38
1.130208333333e+01	1.671216431323e-04	1.671216180424e-04	2.529181907932e-20	-5.194971022753e-38
1.139322916667e+01	1.734766133276e-04	1.734765759834e-04	6.803084712350e-20	-7.496686526838e-38
1.148437500000e+01	1.496057970054e-04	1.496057691566e-04	-1.097499100048e-20	-9.673043681710e-38
1.157552083333e+01	1.074710457494e-04	1.074710298137e-04	1.649950614225e-20	-1.148762098481e-37
1.166666666667e+01	6.304980111424e-05	6.304979543013e-05	-6.045120549581e-20	-1.352070579656e-37
1.175781250000e+01	2.794433033351e-05	2.794432908605e-05	-1.059948423850e-20	-1.619774773922e-37
1.184895833333e+01	5.147928571705e-06	5.147929796768e-06	-6.381395037731e-20	-1.988245703579e-37
1.194010416667e+01	-8.723327149434e-06	-8.723325552314e-06	-2.369524697505e-20	-2.485145659527e-37
1.203125000000e+01	-1.756961103614e-05	-1.756960958792e-05	-6.409102069646e-20	-3.142528948215e-37
1.212239583333e+01	-2.289503463661e-05	-2.289503345537e-05	-5.022184104513e-20	-3.992278870295e-37
1.221354166667e+01	-2.481238469104e-05	-2.481238429171e-05	-8.897927508573e-20	-5.087957082414e-37
1.230468750000e+01	-2.351192962422e-05	-2.351192896692e-05	-9.016347413270e-21	-6.426884557432e-37
1.239583333333e+01	-1.956119274560e-05	-1.956119296576e-05	-5.255323686796e-20	-8.106302461369e-37
1.248697916667e+01	-1.356334655234e-05	-1.356334592524e-05	-7.181116501357e-20	-1.024647168208e-36
1.257812500000e+01	-6.282705420516e-06	-6.282705969700e-06	-6.675020113858e-20	-1.299643110574e-36
1.266927083333e+01	1.070211735543e-06	1.070212416464e-06	-4.449805256177e-20	-1.649729220451e-36
1.276041666667e+01	6.949776834638e-06	6.949776023915e-06	-7.758592030496e-20	-2.098505316915e-36
1.285156250000e+01	9.780691259323e-06	9.780692174441e-06	-2.343825208947e-20	-2.672918731191e-36
1.294270833333e+01	8.500267413440e-06	8.500266602943e-06	-5.794088596630e-20	-3.408151467799e-36
1.303385416667e+01	3.163382819984e-06	3.163384207812e-06	-6.699354497986e-20	-4.347164915805e-36
1.312500000000e+01	-5.260548029090e-06	-5.260548758993e-06	-9.833005156311e-20	-5.540539962453e-36
1.321614583333e+01	-1.561569843655e-05	-1.561569669457e-05	-5.136695568974e-20	-7.065396123868e-36
1.330729166667e+01	-2.694360380297e-05	-2.694360466199e-05	-1.043190006179e-19	-9.005033473085e-36
1.339843750000e+01	-3.836616251715e-05	-3.836616062083e-05	-5.610355655191e-20	-1.146339971558e-35
1.348958333333e+01	-4.910285955743e-05	-4.910286079098e-05	-3.819774173133e-20	-1.458126621434e-35
1.358072916667e+01	-5.871170590549e-05	-5.871170422404e-05	-7.411594535600e-20	-1.856083071147e-35
1.367187500000e+01	-6.719800013954e-05	-6.719800213784e-05	-6.450262818555e-20	-2.365514465792e-35
1.376302083333e+01	-7.477035770214e-05	-7.477035641238e-05	-7.120427138053e-21	-3.029958704060e-35
1.385416666667e+01	-8.165503404605e-05	-8.165503671546e-05	-7.024961450587e-20	-3.892311156100e-35
1.394531250000e+01	-8.810642763627e-05	-8.810642648839e-05	-2.292962233516e-20	-5.019704993727e-35
1.403645833333e+01	-9.449282045855e-05	-9.449282348553e-05	-2.731774244450e-20	-6.547304886819e-35
1.412760416667e+01	-1.013997087681e-04	-1.013997074811e-04	-2.856941903695e-20	-8.672676192586e-35
1.421875000000e+01	-1.103147345629e-04	-1.103147379544e-04	-7.512298288597e-21	-1.171819004961e-34
1.430989583333e+01	-1.248875486600e-04	-1.248875479161e-04	5.168166612108e-20	-1.619941360703e-34
1.440104166667e+01	-1.511582484654e-04	-1.511582538785e-04	-2.336660270515e-20	-2.299421842910e-34
1.449218750000e+01	-1.935868836252e-04	-1.935868856584e-04	4.149910278452e-20	-3.359408629154e-34
1.458333333333e+01	-2.469234679620e-04	-2.469234766383e-04	1.832744741019e-20	-5.063877995626e-34
1.467447916667e+01	-2.923720011447e-04	-2.923720041242e-04	3.023649134799e-20	-7.885291441317e-34
1.476562500000e+01	-3.097522342441e-04	-3.097522408637e-04	-1.100202894943e-20	-1.269010088755e-33
1.485677083333e+01	-3.004516032767e-04	-3.004516010636e-04	-5.788966568876e-21	-2.112035954382e-33
1.494791666667e+01	-2.929830647819e-04	-2.929830663223e-04	-2.405047809163e-20	-3.651157582181e-33
1.503906250000e+01	-3.138337619610e-04	-3.138337561898e-04	4.907531025562e-21	-6.578272502945e-33
1.513020833333e+01	-3.564514559316e-04	-3.564514566674e-04	-7.310732738793e-21	-1.237585379233e-32
1.522135416667e+01	-3.943631769050e-04	-3.943631712312e-04	2.724798526140e-20	-2.434657647549e-32
1.531250000000e+01	-4.192952833166e-04	-4.192952846724e-04	4.039256243232e-20	-5.015210961990e-32
1.540364583333e+01	-4.508212204643e-04	-4.508212147830e-04	8.215837810005e-20	-1.083191687551e-31
1.549479166667e+01	-5.181841461215e-04	-5.181841482984e-04	2.966971779236e-20	-2.456212648004e-31
1.558593750000e+01	-6.420258141822e-04	-6.420258101152e-04	4.864761458570e-20	-5.854236643370e-31
1.567708333333e+01	-8.158308445487e-04	-8.158308493958e-04	2.264450209015e-20	-1.468606331700e-30
1.576822916667e+01	-9.902644051930e-04	-9.902644013830e-04	2.050420517997e-20	-3.883532955124e-30
1.585937500000e+01	-1.099288416768e-03	-1.099288417534e-03	2.341216288250e-20	-1.083865567345e-29
1.595052083333e+01	-1.140219108257e-03	-1.140219096051e-03	1.940542932267e-20	-3.197837103309e-29
1.604166666667e+01	-1.209073849628e-03	-1.209073843668e-03	1.812767649444e-20	-9.983573500146e-29
1.613281250000e+01	-1.394114019545e-03	-1.394114006199e-03	6.161610281332e-20	-3.304790173873e-28
1.622395833333e+01	-1.672262018769e-03	-1.672262018463e-03	1.439868036166e-20	-1.160324503094e-27
1.631510416667e+01	-1.982716589805e-03	-1.982716585296e-03	2.545858453472e-20	-4.328966222884e-27
1.640625000000e+01	-2.314890066338e-03	-2.314890075547e-03	4.993224360476e-20	-1.716413388378e-26
1.649739583333e+01	-2.649177544902e-03	-2.649177545591e-03	5.543894858145e-20	-7.241449302086e-26
1.658854166667e+01	-2.920862244535e-03	-2.920862251066e-03	4.699790149739e-20	-3.249098202871e-25
1.667968750000e+01	-3.109265752396e-03	-3.109265740631e-03	8.324666346766e-20	-1.551178499163e-24
1.677083333333e+01	-3.277340810543e-03	-3.277340801182e-03	1.182062984930e-20	-7.872817530771e-24
1.686197916667e+01	-3.466128693218e-03	-3.466128670633e-03	1.563420495063e-21	-4.246372651000e-23
1.695312500000e+01	-3.607585096487e-03	-3.607585089039e-03	3.034476215668e-20	-2.428202619898e-22
1.704427083333e+01	-3.595774348926e-03	-3.595774338663e-03	3.709842202196e-20	-1.470636940915e-21
1.713541666667e+01	-3.400227418000e-03	-3.400227425074e-03	3.083642697982e-20	-9.397950443220e-21
1.722656250000e+01	-3.068234750565e-03	-3.068234747294e-03	9.198340443574e-21	-6.316776607429e-20
1.731770833333e+01	-2.662939098230e-03	-2.662939104908e-03	-4.356714956498e-19	-4.436577036003e-19
1.740885416667e+01	-2.222519480192e-03	-2.222519473493e-03	-3.205340226471e-18	-3.237420716991e-18
1.750000000000e+01	-1.751312711083e-03	-1.751312716700e-03	-2.425635740457e-17	-2.428752331826e-17
1.759114583333e+01	-1.258772092362e-03	-1.258772086930e-03	-1.855544388947e-16	-1.855860542669e-16
1.768229166667e+01	-8.118908075310e-04	-8.118908165317e-04	-1.423489268168e-15	-1.423483509936e-15
1.777343750000e+01	-5.023419353052e-04	-5.023419325391e-04	-1.082720107463e-14	-1.082725204638e-14
1.786458333333e+01	-3.355510657551e-04	-3.355510761166e-04	-8.026874428427e-14	-8.026873259128e-14
1.795572916667e+01	-2.176616291104e-04	-2.176616254694e-04	-5.726871319868e-13	-5.726871508610e-13
1.804687500000e+01	-8.194271083436e-05	-8.194272027202e-05	-3.863686995597e-12	-3.863687145679e-12
1.813802083333e+01	4.297263662842e-05	4.297264181201e-05	-2.438356468337e-11	-2.438356542974e-11
1.822916666667e+01	9.885022212058e-05	9.885021412445e-05	-1.415940878961e-10	-1.415940918611e-10
1.832031250000e+01	7.153423669088e-05	7.153424399977e-05	-7.504686643162e-10	-7.504686825207e-10
1.841145833333e+01	-9.701475945886e-07	-9.701548696431e-07	-3.576670661419e-09	-3.576670733398e-09
1.850260416667e+01	-5.848630644448e-05	-5.848629936641e-05	-1.524935720731e-08	-1.524935745066e-08
1.859375000000e+01	-6.090582483510e-05	-6.090583293939e-05	-5.744357309617e-08	-5.744357378161e-08
1.868489583333e+01	-2.276312192700e-05	-2.276311294298e-05	-1.910047747700e-07	-1.910047763471e-07
1.877604166667e+01	5.537026276232e-06	5.537021174391e-06	-5.565994781987e-07	-5.565994810141e-07
1.886718750000e+01	-3.262390919210e-06	-3.262380912101e-06	-1.431257603038e-06	-1.431257606610e-06
1.895833333333e+01	-3.750843917249e-05	-3.750844894771e-05	-3.258545925495e-06	-3.258545927713e-06
1.904947916667e+01	-7.116544278869e-05	-7.116543876814e-05	-6.698021531445e-06	-6.698021529699e-06
1.914062500000e+01	-7.763151567089e-05	-7.763152907887e-05	-1.261263906685e-05	-1.261263906191e-05
1.923177083333e+01	-4.880742585060e-05	-4.880742114408e-05	-2.218595304501e-05	-2.218595304432e-05
1.932291666667e+01	-6.987575800181e-06	-6.987587385708e-06	-3.645232575401e-05	-3.645232576322e-05
1.941406250000e+01	2.591469888419e-05	2.591470589015e-05	-5.587730707026e-05	-5.587730707859e-05
1.950520833333e+01	5.299390330789e-05	5.299389251682e-05	-7.957687787844e-05	-7.957687785967e-05
1.959635416667e+01	8.407546858658e-05	8.407547623622e-05	-1.066863095062e-04	-1.066863094511e-04
1.968750000000e+01	1.193073220171e-04	1.193073110108e-04	-1.367432005154e-04	-1.367432004546e-04
1.977864583333e+01	1.565885756472e-04	1.565885835973e-04	-1.711611671581e-04	-1.711611671527e-04
1.986979166667e+01	1.984235716254e-04	1.984235599665e-04	-2.117253813829e-04	-2.117253814775e-04
1.996093750000e+01	2.489445197089e-04	2.489445274063e-04	-2.614176840835e-04	-2.614176842680e-04
2.005208333333e+01	3.115596756297e-04	3.115596633713e-04	-3.236127338682e-04	-3.236127340503e-04
2.014322916667e+01	3.891856853482e-04	3.891856937813e-04	-4.014437225016e-04	-4.014437225139e-04
2.023437500000e+01	4.822604763203e-04	4.822604646604e-04	-4.960451064487e-04	-4.960451061160e-04
2.032552083333e+01	5.862526493145e-04	5.862526592514e-04	-6.022516874077e-04	-6.022516866576e-04
2.041666666667e+01	6.933638232701e-04	6.933638123633e-04	-7.119832770779e-04	-7.119832759352e-04
2.050781250000e+01	7.966469395598e-04	7.966469505759e-04	-8.163081467202e-04	-8.163081452845e-04
2.059895833333e+01	8.913276471065e-04	8.913276361008e-04	-9.125606416595e-04	-9.125606400569e-04
2.069010416667e+01	9.729524664972e-04	9.729524778433e-04	-9.952705114348e-04	-9.952705098429e-04
2.078125000000e+01	1.036655021157e-03	1.036655009508e-03	-1.061037168056e-03	-1.061037166657e-03
2.087239583333e+01	1.079329042435e-03	1.079329053494e-03	-1.103219834237e-03	-1.103219833181e-03
2.096354166667e+01	1.102023727018e-03	1.102023714013e-03	-1.125592432798e-03	-1.125592432142e-03
2.105468750000e+01	1.109772788698e-03	1.109772799229e-03	-1.131712861704e-03	-1.131712861364e-03
2.114583333333e+01	1.109103755786e-03	1.109103741833e-03	-1.131036062072e-03	-1.131036061909e-03
2.123697916667e+01	1.105153058019e-03	1.105153068813e-03	-1.126141469933e-03	-1.126141469854e-03
2.132812500000e+01	1.100237521216e-03	1.100237507029e-03	-1.121139127212e-03	-1.121139127189e-03
2.141927083333e+01	1.094547465794e-03	1.094547477361e-03	-1.114292685934e-03	-1.114292685963e-03
2.151041666667e+01	1.087858718549e-03	1.087858704368e-03	-1.107772891027e-03	-1.107772891106e-03
2.160156250000e+01	1.080342795230e-03	1.080342807666e-03	-1.099268158638e-03	-1.099268158765e-03
2.169270833333e+01	1.072173891090e-03	1.072173876883e-03	-1.091077011433e-03	-1.091077011604e-03
2.178385416667e+01	1.063270520496e-03	1.063270533750e-03	-1.081099963968e-03	-1.081099964178e-03
2.187500000000e+01	1.053737090419e-03	1.053737076063e-03	-1.071852115651e-03	-1.071852115899e-03
2.196614583333e+01	1.043901353592e-03	1.043901367551e-03	-1.060964644435e-03	-1.060964644717e-03
2.205729166667e+01	1.033493165830e-03	1.033493151175e-03	-1.050700517160e-03	-1.050700517465e-03
2.214843750000e+01	1.021193681579e-03	1.021193696154e-03	-1.037408872025e-03	-1.037408872313e-03
2.223958333333e+01	1.005475355532e-03	1.005475340479e-03	-1.022160091788e-03	-1.022160092005e-03
2.233072916667e+01	9.857789124942e-04	9.857789276474e-04	-1.001267647633e-03	-1.001267647753e-03
2.242187500000e+01	9.628071342596e-04	9.628071187380e-04	-9.780568228652e-04	-9.780568229095e-04
2.251302083333e+01	9.379941326589e-04	9.379941483734e-04	-9.520136354793e-04	-9.520136354900e-04
2.260416666667e+01	9.128418443245e-04	9.128418282855e-04	-9.270891931827e-04	-9.270891931843e-04
2.269531250000e+01	8.883387596478e-04	8.883387759330e-04	-9.015328490387e-04	-9.015328490388e-04
2.278645833333e+01	8.646738074023e-04	8.646737908103e-04	-8.778397834985e-04	-8.778397834984e-04
2.287760416667e+01	8.415880486247e-04	8.415880655016e-04	-8.536988705647e-04	-8.536988705647e-04
2.296875000000e+01	8.190338268281e-04	8.190338096556e-04	-8.314006973108e-04	-8.314006973108e-04
2.305989583333e+01	7.972328087079e-04	7.972328262033e-04	-8.086466281832e-04	-8.086466281831e-04
2.315104166667e+01	7.762057849068e-04	7.762057671151e-04	-7.876708386535e-04	-7.876708386534e-04
2.324218750000e+01	7.557151606114e-04	7.557151787618e-04	-7.662481560754e-04	-7.662481560753e-04
2.333333333333e+01	7.357232518545e-04	7.357232336506e-04	-7.465553070375e-04	-7.465553070375e-04
2.342447916667e+01	7.164386740947e-04	7.164386946011e-04	-7.264096132314e-04	-7.264096132316e-04
2.351562500000e+01	6.978730416429e-04	6.978730297231e-04	-7.079261636324e-04	-7.079261636323e-04
2.360677083333e+01	6.797897395565e-04	6.797897787624e-04	-6.890028590100e-04	-6.890028590099e-04
2.369791666667e+01	6.621533317224e-04	6.621533453762e-04	-6.716917385027e-04	-6.716917385026e-04
2.378906250000e+01	6.451692464714e-04	6.451692953546e-04	-6.539388224520e-04	-6.539388224520e-04
2.388020833333e+01	6.288476260030e-04	6.288475945247e-04	-6.377298492378e-04	-6.377298492379e-04
2.397135416667e+01	6.129596681164e-04	6.129596233438e-04	-6.210960641062e-04	-6.210960641062e-04
2.406250000000e+01	5.974785203155e-04	5.974784051070e-04	-6.059556203958e-04	-6.059556203959e-04
2.415364583333e+01	5.826077037652e-04	5.826076509993e-04	-5.903925424568e-04	-5.903925424568e-04
2.424479166667e+01	5.683508756837e-04	5.683508249998e-04	-5.762552396160e-04	-5.762552396161e-04
2.433593750000e+01	5.544797505679e-04	5.544797860879e-04	-5.617157696596e-04	-5.617157696596e-04
2.442708333333e+01	5.409737732102e-04	5.409737822546e-04	-5.485524764056e-04	-5.485524764056e-04
2.451822916667e+01	5.280379865273e-04	5.280380440569e-04	-5.349928324733e-04	-5.349928324734e-04
2.460937500000e+01	5.156712150969e-04	5.156712183936e-04	-5.227428354283e-04	-5.227428354282e-04
2.470052083333e+01	5.036430444574e-04	5.036430897590e-04	-5.101208058777e-04	-5.101208058777e-04
2.479166666667e+01	4.919372640581e-04	4.919372535336e-04	-4.987601128622e-04	-4.987601128623e-04
2.488281250000e+01	4.807632029880e-04	4.807632392654e-04	-4.870363376108e-04	-4.870363376108e-04
2.497395833333e+01	4.701218433845e-04	4.701218239476e-04	-4.765094016584e-04	-4.765094016585e-04
2.506510416667e+01	4.597856870449e-04	4.597857184203e-04	-4.656466403533e-04	-4.656466403533e-04
2.515625000000e+01	4.497410725498e-04	4.497410468999e-04	-4.559341183103e-04	-4.559341183103e-04
2.524739583333e+01	4.401958361578e-04	4.401958644284e-04	-4.458979971857e-04	-4.458979971856e-04
2.533854166667e+01	4.311474379894e-04	4.311474067781e-04	-4.369494260326e-04	-4.369494260326e-04
2.542968750000e+01	4.223675850204e-04	4.223676101347e-04	-4.277074852603e-04	-4.277074852604e-04
2.552083333333e+01	4.138461521195e-04	4.138461141385e-04	-4.195085379150e-04	-4.195085379150e-04
2.561197916667e+01	4.057956610460e-04	4.057956809885e-04	-4.110310458414e-04	-4.110310458415e-04
2.570312500000e+01	3.982174177041e-04	3.982173694441e-04	-4.035360695662e-04	-4.035360695661e-04
2.579427083333e+01	3.908844598949e-04	3.908844698614e-04	-3.957954092237e-04	-3.957954092236e-04
2.588541666667e+01	3.837842216998e-04	3.837841560848e-04	-3.889944267785e-04	-3.889944267785e-04
2.597656250000e+01	3.771246586577e-04	3.771246493536e-04	-3.819656896146e-04	-3.819656896147e-04
2.606770833333e+01	3.709057096227e-04	3.709056138250e-04	-3.758177794776e-04	-3.758177794777e-04
2.615885416667e+01	3.649052247346e-04	3.649051796160e-04	-3.694772003998e-04	-3.694772003997e-04
2.625000000000e+01	3.591191512979e-04	3.591190032750e-04	-3.639760572411e-04	-3.639760572410e-04
2.634114583333e+01	3.537579731189e-04	3.537578641827e-04	-3.583001274065e-04	-3.583001274065e-04
2.643229166667e+01	3.488132680493e-04	3.488130314447e-04	-3.534021907817e-04	-3.534021907817e-04
2.652343750000e+01	3.440494857794e-04	3.440492672339e-04	-3.483562528761e-04	-3.483562528761e-04
2.661458333333e+01	3.394502742684e-04	3.394498902450e-04	-3.440256853467e-04	-3.440256853468e-04
2.670572916667e+01	3.352049478756e-04	3.352045453037e-04	-3.395214010618e-04	-3.395214010618e-04
2.679687500000e+01	3.312527781157e-04	3.312521498886e-04	-3.355857959864e-04	-3.355857959864e-04
2.688802083333e+01	3.272549042776e-04	3.272541904867e-04	-3.313529009050e-04	-3.313529009050e-04
2.697916666667e+01	3.230344755969e-04	3.230334290005e-04	-3.273754425555e-04	-3.273754425555e-04
2.707031250000e+01	3.185569032883e-04	3.185556335439e-04	-3.226929858366e-04	-3.226929858366e-04
2.716145833333e+01	3.134608982579e-04	3.134590716425e-04	-3.175742036069e-04	-3.175742036069e-04
2.725260416667e+01	3.070305653401e-04	3.070281804642e-04	-3.109315415627e-04	-3.109315415627e-04
2.734375000000e+01	2.986788116206e-04	2.986753039286e-04	-3.027326807592e-04	-3.027326807591e-04
2.743489583333e+01	2.880094052458e-04	2.880044269207e-04	-2.918247810376e-04	-2.918247810377e-04
2.752604166667e+01	2.744567405383e-04	2.744490649877e-04	-2.780883404749e-04	-2.780883404749e-04
2.761718750000e+01	2.573832341241e-04	2.573713661715e-04	-2.607118268808e-04	-2.607118268807e-04
2.770833333333e+01	2.366789483990e-04	2.366595833813e-04	-2.399419679193e-04	-2.399419679193e-04
2.779947916667e+01	2.128682521373e-04	2.128364058028e-04	-2.157562965548e-04	-2.157562965548e-04
2.789062500000e+01	1.866767924758e-04	1.866233611929e-04	-1.891195403160e-04	-1.891195403160e-04
2.798177083333e+01	1.589410493415e-04	1.588523303968e-04	-1.609355138570e-04	-1.609355138570e-04
2.807291666667e+01	1.309531943872e-04	1.308088591353e-04	-1.326854355321e-04	-1.326854355321e-04
2.816406250000e+01	1.042939985330e-04	1.040698748811e-04	-1.056362003150e-04	-1.056362003150e-04
2.825520833333e+01	8.017342387113e-05	7.984586415148e-05	-8.107491519310e-05	-8.107491519309e-05
2.834635416667e+01	5.922886534515e-05	5.878827903387e-05	-5.984167639370e-05	-5.984167639370e-05
2.843750000000e+01	4.190876518865e-05	4.137860628211e-05	-4.241963246564e-05	-4.241963246565e-05
2.852864583333e+01	2.847571790816e-05	2.792675499844e-05	-2.883016168409e-05	-2.883016168409e-05
2.861979166667e+01	1.863078593535e-05	1.815678092622e-05	-1.876422563497e-05	-1.876422563497e-05
2.871093750000e+01	1.163096457397e-05	1.132537188375e-05	-1.168427395323e-05	-1.168427395323e-05
2.880208333333e+01	6.859249240917e-06	6.903081125186e-06	-6.953215296059e-06	-6.953215296059e-06
2.889322916667e+01	3.874790471346e-06	4.670357347512e-06	-3.952552392384e-06	-3.952552392384e-06
2.898437500000e+01	2.135633818524e-06	4.162618601374e-06	-2.143828311696e-06	-2.143828311696e-06
2.907552083333e+01	1.074586277195e-06	4.555728985126e-06	-1.109565499395e-06	-1.109565499395e-06
2.916666666667e+01	4.174637126875e-07	5.164239337211e-06	-5.473230803549e-07	-5.473230803550e-07
2.925781250000e+01	7.940011484699e-08	5.500446584917e-06	-2.574181736688e-07	-2.574181736688e-07
2.934895833333e+01	-3.070479877233e-08	4.981908577635e-06	-1.152791387912e-07	-1.152791387913e-07
2.944010416667e+01	-3.639099359497e-08	3.281586037502e-06	-4.919818478382e-08	-4.919818478385e-08
2.953125000000e+01	-1.786709704767e-08	9.714820566676e-07	-1.997837797043e-08	-1.997837797048e-08
2.962239583333e+01	-6.443895883470e-09	-9.392960271111e-07	-7.727805918951e-09	-7.727805918997e-09
2.971354166667e+01	-1.211832840473e-09	-2.076394567204e-06	-2.842312992708e-09	-2.842312992719e-09
2.980468750000e+01	-5.523754860273e-10	-2.758135205190e-06	-9.955659759330e-10	-9.955659759648e-10
2.989583333333e+01	2.363964207699e-10	-3.150258764393e-06	-3.314311415762e-10	-3.314311416365e-10
2.998697916667e+01	-2.687305157204e-10	-3.114602779135e-06	-1.050499395015e-10	-1.050499395390e-10
3.007812500000e+01	2.571147869964e-10	-2.705357100895e-06	-3.163078062411e-11	-3.163078066747e-11
3.016927083333e+01	-2.501448416928e-10	-2.225222854095e-06	-9.067147331644e-12	-9.067147403780e-12
3.026041666667e+01	2.431735386843e-10	-1.800532418162e-06	-2.468347410604e-12	-2.468347433838e-12
3.035156250000e+01	-2.365242024202e-10	-1.371523922034e-06	-6.396418087052e-13	-6.396418826644e-13
3.044270833333e+01	2.301576610675e-10	-9.450174871386e-07	-1.573516247018e-13	-1.573516932779e-13
3.053385416667e+01	-2.240552658953e-10	-6.183006665861e-07	-3.684755242720e-14	-3.684760864303e-14
3.062500000000e+01	2.181981685756e-10	-4.055127314733e-07	-8.189313246058e-15	-8.189316105383e-15
3.071614583333e+01	-2.125686411372e-10	-2.565091677860e-07	-1.732430637744e-15	-1.732477977762e-15
3.080729166667e+01	2.071502081739e-10	-1.418379122243e-07	-3.477337667072e-16	-3.477276198924e-16
3.089843750000e+01	-2.019276777957e-10	-6.866944825178e-08	-6.640111352970e-17	-6.643920423843e-17
3.098958333333e+01	1.968871125247e-10	-2.996899178280e-08	-1.200916429427e-17	-1.204138494883e-17
3.108072916667e+01	-1.920157613888e-10	-1.210199801633e-08	-2.046945822764e-18	-2.077501189605e-18
3.117187500000e+01	1.873019731734e-10	-2.454423375280e-09	-3.459578701291e-19	-3.398903382390e-19
3.126302083333e+01	-1.827351007140e-10	6.263309409465e-10	-2.322088548244e-20	-5.294184232411e-20
3.135416666667e+01	1.783054190400e-10	1.658228025151e-09	-2.437861511345e-20	-7.818437875359e-21
3.144531250000e+01	-1.740040297365e-10	8.024642087340e-10	6.832121757296e-21	-1.099299220155e-21
3.153645833333e+01	1.698227848171e-10	8.939809667715e-10	2.379957397207e-20	-1.465022561593e-22
3.162760416667e+01	-1.657542138280e-10	1.763577168319e-10	-3.144565696237e-20	-1.859125508153e-23
3.171875000000e+01	1.617914566692e-10	4.321016629455e-10	-2.447910435246e-20	-2.235833192670e-24
3.180989583333e+01	-1.579281993391e-10	-1.081900728827e-10	1.023586981916e-21	-2.560524256623e-25
3.190104166667e+01	1.541586285384e-10	2.514874662763e-10	-1.453971568015e-20	-2.778185504631e-26
3.199218750000e+01	-1.504773769777e-10	-1.802837175339e-10	-2.261583005365e-20	-2.870941321825e-27
3.208333333333e+01	1.468794795566e-10	2.024613566997e-10	2.299263813119e-22	-2.810407382732e-28
3.217447916667e+01	-1.433603440726e-10	-1.865586091589e-10	-4.640373367088e-20	-2.620449416765e-29
3.226562500000e+01	1.399157031899e-10	1.854875757483e-10	-9.500283107440e-22	-2.313869863359e-30
3.235677083333e+01	-1.365415980957e-10	-1.793324840269e-10	-4.966602016716e-20	-1.946441879537e-31
3.244791666667e+01	1.332343384971e-10	1.751085908508e-10	-2.037859319568e-20	-1.550386002672e-32
3.253906250000e+01	-1.299904896928e-10	-1.704403793712e-10	-3.366743704532e-20	-1.176565260548e-33
3.263020833333e+01	1.268068389354e-10	1.660842592203e-10	1.408235250284e-20	-8.452048670660e-35
3.272135416667e+01	-1.236803860546e-10	-1.617952979958e-10	-7.833787921895e-20	-5.785918581808e-36
3.281250000000e+01	1.206083214369e-10	1.576351820555e-10	-4.418291468909e-20	-3.748788846408e-37
3.290364583333e+01	-1.175880052263e-10	-1.535774680351e-10	-2.374962843509e-20	-2.314822160574e-38
3.299479166667e+01	1.146169634826e-10	1.496208318071e-10	-2.042090328198e-20	-1.352445463947e-39
3.308593750000e+01	-1.116928677585e-10	-1.457579609206e-10	-3.212236423550e-20	-7.532219542911e-41
3.317708333333e+01	1.088135215042e-10	1.419836507541e-10	-5.224961849212e-20	-3.968591065227e-42
3.326822916667e+01	-1.059768585895e-10	-1.382927211899e-10	-8.090680974978e-20	-1.993434279469e-43
3.335937500000e+01	1.031809248857e-10	1.346804647314e-10	-3.120437034289e-20	-9.469741668371e-45
3.345052083333e+01	-1.004238724543e-10	-1.311424978018e-10	-2.208185802935e-20	-4.289705256914e-46
3.354166666667e+01	9.770395259036e-11	1.276747552059e-10	7.174664798442e-21	-1.837446103287e-47
3.363281250000e+01	-9.501951038207e-11	-1.242734545488e-10	-5.883273887934e-20	-7.506052084383e-49
3.372395833333e+01	9.236896840284e-11	1.209350733270e-10	-6.696995719717e-20	-2.898371626610e-50
3.381510416667e+01	-8.975083691038e-11	-1.176563237532e-10	-1.081873680463e-19	-1.067614056426e-51
3.390625000000e+01	8.716369075787e-11	1.144341350494e-10	1.262650439693e-20	-3.716512679168e-53
3.399739583333e+01	-8.460617928400e-11	-1.112656287757e-10	-3.239970301906e-20	-1.234352934438e-54
3.408854166667e+01	8.207700864114e-11	1.081481125364e-10	-1.368698027725e-20	-3.872888527401e-56
3.417968750000e+01	-7.957495156098e-11	-1.050790524552e-10	-9.941197086782e-20	-1.159660271779e-57
3.427083333333e+01	7.709882613123e-11	1.020560693148e-10	-3.936496542855e-20	-3.279565561535e-59
3.436197916667e+01	-7.464751195445e-11	-9.907692202563e-11	-7.229617295167e-20	-8.852701089198e-61
3.445312500000e+01	7.221992703287e-11	9.613949646459e-11	-1.162795848903e-19	-2.255959349179e-62
3.454427083333e+01	-6.981504179088e-11	-9.324179708340e-11	-1.044212953918e-19	-5.488958557720e-64
3.463541666667e+01	6.743186218311e-11	9.038193709034e-11	-1.263678144678e-19	-1.260419429281e-65
3.472656250000e+01	-6.506943974157e-11	-8.755812779275e-11	-1.189618183813e-19	-1.155974886720e-66
3.481770833333e+01	6.272685592831e-11	8.476867725439e-11	-1.368143556411e-19	-4.957193382233e-68
3.490885416667e+01	-6.040323141803e-11	-8.201197460290e-11	-1.499343628526e-19	-1.051585705837e-69
