z_A	valence_CHGCAR_e_A3	dencor_e_A3	phi_hartree_eV	phi_local_eV	phi_sol_no_dipole_eV
0.000000000000e+00	1.284311851339e-07	-1.878270353153e-09	-3.254072290779e+02	3.256516609524e+02	2.444318745764e-01
9.114583333333e-02	2.977814649280e-07	1.953696758822e-09	-3.132182326423e+02	3.134660677415e+02	2.478350992057e-01
1.822916666667e-01	-1.294175749984e-07	-1.965775143158e-09	-3.008796124652e+02	3.011310297819e+02	2.514173167006e-01
2.734375000000e-01	-3.051831677246e-07	2.015101626141e-09	-2.883913680249e+02	2.886466418444e+02	2.552738194820e-01
3.645833333333e-01	1.334770711988e-07	-2.038009128237e-09	-2.757534991091e+02	2.760128076079e+02	2.593084987817e-01
4.557291666667e-01	3.215247783773e-07	2.105360728204e-09	-2.629660062543e+02	2.632296249787e+02	2.636187243739e-01
5.468750000000e-01	-1.230878900034e-07	-2.095462558119e-09	-2.500288896885e+02	2.502969944513e+02	2.681047627819e-01
6.380208333333e-01	-3.172181470424e-07	2.202963791399e-09	-2.369421488690e+02	2.372150171539e+02	2.728682849851e-01
7.291666666667e-01	1.417210367738e-07	-2.171872508588e-09	-2.237057835612e+02	2.239835903118e+02	2.778067506366e-01
8.203125000000e-01	3.519453590023e-07	2.281127142201e-09	-2.103197943272e+02	2.106028183652e+02	2.830240380216e-01
9.114583333333e-01	-1.104773855929e-07	-2.274380634575e-09	-1.967841814221e+02	1.970725951755e+02	2.884137533501e-01
1.002604166667e+00	-3.236823672360e-07	2.354507008415e-09	-1.830989442821e+02	1.833930286021e+02	2.940843200575e-01
1.093750000000e+00	1.593965125393e-07	-2.381209060768e-09	-1.692640826503e+02	1.695640090428e+02	2.999263925283e-01
1.184895833333e+00	3.965900685012e-07	2.441706274987e-09	-1.552795971192e+02	1.555856478782e+02	3.060507590406e-01
1.276041666667e+00	-8.187915440667e-08	-2.482930899085e-09	-1.411454879780e+02	1.414578319358e+02	3.123439577678e-01
1.367187500000e+00	-3.095903706057e-07	2.545285544180e-09	-1.268617546450e+02	1.271806762217e+02	3.189215767258e-01
1.458333333333e+00	2.102122818496e-07	-2.586998195708e-09	-1.124283968486e+02	1.127540638789e+02	3.256670302933e-01
1.549479166667e+00	4.879092469995e-07	2.652334540762e-09	-9.784541522985e+01	9.817811364212e+01	3.326984122680e-01
1.640625000000e+00	1.675108399470e-09	-2.708830725959e-09	-8.311281013136e+01	8.345270485109e+01	3.398947197388e-01
1.731770833333e+00	-2.271532323721e-07	2.755478121487e-09	-6.823058096739e+01	6.857796009389e+01	3.473791264986e-01
1.822916666667e+00	3.612389032985e-07	-2.845286207960e-09	-5.319872747364e+01	5.355375480756e+01	3.550273339200e-01
1.914062500000e+00	7.260577573215e-07	2.872919510767e-09	-3.801725038706e+01	3.838021555468e+01	3.629651676142e-01
2.005208333333e+00	2.836056303467e-07	-2.975646175829e-09	-2.268615017221e+01	2.305721376259e+01	3.710635903730e-01
2.096354166667e+00	1.162815702385e-07	3.018443503003e-09	-7.205426317811e+00	7.584880072274e+00	3.794537544622e-01
2.187500000000e+00	8.629093256031e-07	-3.104631899957e-09	8.424921336965e+00	-8.036918241484e+00	3.880030954811e-01
2.278645833333e+00	1.441209752632e-06	3.178004293730e-09	2.420489182338e+01	-2.380804634092e+01	3.968454824588e-01
2.369791666667e+00	1.218914460030e-06	-3.252042383047e-09	4.013448436337e+01	-3.972864122469e+01	4.058431386770e-01
2.460937500000e+00	1.367491938947e-06	3.339958589627e-09	5.621369912495e+01	-5.579856373640e+01	4.151353885513e-01
2.552083333333e+00	2.626210689435e-06	-3.424747845092e-09	7.244253578025e+01	-7.201795522253e+01	4.245805577157e-01
2.643229166667e+00	3.875116999645e-06	3.510027532458e-09	8.882099259662e+01	-8.838667209303e+01	4.343205035902e-01
2.734375000000e+00	4.465312213949e-06	-3.613529650102e-09	1.053490677917e+02	-1.049048601070e+02	4.442076847395e-01
2.825520833333e+00	5.760583896102e-06	3.704349150317e-09	1.220267602866e+02	-1.215723711882e+02	4.543890983387e-01
2.916666666667e+00	8.737211075552e-06	-3.813018053418e-09	1.388540679981e+02	-1.383893556648e+02	4.647123333505e-01
3.007812500000e+00	1.234293026839e-05	3.925169107211e-09	1.558309866041e+02	-1.553556609160e+02	4.753256880769e-01
3.098958333333e+00	1.600877401565e-05	-4.032523600046e-09	1.729575107716e+02	-1.724714418921e+02	4.860688794920e-01
3.190104166667e+00	2.147340332945e-05	4.170394064690e-09	1.902336347500e+02	-1.897365413787e+02	4.970933712601e-01
3.281250000000e+00	3.028001422648e-05	-4.280901792254e-09	2.076593501159e+02	-2.071511188643e+02	5.082312515663e-01
3.372395833333e+00	4.192900174163e-05	4.436994582781e-09	2.252346437149e+02	-2.247150125975e+02	5.196311174229e-01
3.463541666667e+00	5.657277438174e-05	-4.574780128866e-09	2.429594980351e+02	-2.424283865453e+02	5.311114897781e-01
3.554687500000e+00	7.711023076346e-05	4.724964243958e-09	2.608338906761e+02	-2.602910745632e+02	5.428161128752e-01
3.645833333333e+00	1.065783449762e-04	-4.912229141285e-09	2.788577903681e+02	-2.783032448993e+02	5.545454688202e-01
3.736979166667e+00	1.462663673454e-04	5.065488019087e-09	2.970311526766e+02	-2.964647272775e+02	5.664253991496e-01
3.828125000000e+00	1.989801501967e-04	-5.274787901490e-09	3.153539176115e+02	-3.147756938291e+02	5.782237823555e-01
3.919270833333e+00	2.717053849920e-04	5.486408661030e-09	3.338260050284e+02	-3.332359706884e+02	5.900343400161e-01
4.010416666667e+00	3.728120286420e-04	-5.676439205010e-09	3.524473045343e+02	-3.518457331825e+02	6.015713517640e-01
4.101562500000e+00	5.099570576982e-04	5.980711873824e-09	3.712176632103e+02	-3.706048047173e+02	6.128584929814e-01
4.192708333333e+00	6.943083263825e-04	-6.165990619893e-09	3.901368735264e+02	-3.895133626585e+02	6.235108678740e-01
4.283854166667e+00	9.449263140581e-04	6.537742614969e-09	4.092046559446e+02	-4.085712293187e+02	6.334266259198e-01
4.375000000000e+00	1.287214597840e-03	-6.783062135783e-09	4.284206305214e+02	-4.277785821460e+02	6.420483754753e-01
4.466145833333e+00	1.751854837476e-03	7.192424961250e-09	4.477842789029e+02	-4.471352447296e+02	6.490341732923e-01
4.557291666667e+00	2.381196234219e-03	-7.527448261670e-09	4.672948973606e+02	-4.666413913262e+02	6.535060343184e-01
4.648437500000e+00	3.237378372891e-03	8.059053265822e-09	4.869515320472e+02	-4.862968511606e+02	6.546808866070e-01
4.739583333333e+00	4.406163767952e-03	-8.317091752357e-09	5.067528851774e+02	-5.061017895613e+02	6.510956160718e-01
4.830729166667e+00	6.003985368444e-03	9.462399788580e-09	5.266971852697e+02	-5.260560490542e+02	6.411362155248e-01
4.921875000000e+00	8.195460517497e-03	-8.705553128550e-09	5.467820098690e+02	-5.461597755441e+02	6.222343249320e-01
5.013020833333e+00	1.121348539904e-02	1.264774741599e-08	5.670040354845e+02	-5.664128393995e+02	5.911960849936e-01
5.104166666667e+00	1.537545317581e-02	-6.323938533740e-09	5.873586855721e+02	-5.868153463780e+02	5.433391941261e-01
5.195312500000e+00	2.110868302601e-02	2.340149714466e-08	6.078396503064e+02	-6.073672250342e+02	4.724252721479e-01
5.286458333333e+00	2.899811028683e-02	1.120096347316e-08	6.284382381567e+02	-6.280684948609e+02	3.697432957996e-01
5.377604166667e+00	3.984392217615e-02	7.095051461623e-08	6.491424891550e+02	-6.489192160866e+02	2.232730684298e-01
5.468750000000e+00	5.470936551179e-02	1.117009974913e-07	6.699359660841e+02	-6.699191972678e+02	1.676881630416e-02
5.559895833333e+00	7.496327476019e-02	3.272797942996e-07	6.907961508835e+02	-6.910688612365e+02	-2.727103530103e-01
5.651041666667e+00	1.023332944347e-01	7.715448955403e-07	7.116923802361e+02	-7.123673200840e+02	-6.749398478824e-01
5.742187500000e+00	1.389564942613e-01	2.322298327390e-06	7.325832416209e+02	-7.338165706413e+02	-1.233329020413e+00
5.833333333333e+00	1.873645096663e-01	7.706503633245e-06	7.534133619093e+02	-7.554005160400e+02	-1.987154130775e+00
5.924479166667e+00	2.502767479976e-01	3.010757029557e-05	7.741096261441e+02	-7.771057807181e+02	-2.996154573996e+00
6.015625000000e+00	3.300461338889e-01	1.288391484876e-04	7.945771592126e+02	-7.990328957803e+02	-4.455736567710e+00
6.106770833333e+00	4.277423800652e-01	5.091219074864e-04	8.146959037015e+02	-8.212387627762e+02	-6.542859074650e+00
6.197916666667e+00	5.419911208616e-01	1.585442996641e-03	8.343191609161e+02	-8.436200569832e+02	-9.300896067122e+00
6.289062500000e+00	6.680686606334e-01	3.887020213372e-03	8.532757746139e+02	-8.658018309265e+02	-1.252605631266e+01
6.380208333333e+00	7.979556957322e-01	7.786973774037e-03	8.713772293124e+02	-8.871297478916e+02	-1.575251857925e+01
6.471354166667e+00	9.217025946517e-01	1.313928008558e-02	8.884295268294e+02	-9.069232974280e+02	-1.849377059861e+01
6.562500000000e+00	1.029235707404e+00	1.910138965406e-02	9.042479123348e+02	-9.247656118007e+02	-2.051769946586e+01
6.653645833333e+00	1.111780058760e+00	2.434956180067e-02	9.186718367257e+02	-9.405429024589e+02	-2.187106573323e+01
6.744791666667e+00	1.162539779548e+00	2.760745509538e-02	9.315780653174e+02	-9.543056822451e+02	-2.272761692773e+01
6.835937500000e+00	1.176971019500e+00	2.820287103519e-02	9.428908641164e+02	-9.660201865099e+02	-2.312932239349e+01
6.927083333333e+00	1.153250551230e+00	2.633074781685e-02	9.525887727108e+02	-9.754897565835e+02	-2.290098387271e+01
7.018229166667e+00	1.093041318512e+00	2.287281783952e-02	9.607072447841e+02	-9.824825217340e+02	-2.177527694983e+01
7.109375000000e+00	1.001949471478e+00	1.891342465632e-02	9.673360857373e+02	-9.869831907766e+02	-1.964710503935e+01
7.200520833333e+00	8.889344845103e-01	1.525366276824e-02	9.726110981069e+02	-9.893494977638e+02	-1.673839965688e+01
7.291666666667e+00	7.645780309698e-01	1.220471228607e-02	9.767008352033e+02	-9.902460382316e+02	-1.354520302834e+01
7.382812500000e+00	6.389518137818e-01	9.708237722418e-03	9.797909673388e+02	-9.903226114498e+02	-1.053164411094e+01
7.473958333333e+00	5.200303799536e-01	7.582119933253e-03	9.820693437276e+02	-9.900298697806e+02	-7.960526052933e+00
7.565104166667e+00	4.131628938438e-01	5.716412327711e-03	9.837140686416e+02	-9.896008197639e+02	-5.886751122291e+00
7.656250000000e+00	3.213510439644e-01	4.111318028729e-03	9.848854210093e+02	-9.890869388646e+02	-4.201517855287e+00
7.747395833333e+00	2.457381224888e-01	2.799076108331e-03	9.857212786726e+02	-9.885637711795e+02	-2.842492506909e+00
7.838541666667e+00	1.859732972629e-01	1.789450636916e-03	9.863353543989e+02	-9.881304065732e+02	-1.795052174242e+00
7.929687500000e+00	1.404965518435e-01	1.062056410874e-03	9.868176896532e+02	-9.878470199801e+02	-1.029330326839e+00
8.020833333333e+00	1.069863451345e-01	5.761123242948e-04	9.872369435025e+02	-9.877323012816e+02	-4.953577790706e-01
8.111979166667e+00	8.296603428662e-02	2.831400251390e-04	9.876438049227e+02	-9.877755211874e+02	-1.317162646409e-01
8.203125000000e+00	6.633562054813e-02	1.286905052709e-04	9.880746476729e+02	-9.879593719663e+02	1.152757065260e-01
8.294270833333e+00	5.559021589058e-02	5.685442633137e-05	9.885546591657e+02	-9.882891890842e+02	2.654700815332e-01
8.385416666667e+00	4.966633993263e-02	2.550159665491e-05	9.891001243536e+02	-9.887523687796e+02	3.477555740398e-01
8.476562500000e+00	4.773504066913e-02	1.305706308099e-05	9.897200525839e+02	-9.893438777532e+02	3.761748306719e-01
8.567708333333e+00	4.918274621233e-02	1.442653616624e-05	9.904174235942e+02	-9.900632579789e+02	3.541656153412e-01
8.658854166667e+00	5.357107363163e-02	3.860802362888e-05	9.911901157986e+02	-9.908929811418e+02	2.971346567998e-01
8.750000000000e+00	6.061006912216e-02	9.937289667389e-05	9.920315691165e+02	-9.918010349885e+02	2.305341280446e-01
8.841145833333e+00	7.024971252397e-02	1.980778473875e-04	9.929312098723e+02	-9.927696194985e+02	1.615903738460e-01
8.932291666667e+00	8.287764584321e-02	3.151377104469e-04	9.938744983725e+02	-9.937948778958e+02	7.962047672287e-02
9.023437500000e+00	9.929860988465e-02	4.152962336707e-04	9.948423481048e+02	-9.948805164811e+02	-3.816837635402e-02
9.114583333333e+00	1.203733682196e-01	4.648587027644e-04	9.958099621710e+02	-9.960245019783e+02	-2.145398072862e-01
9.205729166667e+00	1.464371989050e-01	4.493363032135e-04	9.967456135888e+02	-9.971830749016e+02	-4.374613128146e-01
9.296875000000e+00	1.768020507439e-01	3.808808206339e-04	9.976102080135e+02	-9.983008386686e+02	-6.906306551736e-01
9.388020833333e+00	2.098039072155e-01	2.905509185820e-04	9.983583097286e+02	-9.993160631979e+02	-9.577534693176e-01
9.479166666667e+00	2.432109583502e-01	2.117502093264e-04	9.989405907726e+02	-1.000178327400e+03	-1.237736627388e+00
9.570312500000e+00	2.747283330282e-01	1.639025502690e-04	9.993071205839e+02	-1.000843475527e+03	-1.536354943198e+00
9.661458333333e+00	3.023116837185e-01	1.468468298183e-04	9.994107757951e+02	-1.001244026938e+03	-1.833251142575e+00
9.752604166667e+00	3.242147582099e-01	1.466342881720e-04	9.992103101662e+02	-1.001298387570e+03	-2.088077404212e+00
9.843750000000e+00	3.390820818502e-01	1.489569155399e-04	9.986729690278e+02	-1.000930811233e+03	-2.257842205335e+00
9.934895833333e+00	3.462371597385e-01	1.469536452884e-04	9.977764895252e+02	-1.000096032486e+03	-2.319542960392e+00
1.002604166667e+01	3.459629674527e-01	1.382638564829e-04	9.965100797528e+02	-9.987953046710e+02	-2.285224918172e+00
1.011718750000e+01	3.394791024004e-01	1.232529063280e-04	9.948739977415e+02	-9.970723119749e+02	-2.198314233419e+00
1.020833333333e+01	3.287128644703e-01	1.060641365594e-04	9.928777464292e+02	-9.949601576709e+02	-2.082411241654e+00
1.029947916667e+01	3.158871486077e-01	9.324655460354e-05	9.905372290045e+02	-9.924557111253e+02	-1.918482120735e+00
1.039062500000e+01	3.031142927554e-01	8.964348178818e-05	9.878714611291e+02	-9.895730989322e+02	-1.701637803033e+00
1.048177083333e+01	2.922183577274e-01	9.471364005393e-05	9.848994125258e+02	-9.863566693974e+02	-1.457256871593e+00
1.057291666667e+01	2.843165671939e-01	1.028195321785e-04	9.816373194679e+02	-9.828837936543e+02	-1.246474186360e+00
1.066406250000e+01	2.793482659234e-01	1.073292752068e-04	9.780970676270e+02	-9.792231409313e+02	-1.126073304253e+00
1.075520833333e+01	2.759737936432e-01	1.055044169861e-04	9.742862957728e+02	-9.753690355714e+02	-1.082739798665e+00
1.084635416667e+01	2.720394857357e-01	9.952136811646e-05	9.702103558756e+02	-9.712711475566e+02	-1.060791681002e+00
1.093750000000e+01	2.658673343018e-01	9.351646203956e-05	9.658753794595e+02	-9.668786837852e+02	-1.003304325723e+00
1.102864583333e+01	2.572467575987e-01	8.972945627432e-05	9.612906699278e+02	-9.621929106829e+02	-9.022407550966e-01
1.111979166667e+01	2.472671477540e-01	8.756587201570e-05	9.564690428586e+02	-9.572579928057e+02	-7.889499471102e-01
1.121093750000e+01	2.372743635236e-01	8.509838605472e-05	9.514253239896e+02	-9.521175107830e+02	-6.921867934316e-01
1.130208333333e+01	2.278254216672e-01	8.113901065252e-05	9.461744660454e+02	-9.467927526950e+02	-6.182866496421e-01
1.139322916667e+01	2.187038565863e-01	7.571005104614e-05	9.407307064691e+02	-9.412839315606e+02	-5.532250914814e-01
1.148437500000e+01	2.097418044183e-01	6.952691020552e-05	9.351077832193e+02	-9.355806813570e+02	-4.728981377149e-01
1.157552083333e+01	2.014438071398e-01	6.255962163465e-05	9.293191036634e+02	-9.296800844521e+02	-3.609807886946e-01
1.166666666667e+01	1.948281455128e-01	5.380951235949e-05	9.233770120438e+02	-9.236309997070e+02	-2.539876631504e-01
1.175781250000e+01	1.910567464477e-01	4.315672235328e-05	9.172913065997e+02	-9.174733161673e+02	-1.820095675115e-01
1.184895833333e+01	1.912729860116e-01	3.303368485418e-05	9.110675151300e+02	-9.112558090149e+02	-1.882938848347e-01
1.194010416667e+01	1.966608527383e-01	2.870977999719e-05	9.047051603304e+02	-9.049935450510e+02	-2.883847206292e-01
1.203125000000e+01	2.078564988404e-01	3.633740061905e-05	8.981960552254e+02	-8.986253668320e+02	-4.293116066083e-01
1.212239583333e+01	2.239110295820e-01	5.765718565691e-05	8.915234868494e+02	-8.920936030640e+02	-5.701162145644e-01
1.221354166667e+01	2.420596410871e-01	8.744747759725e-05	8.846636733739e+02	-8.853659466583e+02	-7.022732843877e-01
1.230468750000e+01	2.585820387874e-01	1.157941736542e-04	8.775898060651e+02	-8.783949002822e+02	-8.050942171089e-01
1.239583333333e+01	2.699700928257e-01	1.329147724401e-04	8.702774930416e+02	-8.711320614903e+02	-8.545684487082e-01
1.248697916667e+01	2.739685126410e-01	1.333685919869e-04	8.627099028609e+02	-8.635473708993e+02	-8.374680383334e-01
1.257812500000e+01	2.703618139383e-01	1.183729253826e-04	8.548810528305e+02	-8.556416200117e+02	-7.605671811709e-01
1.266927083333e+01	2.611684267327e-01	9.512724394701e-05	8.467961089339e+02	-8.474334439376e+02	-6.373350037538e-01
1.276041666667e+01	2.500588446287e-01	7.336653939499e-05	8.384684209847e+02	-8.389473696533e+02	-4.789486686116e-01
1.285156250000e+01	2.408599612008e-01	6.048460845854e-05	8.299142005859e+02	-8.302437690706e+02	-3.295684847075e-01
1.294270833333e+01	2.360200393485e-01	5.904377371962e-05	8.211469632886e+02	-8.213797236605e+02	-2.327603718986e-01
1.303385416667e+01	2.357633637357e-01	6.685290365420e-05	8.121739602106e+02	-8.123779262191e+02	-2.039660085531e-01
1.312500000000e+01	2.385143068818e-01	7.857540230688e-05	8.029957826083e+02	-8.032230516408e+02	-2.272690324197e-01
1.321614583333e+01	2.421321972035e-01	8.840941238849e-05	7.936085723291e+02	-7.938666267420e+02	-2.580544128982e-01
1.330729166667e+01	2.451827376267e-01	9.166321348918e-05	7.840070728031e+02	-7.842662545588e+02	-2.591817556410e-01
1.339843750000e+01	2.474479989868e-01	8.616599259419e-05	7.741867256928e+02	-7.744496014117e+02	-2.628757188164e-01
1.348958333333e+01	2.498790470141e-01	7.479736118856e-05	7.641440017680e+02	-7.644418525942e+02	-2.978508262061e-01
1.358072916667e+01	2.538789923278e-01	6.514952868288e-05	7.538750627769e+02	-7.542294911165e+02	-3.544283396275e-01
1.367187500000e+01	2.601501059185e-01	6.534946384139e-05	7.433738026306e+02	-7.437720073147e+02	-3.982046840961e-01
1.376302083333e+01	2.680120139321e-01	7.851894997533e-05	7.326308828539e+02	-7.330425983202e+02	-4.117154662649e-01
1.385416666667e+01	2.758351293484e-01	1.001832691749e-04	7.216346952719e+02	-7.220253404602e+02	-3.906451882967e-01
1.394531250000e+01	2.819312239223e-01	1.201677361995e-04	7.103736940872e+02	-7.107419394943e+02	-3.682454071816e-01
1.403645833333e+01	2.850185183069e-01	1.286983280494e-04	6.988388747130e+02	-6.992117010413e+02	-3.728263283563e-01
1.412760416667e+01	2.841890170127e-01	1.226260792580e-04	6.870257109197e+02	-6.874188599653e+02	-3.931490456517e-01
1.421875000000e+01	2.791102655182e-01	1.067239535972e-04	6.749354956502e+02	-6.753068579016e+02	-3.713622513456e-01
1.430989583333e+01	2.705543687153e-01	8.908207283666e-05	6.625757674466e+02	-6.628281775380e+02	-2.524100914104e-01
1.440104166667e+01	2.605318956757e-01	7.550638349291e-05	6.499591347157e+02	-6.500077942957e+02	-4.865958001425e-02
1.449218750000e+01	2.519448557905e-01	6.694465224443e-05	6.371002931842e+02	-6.369323931183e+02	1.679000658608e-01
1.458333333333e+01	2.475002825779e-01	6.159499066925e-05	6.240118033531e+02	-6.237053580504e+02	3.064453026950e-01
1.467447916667e+01	2.484631465695e-01	5.890535558291e-05	6.107001869908e+02	-6.103815271732e+02	3.186598175284e-01
1.476562500000e+01	2.544431215647e-01	6.114396577763e-05	5.971640515138e+02	-5.969187715597e+02	2.452799541203e-01
1.485677083333e+01	2.642360111424e-01	7.072291819838e-05	5.833945656263e+02	-5.832490597572e+02	1.455058691497e-01
1.494791666667e+01	2.768278694618e-01	8.682764352106e-05	5.693771347920e+02	-5.693363895555e+02	4.074523651821e-02
1.503906250000e+01	2.913257296774e-01	1.052123009851e-04	5.550929324437e+02	-5.551539551816e+02	-6.102273793936e-02
1.513020833333e+01	3.058160059700e-01	1.206208392856e-04	5.405204014939e+02	-5.406793524771e+02	-1.589509831952e-01
1.522135416667e+01	3.170282634924e-01	1.296965578865e-04	5.256381768388e+02	-5.258822591174e+02	-2.440822785772e-01
1.531250000000e+01	3.215137532524e-01	1.329869116345e-04	5.104298477344e+02	-5.106967413950e+02	-2.668936606648e-01
1.540364583333e+01	3.173584464954e-01	1.329793847135e-04	4.948889153608e+02	-4.950554716499e+02	-1.665562891040e-01
1.549479166667e+01	3.048629631458e-01	1.306731306294e-04	4.790215836560e+02	-4.789592054848e+02	6.237817119504e-02
1.558593750000e+01	2.858363492110e-01	1.244718287369e-04	4.628464007614e+02	-4.624583678697e+02	3.880328916825e-01
1.567708333333e+01	2.623003398643e-01	1.118103612187e-04	4.463917118008e+02	-4.456364614979e+02	7.552503028886e-01
1.576822916667e+01	2.358875732248e-01	9.226428716569e-05	4.296926961972e+02	-4.285814018571e+02	1.111294340145e+00
1.585937500000e+01	2.081060234363e-01	6.952848333132e-05	4.127888720582e+02	-4.113317350927e+02	1.457136965522e+00
1.595052083333e+01	1.805235717587e-01	4.947197250532e-05	3.957218049734e+02	-3.939129554941e+02	1.808849479250e+00
1.604166666667e+01	1.545861881718e-01	3.633742601968e-05	3.785327760052e+02	-3.763671448370e+02	2.165631168171e+00
1.613281250000e+01	1.313485733111e-01	3.041139090875e-05	3.612606435590e+02	-3.587587399006e+02	2.501903658405e+00
1.622395833333e+01	1.113833901674e-01	2.891272593923e-05	3.439402693174e+02	-3.411506121808e+02	2.789657136657e+00
1.631510416667e+01	9.484740770081e-02	2.811525937689e-05	3.266016462810e+02	-3.235743285874e+02	3.027317693573e+00
1.640625000000e+01	8.143260611673e-02	2.502346144876e-05	3.092696715577e+02	-3.060621608100e+02	3.207510747700e+00
1.649739583333e+01	7.049901053606e-02	1.899991835219e-05	2.919645960767e+02	-2.886361897529e+02	3.328406323869e+00
1.658854166667e+01	6.163842840489e-02	1.189537206527e-05	2.747029086787e+02	-2.712961396023e+02	3.406769076402e+00
1.667968750000e+01	5.490198997052e-02	6.526330305319e-06	2.574979205558e+02	-2.540485302883e+02	3.449390267509e+00
1.677083333333e+01	5.049187868793e-02	5.258483928646e-06	2.403597301440e+02	-2.368948593504e+02	3.464870793525e+00
1.686197916667e+01	4.832347854934e-02	8.666710427374e-06	2.232949760126e+02	-2.198319493188e+02	3.463026693831e+00
1.695312500000e+01	4.779054981463e-02	1.521059658484e-05	2.063069949382e+02	-2.028568364134e+02	3.450158524806e+00
1.704427083333e+01	4.791979060711e-02	2.209962339646e-05	1.893967125949e+02	-1.859661819790e+02	3.430530615933e+00
1.713541666667e+01	4.771763706536e-02	2.658008728673e-05	1.725640601313e+02	-1.691491515301e+02	3.414908601263e+00
1.722656250000e+01	4.635790061402e-02	2.681809787272e-05	1.558094456247e+02	-1.524063065635e+02	3.403139061106e+00
1.731770833333e+01	4.330680272385e-02	2.271830185765e-05	1.391349812293e+02	-1.357426309087e+02	3.392350320627e+00
1.740885416667e+01	3.849361730387e-02	1.592407840964e-05	1.225452630227e+02	-1.191553088350e+02	3.389954187699e+00
1.750000000000e+01	3.238000831552e-02	8.930203392114e-06	1.060474676381e+02	-1.026444480536e+02	3.403019584473e+00
1.759114583333e+01	2.579485791467e-02	3.746952219493e-06	8.965067937784e+01	-8.621766364884e+01	3.433015729007e+00
1.768229166667e+01	1.959312422947e-02	1.042875727376e-06	7.336468838161e+01	-6.989365717630e+01	3.471031205305e+00
1.777343750000e+01	1.434862794562e-02	1.632449160264e-07	5.719874503036e+01	-5.369719097290e+01	3.501554057457e+00
1.786458333333e+01	1.024767427960e-02	1.964717794281e-08	4.116071075850e+01	-3.764832576237e+01	3.512384996129e+00
1.795572916667e+01	7.204249788597e-03	7.982168502024e-10	2.525676254255e+01	-2.175124972879e+01	3.505512813755e+00
1.804687500000e+01	5.031679063041e-03	1.400954338905e-09	9.491499031125e+00	-5.999979523538e+00	3.491519507587e+00
1.813802083333e+01	3.508221647247e-03	-1.061586849950e-09	-6.131785395656e+00	9.602555076296e+00	3.470769680641e+00
1.822916666667e+01	2.445903903093e-03	1.041534627220e-09	-2.161077703820e+01	2.505550781234e+01	3.444730774141e+00
1.832031250000e+01	1.704930423174e-03	-9.818680662628e-10	-3.694386142196e+01	4.035907465551e+01	3.415213233554e+00
1.841145833333e+01	1.188139413392e-03	9.504669553517e-10	-5.212991257955e+01	5.551325387173e+01	3.383341292183e+00
1.850260416667e+01	8.300952776559e-04	-9.054427033262e-10	-6.716814550904e+01	7.051801373660e+01	3.349868227559e+00
1.859375000000e+01	5.836996516826e-04	8.948962497869e-10	-8.205801612723e+01	8.537340363817e+01	3.315387510942e+00
1.868489583333e+01	4.130778778724e-04	-8.385677339092e-10	-9.679914952301e+01	1.000793645557e+02	3.280215032709e+00
1.877604166667e+01	2.932678262693e-04	8.506264938333e-10	-1.113912860894e+02	1.146359611697e+02	3.244675080276e+00
1.886718750000e+01	2.090171423672e-04	-7.901766867517e-10	-1.258342438381e+02	1.290431252686e+02	3.208881430506e+00
1.895833333333e+01	1.500165627811e-04	8.000259582968e-10	-1.401278948507e+02	1.433009273177e+02	3.173032466948e+00
1.904947916667e+01	1.079379332967e-04	-7.595240561149e-10	-1.542721493747e+02	1.574092954536e+02	3.137146078894e+00
1.914062500000e+01	7.731878263017e-05	7.478614789874e-10	-1.682669434712e+02	1.713683023719e+02	3.101358900705e+00
1.923177083333e+01	5.560519698495e-05	-7.304309940259e-10	-1.821122308088e+02	1.851778749379e+02	3.065644129071e+00
1.932291666667e+01	4.062442755485e-05	7.097133484993e-10	-1.958079784838e+02	1.988380864002e+02	3.030107916434e+00
1.941406250000e+01	2.961605205287e-05	-6.867038111517e-10	-2.093541636117e+02	2.123488635702e+02	2.994699958502e+00
1.950520833333e+01	2.103187403201e-05	6.926777910065e-10	-2.227507694479e+02	2.257102793748e+02	2.959509926821e+00
1.959635416667e+01	1.498988122255e-05	-6.316296064940e-10	-2.359977831184e+02	2.389222613097e+02	2.924478191236e+00
1.968750000000e+01	1.121362492116e-05	6.803576471231e-10	-2.490951955128e+02	2.519848813947e+02	2.889685881903e+00
1.977864583333e+01	8.352438368620e-06	-5.861738994758e-10	-2.620430007682e+02	2.648980681922e+02	2.855067423986e+00
1.986979166667e+01	5.760787796062e-06	6.547208954584e-10	-2.748411944995e+02	2.776618924890e+02	2.820697989548e+00
1.996093750000e+01	4.030359315712e-06	-5.569449437923e-10	-2.874897728985e+02	2.902762841902e+02	2.786511291764e+00
2.005208333333e+01	3.256338385946e-06	6.204003860097e-10	-2.999887333811e+02	3.027413126121e+02	2.752579231000e+00
2.014322916667e+01	2.524861301314e-06	-5.321632458221e-10	-3.123380746543e+02	3.150569092234e+02	2.718834569124e+00
2.023437500000e+01	1.527179607236e-06	5.876520137257e-10	-3.245377955773e+02	3.272231417217e+02	2.685346144404e+00
2.032552083333e+01	9.765580422299e-07	-5.074672389340e-10	-3.365878947523e+02	3.392399432820e+02	2.652048529682e+00
2.041666666667e+01	1.027182204244e-06	5.551043079288e-10	-3.484883713750e+02	3.511073798647e+02	2.619008489739e+00
2.050781250000e+01	8.897469319307e-07	-4.842544886609e-10	-3.602392254086e+02	3.628253864056e+02	2.586160997013e+00
2.059895833333e+01	3.548496952540e-07	5.247081463192e-10	-3.718404566183e+02	3.743940270460e+02	2.553570427737e+00
2.069010416667e+01	1.359993609061e-07	-4.576742005894e-10	-3.832920643013e+02	3.858132385616e+02	2.521174260344e+00
2.078125000000e+01	3.901743061631e-07	4.997361263439e-10	-3.945940481515e+02	3.970830832301e+02	2.489035078583e+00
2.087239583333e+01	4.025601701273e-07	-4.288695572234e-10	-4.057464084486e+02	4.082034997191e+02	2.457091270479e+00
2.096354166667e+01	1.533225102431e-08	4.745573104361e-10	-4.167491451898e+02	4.191745484198e+02	2.425403230031e+00
2.105468750000e+01	-9.146451892292e-08	-4.048156725792e-10	-4.276022578894e+02	4.299961699090e+02	2.393912019578e+00
2.114583333333e+01	2.121105786315e-07	4.433544212018e-10	-4.383057464058e+02	4.406684226511e+02	2.362676245295e+00
2.123697916667e+01	2.551332476691e-07	-3.876217289503e-10	-4.488596110992e+02	4.511912491498e+02	2.331638050551e+00
2.132812500000e+01	-8.295497046877e-08	4.111040173852e-10	-4.592638520178e+02	4.615647059289e+02	2.300853911092e+00
2.141927083333e+01	-1.497908957835e-07	-3.591151264429e-10	-4.695184687460e+02	4.717887374183e+02	2.270268672349e+00
2.151041666667e+01	1.599268105606e-07	4.103894252659e-10	-4.796234611985e+02	4.818633982149e+02	2.239937016346e+00
2.160156250000e+01	2.055539451957e-07	-2.927228304052e-10	-4.895788297493e+02	4.917886346961e+02	2.209804946851e+00
2.169270833333e+01	-1.087726361157e-07	4.257444120159e-10	-4.993845744537e+02	5.015644995248e+02	2.179925071089e+00
2.178385416667e+01	-1.567593251319e-07	-2.517956667341e-10	-5.090406949283e+02	5.111909410056e+02	2.150246077338e+00
2.187500000000e+01	1.461496007646e-07	3.863644709469e-10	-5.185471911131e+02	5.206680098705e+02	2.120818757443e+00
2.196614583333e+01	1.849917392766e-07	-2.640118611135e-10	-5.279040633755e+02	5.299956563489e+02	2.091592973421e+00
2.205729166667e+01	-1.154684641296e-07	3.271118910822e-10	-5.371113117636e+02	5.391739292433e+02	2.062617479671e+00
2.214843750000e+01	-1.511983080984e-07	-2.567422640451e-10	-5.461689359116e+02	5.482027807118e+02	2.033844800207e+00
2.223958333333e+01	1.439251226166e-07	3.144375153692e-10	-5.550769357753e+02	5.570822576383e+02	2.005321863005e+00
2.233072916667e+01	1.750914766215e-07	-1.969675374253e-10	-5.638353117133e+02	5.658123140857e+02	1.977002372392e+00
2.242187500000e+01	-1.161328631824e-07	3.372532387148e-10	-5.724440637646e+02	5.743929950424e+02	1.948931277889e+00
2.251302083333e+01	-1.436191623706e-07	-1.416091428218e-10	-5.809031915745e+02	5.828242564706e+02	1.921064896118e+00
2.260416666667e+01	1.439991953330e-07	3.132393300513e-10	-5.892126951093e+02	5.911061414705e+02	1.893446361119e+00
2.269531250000e+01	1.684157938281e-07	-1.540282358773e-10	-5.973725747187e+02	5.992386078930e+02	1.866033174278e+00
2.278645833333e+01	-1.154366482772e-07	2.382837937250e-10	-6.053828304333e+02	6.072216969423e+02	1.838866509006e+00
2.287760416667e+01	-1.364664604145e-07	-1.741760620803e-10	-6.132434619075e+02	6.150553683427e+02	1.811906435148e+00
2.296875000000e+01	1.445728777431e-07	1.940236481642e-10	-6.209544691155e+02	6.227396614353e+02	1.785192319789e+00
2.305989583333e+01	1.630142031926e-07	-1.537850278986e-10	-6.285158523990e+02	6.302745378049e+02	1.758685405877e+00
2.315104166667e+01	-1.151598461000e-07	1.807117896963e-10	-6.359276117812e+02	6.376600349444e+02	1.732423163158e+00
2.324218750000e+01	-1.310105199285e-07	-1.166624748795e-10	-6.431897469234e+02	6.448961162824e+02	1.706369358970e+00
2.333333333333e+01	1.448306400835e-07	1.736536400022e-10	-6.503022578061e+02	6.519828174637e+02	1.680559657557e+00
2.342447916667e+01	1.585212011169e-07	-8.096199560487e-11	-6.572651447648e+02	6.589201037571e+02	1.654958992333e+00
2.351562500000e+01	-1.152483610295e-07	1.595326842359e-10	-6.640784078167e+02	6.657080089851e+02	1.629601168315e+00
2.360677083333e+01	-1.272297845351e-07	-5.533199293206e-11	-6.707420466284e+02	6.723465002424e+02	1.604453614003e+00
2.369791666667e+01	1.443248237051e-07	1.383693451563e-10	-6.772560611851e+02	6.788356095374e+02	1.579548352249e+00
2.378906250000e+01	1.543139403633e-07	-2.981849975696e-11	-6.836204518172e+02	6.851753057668e+02	1.554853949665e+00
2.388020833333e+01	-1.158413572359e-07	1.248253906503e-10	-6.898352185372e+02	6.913656191303e+02	1.530400593076e+00
2.397135416667e+01	-1.247037940516e-07	7.425393422837e-12	-6.959003610160e+02	6.974065203192e+02	1.506159303227e+00
2.406250000000e+01	1.435184348568e-07	1.214810736922e-10	-7.018158792426e+02	7.032980377398e+02	1.482158497155e+00
2.415364583333e+01	1.505708455117e-07	4.663781116612e-11	-7.075817735435e+02	7.090401438839e+02	1.458370340370e+00
2.424479166667e+01	-1.169379934670e-07	1.094863743600e-10	-7.131980439275e+02	7.146328653774e+02	1.434821449890e+00
2.433593750000e+01	-1.234721632336e-07	7.005202746407e-11	-7.186646900686e+02	7.200761764771e+02	1.411486408482e+00
2.442708333333e+01	1.423727663225e-07	8.092885157172e-11	-7.239817119588e+02	7.253701020410e+02	1.388390082260e+00
2.451822916667e+01	1.473890062249e-07	8.021411541796e-11	-7.291491099215e+02	7.305146180913e+02	1.365508169818e+00
2.460937500000e+01	-1.182219210394e-07	4.511982269442e-11	-7.341668839631e+02	7.355097477198e+02	1.342863756735e+00
2.470052083333e+01	-1.232330134034e-07	9.134971345872e-11	-7.390350337598e+02	7.403554687169e+02	1.320434957135e+00
2.479166666667e+01	1.409012378053e-07	1.839726298966e-11	-7.437535593054e+02	7.450518024226e+02	1.298243117198e+00
2.488281250000e+01	1.446483275398e-07	1.144045162898e-10	-7.483224609215e+02	7.495987283730e+02	1.276267451577e+00
2.497395833333e+01	-1.195357125548e-07	-1.135606520106e-12	-7.527417386127e+02	7.539962661661e+02	1.254527553395e+00
2.506510416667e+01	-1.234649051304e-07	1.361324375810e-10	-7.570113920570e+02	7.582443970668e+02	1.233005009822e+00
2.515625000000e+01	1.396673998332e-07	-2.897812250327e-11	-7.611314212495e+02	7.623431389330e+02	1.211717683499e+00
2.524739583333e+01	1.426638465472e-07	1.456937763748e-10	-7.651018265107e+02	7.662924747664e+02	1.190648255675e+00
2.533854166667e+01	-1.208304730906e-07	-7.027971287251e-11	-7.689226078443e+02	7.700924207024e+02	1.169812858129e+00
2.542968750000e+01	-1.242534512359e-07	1.447614715292e-10	-7.725937649289e+02	7.737429614750e+02	1.149196546033e+00
2.552083333333e+01	1.386394136826e-07	-1.136957219673e-10	-7.761152977606e+02	7.772441114962e+02	1.128813735609e+00
2.561197916667e+01	1.416637030093e-07	1.563659584256e-10	-7.794872066594e+02	7.805958572056e+02	1.108650546247e+00
2.570312500000e+01	-1.216079307217e-07	-1.240831435985e-10	-7.827094916290e+02	7.837982113028e+02	1.088719673771e+00
2.579427083333e+01	-1.251486362292e-07	2.178467675983e-10	-7.857821523486e+02	7.868511619419e+02	1.069009593378e+00
2.588541666667e+01	1.378919643942e-07	-9.328028529458e-11	-7.887051888138e+02	7.897547201149e+02	1.049531301183e+00
2.597656250000e+01	1.414364796524e-07	2.819162033760e-10	-7.914786013450e+02	7.925088756991e+02	1.030274354009e+00
2.606770833333e+01	-1.219580829917e-07	-1.048624051767e-10	-7.941023899468e+02	7.951136379640e+02	1.011248017187e+00
2.615885416667e+01	-1.258897457927e-07	2.827118035716e-10	-7.965765542978e+02	7.975689984891e+02	9.924441912528e-01
2.625000000000e+01	1.378654508889e-07	-1.644292655774e-10	-7.989010943936e+02	7.998749648387e+02	9.738704451257e-01
2.634114583333e+01	1.422770677814e-07	2.745654391727e-10	-8.010760105554e+02	8.020315302916e+02	9.555197362284e-01
2.643229166667e+01	-1.218974036388e-07	-1.965007969271e-10	-8.031013027887e+02	8.040387007193e+02	9.373979306112e-01
2.652343750000e+01	-1.267124353645e-07	3.147479147710e-10	-8.049769707714e+02	8.058964711028e+02	9.195003314387e-01
2.661458333333e+01	1.383775121257e-07	-1.799640146777e-10	-8.067030144978e+02	8.076048456121e+02	9.018311142877e-01
2.670572916667e+01	1.442975506619e-07	3.809052706308e-10	-8.082794342911e+02	8.091638209316e+02	8.843866404770e-01
2.679687500000e+01	-1.210661306555e-07	-1.778313122001e-10	-8.097062301586e+02	8.105733995330e+02	8.671693744543e-01
2.688802083333e+01	-1.273483942265e-07	3.963384222103e-10	-8.109834017767e+02	8.118335797955e+02	8.501780188055e-01
2.697916666667e+01	1.393396908345e-07	-2.379501057512e-10	-8.121109491380e+02	8.129443624867e+02	8.334133487574e-01
2.707031250000e+01	1.471858925725e-07	3.720288281347e-10	-8.130888725676e+02	8.139057476863e+02	8.168751187037e-01
2.716145833333e+01	-1.196253814545e-07	-2.999305468378e-10	-8.139171720753e+02	8.147177344568e+02	8.005623814971e-01
2.725260416667e+01	-1.276347489913e-07	3.704023666950e-10	-8.145958473357e+02	8.153803245838e+02	7.844772481386e-01
2.734375000000e+01	1.410409167928e-07	-3.381089556078e-10	-8.151248983394e+02	8.158935154377e+02	7.686170982236e-01
2.743489583333e+01	1.510404116011e-07	3.848558015923e-10	-8.155043254141e+02	8.162573105045e+02	7.529850903783e-01
2.752604166667e+01	-1.177843982696e-07	-3.677082039295e-10	-8.157341285720e+02	8.164717054496e+02	7.375768775550e-01
2.761718750000e+01	-1.279367497869e-07	4.046406341648e-10	-8.158143074854e+02	8.165367054628e+02	7.223979774664e-01
2.770833333333e+01	1.432075860586e-07	-3.945135715411e-10	-8.157448621423e+02	8.164523044937e+02	7.074423514079e-01
2.779947916667e+01	1.557862390406e-07	4.263110209282e-10	-8.155257928734e+02	8.162185094364e+02	6.927165630029e-01
2.789062500000e+01	-1.155589263803e-07	-4.185309619797e-10	-8.151570996941e+02	8.158353125321e+02	6.782128379367e-01
2.798177083333e+01	-1.284487023074e-07	4.547833109084e-10	-8.146387822736e+02	8.153027224005e+02	6.639401268528e-01
2.807291666667e+01	1.454212762741e-07	-4.344840041573e-10	-8.139708405967e+02	8.146207295774e+02	6.498889806723e-01
2.816406250000e+01	1.610316057359e-07	4.895773240167e-10	-8.131532749974e+02	8.137893443950e+02	6.360693975698e-01
2.825520833333e+01	-1.130123993008e-07	-4.496240329759e-10	-8.121860854947e+02	8.128085556630e+02	6.224701682628e-01
2.834635416667e+01	-1.288960503499e-07	5.210461111623e-10	-8.110692717546e+02	8.116783754303e+02	6.091036756220e-01
2.843750000000e+01	1.479551615422e-07	-4.710491058348e-10	-8.098028337583e+02	8.103987907623e+02	5.959570039866e-01
2.852864583333e+01	1.666579316560e-07	5.477259445258e-10	-8.083867718434e+02	8.089698154544e+02	5.830436110067e-01
2.861979166667e+01	-1.107365732862e-07	-4.953723324344e-10	-8.068210860327e+02	8.073914348492e+02	5.703488165600e-01
2.871093750000e+01	-1.300334098006e-07	5.719785669559e-10	-8.051057759879e+02	8.056636644841e+02	5.578884961709e-01
2.880208333333e+01	1.503173577960e-07	-5.272311591120e-10	-8.032408416862e+02	8.037864879638e+02	5.456462776420e-01
2.889322916667e+01	1.725927152300e-07	5.851114622780e-10	-8.012262834695e+02	8.017599225670e+02	5.336390974940e-01
2.898437500000e+01	-1.086124717360e-07	-5.696532322631e-10	-7.990621013648e+02	7.995839501284e+02	5.218487636180e-01
2.907552083333e+01	-1.318949826173e-07	5.954744802681e-10	-7.967482950293e+02	7.972585896869e+02	5.102946576051e-01
2.916666666667e+01	1.522070962838e-07	-6.069999159424e-10	-7.942848644351e+02	7.947838213109e+02	4.989568758208e-01
2.925781250000e+01	1.784392271509e-07	6.179710495294e-10	-7.916718099288e+02	7.921596658156e+02	4.878558867393e-01
2.934895833333e+01	-1.069248859335e-07	-6.295663807611e-10	-7.889091315422e+02	7.893861014922e+02	4.769699499804e-01
2.944010416667e+01	-1.346346458961e-07	6.570063899687e-10	-7.859968289273e+02	7.864631509470e+02	4.663220197382e-01
2.953125000000e+01	1.534511512360e-07	-6.393588650383e-10	-7.829349020507e+02	7.833907906847e+02	4.558886340247e-01
2.962239583333e+01	1.838802517064e-07	7.026440459185e-10	-7.797233512639e+02	7.801690451033e+02	4.456938394484e-01
2.971354166667e+01	-1.060749655716e-07	-6.526619089427e-10	-7.763621766037e+02	7.767978889114e+02	4.357123076804e-01
2.980468750000e+01	-1.385225062719e-07	7.370764446082e-10	-7.728513777165e+02	7.732773483068e+02	4.259705903912e-01
2.989583333333e+01	1.540682945810e-07	-6.826436230285e-10	-7.691909545630e+02	7.696073961751e+02	4.164416120504e-01
2.998697916667e+01	1.891263250428e-07	7.584005361480e-10	-7.653809075004e+02	7.657880605437e+02	4.071530433377e-01
3.007812500000e+01	-1.059661419924e-07	-7.181233237238e-10	-7.614212365708e+02	7.618193124565e+02	3.980758856625e-01
3.016927083333e+01	-1.438218197205e-07	7.849201018964e-10	-7.573119414143e+02	7.577011817852e+02	3.892403708692e-01
3.026041666667e+01	1.534616230902e-07	-7.441380169870e-10	-7.530530219851e+02	7.534336377274e+02	3.806157423158e-01
3.035156250000e+01	1.935180441264e-07	8.202410937557e-10	-7.486444786458e+02	7.490167120222e+02	3.722333764223e-01
3.044270833333e+01	-1.069804333617e-07	-7.698472686231e-10	-7.440863114447e+02	7.444503720049e+02	3.640605601636e-01
3.053385416667e+01	-1.504179348668e-07	8.489842392290e-10	-7.393785200151e+02	7.397346512952e+02	3.561312800570e-01
3.062500000000e+01	1.521789685646e-07	-8.082587334219e-10	-7.345211043045e+02	7.348695153333e+02	3.484110288349e-01
3.071614583333e+01	1.976613553872e-07	8.660802418660e-10	-7.295140646818e+02	7.298549996244e+02	3.409349426533e-01
3.080729166667e+01	-1.088920249210e-07	-8.553470967031e-10	-7.243574012019e+02	7.246910676922e+02	3.336664902961e-01
3.089843750000e+01	-1.585896408256e-07	8.821927038974e-10	-7.190511134907e+02	7.193777569692e+02	3.266434784988e-01
3.098958333333e+01	1.497271094513e-07	-8.989946901968e-10	-7.135952014877e+02	7.139150290497e+02	3.198275619664e-01
3.108072916667e+01	2.012562019475e-07	9.075253412635e-10	-7.079896655692e+02	7.083029233179e+02	3.132577486949e-01
3.117187500000e+01	-1.116312717158e-07	-9.320327226311e-10	-7.022345057971e+02	7.025413994193e+02	3.068936221573e-01
3.126302083333e+01	-1.680266918968e-07	9.448810081603e-10	-6.963297217894e+02	6.966304987041e+02	3.007769147198e-01
3.135416666667e+01	1.463853441905e-07	-9.593717611514e-10	-6.902753134777e+02	6.905701788347e+02	2.948653569858e-01
3.144531250000e+01	2.043766547848e-07	9.800073587093e-10	-6.840712812454e+02	6.843604831443e+02	2.892018988508e-01
3.153645833333e+01	-1.152129139728e-07	-1.001486345048e-09	-6.777176251624e+02	6.780013672811e+02	2.837421187179e-01
3.162760416667e+01	-1.784949686069e-07	9.955436100691e-10	-6.712143448383e+02	6.714928766042e+02	2.785317658909e-01
3.171875000000e+01	1.427729963674e-07	-1.062499738840e-09	-6.645614401965e+02	6.648349647201e+02	2.735245235693e-01
3.180989583333e+01	2.076436609642e-07	1.005699658260e-09	-6.577589116287e+02	6.580276790514e+02	2.687674227138e-01
3.190104166667e+01	-1.195620220770e-07	-1.114230182117e-09	-6.508067592129e+02	6.510709711531e+02	2.642119401600e-01
3.199218750000e+01	-1.904492322640e-07	1.040721953318e-09	-6.437049825496e+02	6.439648905287e+02	2.599079791189e-01
3.208333333333e+01	1.385961857208e-07	-1.137784946763e-09	-6.364535815528e+02	6.367093866310e+02	2.558050782833e-01
3.217447916667e+01	2.115251586004e-07	1.102550701203e-09	-6.290525566237e+02	6.293045110680e+02	2.519544443007e-01
3.226562500000e+01	-1.236280713006e-07	-1.145538901213e-09	-6.215019078502e+02	6.217502111488e+02	2.483032985733e-01
3.235677083333e+01	-2.029970186209e-07	1.170890334832e-09	-6.138016348230e+02	6.140465406252e+02	2.449058022254e-01
3.244791666667e+01	1.340687739504e-07	-1.160751916897e-09	-6.059517374457e+02	6.061934446520e+02	2.417072062695e-01
3.253906250000e+01	2.157200556152e-07	1.224681048455e-09	-5.979522161295e+02	5.981909791808e+02	2.387630513216e-01
3.263020833333e+01	-1.275770199462e-07	-1.197546408328e-09	-5.898030709729e+02	5.900390871664e+02	2.360161935412e-01
3.272135416667e+01	-2.156393224863e-07	1.259765147309e-09	-5.815043015564e+02	5.817378267771e+02	2.335252206203e-01
3.281250000000e+01	1.302244412877e-07	-1.251269669552e-09	-5.730559077734e+02	5.732871387211e+02	2.312309477277e-01
3.290364583333e+01	2.210646836240e-07	1.287195121316e-09	-5.644578900457e+02	5.646870834192e+02	2.291933734951e-01
3.299479166667e+01	-1.313388845773e-07	-1.308092473319e-09	-5.557102484830e+02	5.559375992907e+02	2.273508076763e-01
3.308593750000e+01	-2.288048019567e-07	1.321019627623e-09	-5.468129826549e+02	5.470387490734e+02	2.257664185198e-01
3.317708333333e+01	1.269233056709e-07	-1.355220599144e-09	-5.377660924430e+02	5.379904688626e+02	2.243764195248e-01
3.326822916667e+01	2.280844061000e-07	1.372765779777e-09	-5.285695782817e+02	5.287928237543e+02	2.232454726747e-01
3.335937500000e+01	-1.340627411875e-07	-1.384801056968e-09	-5.192234402930e+02	5.194457474685e+02	2.223071754926e-01
3.345052083333e+01	-2.418081043232e-07	1.444079451727e-09	-5.097276780347e+02	5.099493074982e+02	2.216294634829e-01
3.354166666667e+01	1.245022745498e-07	-1.403683586075e-09	-5.000822913761e+02	5.003034351285e+02	2.211437524513e-01
3.363281250000e+01	2.367940006943e-07	1.520795447654e-09	-4.902872807645e+02	4.905082002991e+02	2.209195346028e-01
3.372395833333e+01	-1.358970225074e-07	-1.429474936929e-09	-4.803426463355e+02	4.805635318206e+02	2.208854851425e-01
3.381510416667e+01	-2.545663889234e-07	1.589079151425e-09	-4.702483876341e+02	4.704695021320e+02	2.211144979780e-01
3.390625000000e+01	1.235894853533e-07	-1.467527037554e-09	-4.600045045164e+02	4.602260375176e+02	2.215330011244e-01
3.399739583333e+01	2.480394252125e-07	1.652323915476e-09	-4.496109974444e+02	4.498332129806e+02	2.222155361511e-01
3.408854166667e+01	-1.365104217864e-07	-1.514132591422e-09	-4.390678665686e+02	4.392909522146e+02	2.230856460572e-01
3.417968750000e+01	-2.674413425539e-07	1.704664960666e-09	-4.283751114193e+02	4.285993328430e+02	2.242214236859e-01
3.427083333333e+01	1.237525724489e-07	-1.585892496335e-09	-4.175327318380e+02	4.177582759098e+02	2.255440717300e-01
3.436197916667e+01	2.618788410817e-07	1.733475615371e-09	-4.065407283028e+02	4.067678617231e+02	2.271334203817e-01
3.445312500000e+01	-1.354573987180e-07	-1.676099529425e-09	-3.953991009807e+02	3.956280086146e+02	2.289076338772e-01
3.454427083333e+01	-2.799724866699e-07	1.768139661351e-09	-3.841078493866e+02	3.843387996391e+02	2.309502524718e-01
3.463541666667e+01	1.252611397952e-07	-1.747859515638e-09	-3.726669733457e+02	3.729001503507e+02	2.331770050405e-01
3.472656250000e+01	2.782461051251e-07	1.832402311796e-09	-3.610764733531e+02	3.613121466129e+02	2.356732597427e-01
3.481770833333e+01	-1.331508550678e-07	-1.804587911771e-09	-3.493363495942e+02	3.495747011307e+02	2.383515364457e-01
3.490885416667e+01	-2.924647872352e-07	1.900441457113e-09	-3.374466015667e+02	3.376879026567e+02	2.413010900135e-01
