z_A	nval_CHGCAR	nval_DBG	dencor_py	dencor_DBG	ne_py	ne_DBG	phisol_py_eV	cvhar_DBG_eV	cvdip_DBG_eV	phisol_DBG_eV	phi_final_DBG_eV
0.000000000000e+00	8.529232734473e-04	8.529232734770e-04	-1.247376560502e-05	-8.016656341337e-06	8.404495078423e-04	8.449066170512e-04	2.444318745765e-01	2.443941325256e-01	6.221070935013e-18	2.443941325256e-01	2.420301166256e-01
9.114583333333e-02	1.977594005487e-03	1.977594004976e-03	1.297467926786e-05	8.517530428092e-06	1.990568684755e-03	1.986111535294e-03	2.478350992058e-01	2.477928597773e-01	5.896381152800e-02	3.067566713053e-01	3.030703541271e-01
1.822916666667e-01	-8.594739789575e-04	-8.594739787572e-04	-1.305489292077e-05	-8.597710328004e-06	-8.725288718783e-04	-8.680716891359e-04	2.514173167006e-01	2.513780847414e-01	1.083804936100e-01	3.597585783500e-01	3.545282920855e-01
2.734375000000e-01	-2.026749392255e-03	-2.026749393361e-03	1.338247462564e-05	8.925244400475e-06	-2.013366917629e-03	-2.017824149080e-03	2.552738194821e-01	2.552300897613e-01	1.408606446500e-01	3.960907344091e-01	3.890984470141e-01
3.645833333333e-01	8.864334653485e-04	8.864334655432e-04	-1.353460543937e-05	-9.077346199906e-06	8.728988599092e-04	8.773561193110e-04	2.593084987818e-01	2.592677769260e-01	1.516597622300e-01	4.109275391580e-01	4.019575544757e-01
4.557291666667e-01	2.135275526595e-03	2.135275526408e-03	1.398189358781e-05	9.524583033397e-06	2.149257420183e-03	2.144800109368e-03	2.636187243739e-01	2.635735043481e-01	1.508530613700e-01	4.144265657173e-01	4.032582316174e-01
5.468750000000e-01	-8.174379606788e-04	-8.174379603619e-04	-1.391615893098e-05	-9.458811686696e-06	-8.313541196098e-04	-8.268967720937e-04	2.681047627820e-01	2.680625510437e-01	1.500463605100e-01	4.181089115499e-01	4.045158672631e-01
6.380208333333e-01	-2.106674793122e-03	-2.106674794404e-03	1.463008447899e-05	1.017269708331e-05	-2.092044708643e-03	-2.096502097442e-03	2.728682849851e-01	2.728215746407e-01	1.492396596400e-01	4.220612342839e-01	4.058171185969e-01
7.291666666667e-01	9.411823964366e-04	9.411823964857e-04	-1.442360441691e-05	-9.966163733513e-06	9.267587920197e-04	9.312162326838e-04	2.778067506366e-01	2.777630490312e-01	1.484329587800e-01	4.261960078115e-01	4.070744599484e-01
8.203125000000e-01	2.337301391106e-03	2.337301389751e-03	1.514917446362e-05	1.069170145630e-05	2.352450565570e-03	2.347993091037e-03	2.830240380216e-01	2.829758373427e-01	1.476262579200e-01	4.306020952601e-01	4.083767540141e-01
9.114583333333e-01	-7.336904449149e-04	-7.336904453941e-04	-1.510437027719e-05	-1.064684036683e-05	-7.487948151921e-04	-7.443372858581e-04	2.884137533501e-01	2.883685618939e-01	1.468195570500e-01	4.351881189483e-01	4.096326235374e-01
1.002604166667e+00	-2.149604271987e-03	-2.149604271334e-03	1.563649687834e-05	1.117892766892e-05	-2.133967775109e-03	-2.138425343728e-03	2.940843200575e-01	2.940346290271e-01	1.460128561900e-01	4.400474852186e-01	4.109354744417e-01
1.093750000000e+00	1.058566851263e-03	1.058566851505e-03	-1.581382764471e-05	-1.135620557654e-05	1.042753023618e-03	1.047210645843e-03	2.999263925283e-01	2.998797112394e-01	1.452061553300e-01	4.450858665679e-01	4.121909796374e-01
1.184895833333e+00	2.633790999361e-03	2.633790999190e-03	1.621559520023e-05	1.175792724521e-05	2.650006594561e-03	2.645548926312e-03	3.060507590405e-01	3.059995776381e-01	1.443994544700e-01	4.503990321037e-01	4.134949078243e-01
1.276041666667e+00	-5.437669700770e-04	-5.437669696813e-04	-1.648937170747e-05	-1.203164997850e-05	-5.602563417844e-04	-5.557986197463e-04	3.123439577678e-01	3.122957866676e-01	1.435927536000e-01	4.558885402702e-01	4.147488178484e-01
1.367187500000e+00	-2.056018030586e-03	-2.056018029785e-03	1.690347462121e-05	1.244570433201e-05	-2.039114555965e-03	-2.043572325524e-03	3.189215767258e-01	3.188689049294e-01	1.427860527400e-01	4.616549576692e-01	4.160532759152e-01
1.458333333333e+00	1.396039033410e-03	1.396039033813e-03	-1.718049215308e-05	-1.272266565249e-05	1.378858541257e-03	1.383316368050e-03	3.256670302931e-01	3.256173694055e-01	1.419793518800e-01	4.675967212823e-01	4.173067193974e-01
1.549479166667e+00	3.240250034774e-03	3.240250035384e-03	1.761439682587e-05	1.315651774671e-05	3.257864431600e-03	3.253406553041e-03	3.326984122678e-01	3.326442500526e-01	1.411726510100e-01	4.738169010665e-01	4.186122178664e-01
1.640625000000e+00	1.112454843398e-05	1.112454854938e-05	-1.798959315025e-05	-1.353165713956e-05	-6.865044716272e-06	-2.407108732821e-06	3.398947197387e-01	3.398435690906e-01	1.403659501500e-01	4.802095192415e-01	4.198637939219e-01
1.731770833333e+00	-1.508545438766e-03	-1.508545438305e-03	1.829938279485e-05	1.384138812370e-05	-1.490246055971e-03	-1.494704050301e-03	3.473791264984e-01	3.473234738354e-01	1.395592492900e-01	4.868827231233e-01	4.211695945052e-01
1.822916666667e+00	2.399020670695e-03	2.399020670899e-03	-1.889580652067e-05	-1.443775484738e-05	2.380124864174e-03	2.384582915924e-03	3.550273339200e-01	3.549746935409e-01	1.387525484300e-01	4.937272419659e-01	4.224203492399e-01
1.914062500000e+00	4.821816122315e-03	4.821816122922e-03	1.907932182791e-05	1.462120612072e-05	4.840895444143e-03	4.836437328924e-03	3.629651676141e-01	3.629080244693e-01	1.379458475600e-01	5.008538720314e-01	4.237268540234e-01
2.005208333333e+00	1.883450988569e-03	1.883450989091e-03	-1.976153902561e-05	-1.530336192657e-05	1.863689449543e-03	1.868147627060e-03	3.710635903728e-01	3.710094602990e-01	1.371391467000e-01	5.081486069982e-01	4.249751028940e-01
2.096354166667e+00	7.722365672014e-04	7.722365676150e-04	2.004575999814e-05	1.558751837249e-05	7.922823271995e-04	7.878240859163e-04	3.794537544620e-01	3.793951207988e-01	1.363324458400e-01	5.157275666350e-01	4.262812152653e-01
2.187500000000e+00	5.730659932122e-03	5.730659932267e-03	-2.061814504217e-05	-1.615983538216e-05	5.710041787080e-03	5.714500096778e-03	3.880030954809e-01	3.879474757541e-01	1.355257449700e-01	5.234732207274e-01	4.275276612734e-01
2.278645833333e+00	9.571206079413e-03	9.571206080111e-03	2.110541783910e-05	1.664703919666e-05	9.592311497252e-03	9.587853119280e-03	3.968454824588e-01	3.967853582337e-01	1.347190441100e-01	5.315044023441e-01	4.288332736410e-01
2.369791666667e+00	8.094922663974e-03	8.094922664198e-03	-2.159711156920e-05	-1.713866248615e-05	8.073325552405e-03	8.077784001644e-03	4.058431386767e-01	4.057860293436e-01	1.339123432500e-01	5.396983725911e-01	4.300753138154e-01
2.460937500000e+00	9.081639321195e-03	9.081639321308e-03	2.218097116591e-05	1.772244733478e-05	9.103820292361e-03	9.099361768569e-03	4.151353885513e-01	4.150737737116e-01	1.331056423800e-01	5.481794160960e-01	4.313780660877e-01
2.552083333333e+00	1.744090592686e-02	1.744090592627e-02	-2.274406437893e-05	-1.828546571601e-05	1.741816186248e-02	1.742262046046e-02	4.245805577156e-01	4.245219588306e-01	1.322989415200e-01	5.568209003521e-01	4.326148982833e-01
2.643229166667e+00	2.573500721717e-02	2.573500721716e-02	2.331041459928e-05	1.885173460220e-05	2.575831763176e-02	2.575385895174e-02	4.343205035899e-01	4.342573980745e-01	1.314922406600e-01	5.657496387332e-01	4.339126234478e-01
2.734375000000e+00	2.965454773711e-02	2.965454773680e-02	-2.399778165763e-05	-1.953902223445e-05	2.963054995545e-02	2.963500871448e-02	4.442076847394e-01	4.441475963682e-01	1.306855398000e-01	5.748331361639e-01	4.351387468301e-01
2.825520833333e+00	3.825656571268e-02	3.825656571232e-02	2.460092227141e-05	2.014207780649e-05	3.828116663496e-02	3.827670779002e-02	4.543890983385e-01	4.543245020781e-01	1.298788389300e-01	5.842033410108e-01	4.364252164767e-01
2.916666666667e+00	5.802461967156e-02	5.802461967119e-02	-2.532260243537e-05	-2.086366824210e-05	5.799929706912e-02	5.800375600285e-02	4.647123333502e-01	4.646507555760e-01	1.290721380700e-01	5.937228936458e-01	4.376346730752e-01
3.007812500000e+00	8.197053135871e-02	8.197053135796e-02	2.606740784517e-05	2.160838414031e-05	8.199659876655e-02	8.199213974188e-02	4.753256880767e-01	4.752596009878e-01	1.282654372100e-01	6.035250381947e-01	4.389003604400e-01
3.098958333333e+00	1.063157357232e-01	1.063157357230e-01	-2.678035888826e-05	-2.232123938364e-05	1.062889553643e-01	1.062934144835e-01	4.860688794916e-01	4.860058124058e-01	1.274587363400e-01	6.134645487498e-01	4.400770529708e-01
3.190104166667e+00	1.426068399254e-01	1.426068399254e-01	2.769596926759e-05	2.323675176841e-05	1.426345358946e-01	1.426300766771e-01	4.970933712598e-01	4.970257932339e-01	1.266520354800e-01	6.236778287149e-01	4.413011537679e-01
3.281250000000e+00	2.010923501730e-01	2.010923501729e-01	-2.842986122161e-05	-2.397053885090e-05	2.010639203118e-01	2.010683796339e-01	5.082312515660e-01	5.081666952830e-01	1.258453346200e-01	6.340120299011e-01	4.424198149418e-01
3.372395833333e+00	2.784543440955e-01	2.784543440955e-01	2.946648774871e-05	2.500705996515e-05	2.784838105832e-01	2.784793511553e-01	5.196311174225e-01	5.195620483348e-01	1.250386337600e-01	6.446006820900e-01	4.435665659788e-01
3.463541666667e+00	3.757049805573e-01	3.757049805571e-01	-3.038153420228e-05	-2.592199353005e-05	3.756745990231e-01	3.756790585632e-01	5.311114897778e-01	5.310454444397e-01	1.242319328900e-01	6.552773773319e-01	4.445749992208e-01
3.554687500000e+00	5.120961110068e-01	5.120961110064e-01	3.137892066341e-05	2.691926151968e-05	5.121274899275e-01	5.121230302678e-01	5.428161128748e-01	5.427455525672e-01	1.234252320300e-01	6.661707845965e-01	4.455737833494e-01
3.645833333333e+00	7.077965587640e-01	7.077965587636e-01	-3.262256401763e-05	-2.816278388528e-05	7.077639361999e-01	7.077683959795e-01	5.545454688198e-01	5.544779346029e-01	1.226185311700e-01	6.770964657692e-01	4.463784805345e-01
3.736979166667e+00	9.713683534216e-01	9.713683534215e-01	3.364037028016e-05	2.918045991898e-05	9.714019937919e-01	9.713975338814e-01	5.664253991495e-01	5.663533474227e-01	1.218118303000e-01	6.881651777261e-01	4.470998473713e-01
3.828125000000e+00	1.321445417481e+00	1.321445417481e+00	-3.503034998498e-05	-3.057030356610e-05	1.321410387131e+00	1.321414847177e+00	5.782237823547e-01	5.781547594846e-01	1.210051294400e-01	6.991598889250e-01	4.475208525950e-01
3.919270833333e+00	1.804420368302e+00	1.804420368302e+00	3.643574283907e-05	3.197555670367e-05	1.804456804045e+00	1.804452343858e+00	5.900343400158e-01	5.899607966150e-01	1.201984285800e-01	7.101592251926e-01	4.477201217583e-01
4.010416666667e+00	2.475878856980e+00	2.475878856980e+00	-3.769775310114e-05	-3.323741204668e-05	2.475841159227e+00	2.475845619568e+00	6.015713517638e-01	6.015008405323e-01	1.193917277100e-01	7.208925682469e-01	4.474270368497e-01
4.101562500000e+00	3.386671566693e+00	3.386671566693e+00	3.971845579180e-05	3.525796073465e-05	3.386711285149e+00	3.386706824654e+00	6.128584929810e-01	6.127834575674e-01	1.185850268500e-01	7.313684844190e-01	4.466501639335e-01
4.192708333333e+00	4.610965241056e+00	4.610965241056e+00	-4.094890893014e-05	-3.648824206550e-05	4.610924292147e+00	4.610928752815e+00	6.235108678735e-01	6.234388686644e-01	1.177783259900e-01	7.412171946531e-01	4.450197242171e-01
4.283854166667e+00	6.275342270749e+00	6.275342270749e+00	4.341774800300e-05	3.895690329566e-05	6.275385688497e+00	6.275381227651e+00	6.334266259194e-01	6.333500980474e-01	1.169716251300e-01	7.503217231732e-01	4.424187416647e-01
4.375000000000e+00	8.548510140074e+00	8.548510140074e+00	-4.504693742104e-05	-4.058590530137e-05	8.548465093137e+00	8.548469554167e+00	6.420483754748e-01	6.419748888184e-01	1.161649242600e-01	7.581398130812e-01	4.383049596346e-01
4.466145833333e+00	1.163422856394e+01	1.163422856394e+01	4.776555348152e-05	4.330430921078e-05	1.163427632949e+01	1.163427186825e+01	6.490341732917e-01	6.489561523381e-01	1.153582234000e-01	7.643143757379e-01	4.323212892346e-01
4.557291666667e+00	1.581374246990e+01	1.581374246990e+01	-4.999047393008e-05	-4.552903135635e-05	1.581369247943e+01	1.581369694087e+01	6.535060343177e-01	6.534310609574e-01	1.145515225400e-01	7.679825834944e-01	4.236049030656e-01
4.648437500000e+00	2.149972653694e+01	2.149972653694e+01	5.352091148751e-05	4.905919207442e-05	2.149978005785e+01	2.149977559613e+01	6.546808866064e-01	6.546013716750e-01	1.137448216700e-01	7.683461933491e-01	4.113575578793e-01
4.739583333333e+00	2.926173748525e+01	2.926173748525e+01	-5.523456872777e-05	-5.077268441716e-05	2.926168225068e+01	2.926168671257e+01	6.510956160713e-01	6.510191571012e-01	1.129381208100e-01	7.639572779123e-01	3.941313265294e-01
4.830729166667e+00	3.987301720253e+01	3.987301720253e+01	6.284066439656e-05	5.837830894933e-05	3.987308004319e+01	3.987307558084e+01	6.411362155243e-01	6.410552052613e-01	1.121314199500e-01	7.531866252096e-01	3.702969968013e-01
4.921875000000e+00	5.442680455457e+01	5.442680455457e+01	-5.781437633527e-05	-5.335214365922e-05	5.442674674019e+01	5.442675120243e+01	6.222343249316e-01	6.221563820532e-01	1.113247190900e-01	7.334811011384e-01	3.373014348297e-01
5.013020833333e+00	7.446978444790e+01	7.446978444790e+01	8.399484999050e-05	7.953133700978e-05	7.446986844275e+01	7.446986397925e+01	5.911960849928e-01	5.911135772172e-01	1.105180182200e-01	7.016315954394e-01	2.919355301212e-01
5.104166666667e+00	1.021097939708e+02	1.021097939708e+02	-4.199785549337e-05	-3.753605682566e-05	1.021097519729e+02	1.021097564347e+02	5.433391941257e-01	5.432597702019e-01	1.097113173600e-01	6.529710875612e-01	2.295322623551e-01
5.195312500000e+00	1.401846989572e+02	1.401846989572e+02	1.554114877053e-04	1.509446082550e-04	1.401848543687e+02	1.401848499018e+02	4.724252721477e-01	4.723412630030e-01	1.089046165000e-01	5.812458794995e-01	1.438379332993e-01
5.286458333333e+00	1.925791086008e+02	1.925791086008e+02	7.438662520122e-05	7.884362553067e-05	1.925791829875e+02	1.925791874445e+02	3.697432957990e-01	3.696623962376e-01	1.080979156300e-01	4.777603118712e-01	2.615688379576e-02
5.377604166667e+00	2.646071395669e+02	2.646071395669e+02	4.711888714354e-04	4.667079270639e-04	2.646076107558e+02	2.646076062749e+02	2.232730684294e-01	2.231875499934e-01	1.072912147700e-01	3.304787647639e-01	-1.355465062899e-01
5.468750000000e+00	3.633299114378e+02	3.633299114378e+02	7.418165636990e-04	7.462450228864e-04	3.633306532544e+02	3.633306576829e+02	1.676881630393e-02	1.668645356959e-02	1.064845139100e-01	1.231709674771e-01	-3.575025074393e-01
5.559895833333e+00	4.978379793829e+02	4.978379793829e+02	2.173495114889e-03	2.168940588282e-03	4.978401528780e+02	4.978401483236e+02	-2.727103530108e-01	-2.727974024491e-01	1.056778130400e-01	-1.671195894045e-01	-6.626676292837e-01
5.651041666667e+00	6.796047889843e+02	6.796047889843e+02	5.123900376932e-03	5.128146479306e-03	6.796099128847e+02	6.796099171309e+02	-6.749398478829e-01	-6.750236275829e-01	1.048711121800e-01	-5.701525154016e-01	-1.080801481130e+00
5.742187500000e+00	9.228228161922e+02	9.228228161922e+02	1.542259607162e-02	1.541750092157e-02	9.228382387883e+02	9.228382336931e+02	-1.233329020413e+00	-1.233417781292e+00	1.040644113200e-01	-1.129353369973e+00	-1.655329622650e+00
5.833333333333e+00	1.244304883942e+03	1.244304883942e+03	5.117959706477e-02	5.118205975059e-02	1.244356063539e+03	1.244356066001e+03	-1.987154130776e+00	-1.987239919026e+00	1.032577104600e-01	-1.883982208570e+00	-2.425512109083e+00
5.924479166667e+00	1.662110825711e+03	1.662110825711e+03	1.999471342204e-01	1.999350156701e-01	1.662310772845e+03	1.662310760727e+03	-2.996154573996e+00	-2.996244092815e+00	1.024510095900e-01	-2.893793083223e+00	-3.451102992668e+00
6.015625000000e+00	2.191866629680e+03	2.191866629680e+03	8.556325954768e-01	8.556088885120e-01	2.192722262276e+03	2.192722238569e+03	-4.455736567711e+00	-4.455819803705e+00	1.016443087300e-01	-4.354175494975e+00	-4.927491774245e+00
6.106770833333e+00	2.840676356113e+03	2.840676356113e+03	3.381125257580e+00	3.381048009525e+00	2.844057481371e+03	2.844057404122e+03	-6.542859074650e+00	-6.542947674057e+00	1.008376078700e-01	-6.442110066190e+00	-7.031659076378e+00
6.197916666667e+00	3.599412716646e+03	3.599412716646e+03	1.052907227439e+01	1.052895264546e+01	3.609941788920e+03	3.609941669291e+03	-9.300896067123e+00	-9.300993187066e+00	1.000309070000e-01	-9.200962280062e+00	-9.806970382059e+00
6.289062500000e+00	4.436705215491e+03	4.436705215491e+03	2.581405755066e+01	2.581393306886e+01	4.462519273041e+03	4.462519148559e+03	-1.252605631267e+01	-1.252617371031e+01	9.922420614100e-02	-1.242694950417e+01	-1.304964305906e+01
6.380208333333e+00	5.299296922009e+03	5.299296922009e+03	5.171400664626e+01	5.171400738821e+01	5.351010928655e+03	5.351010929397e+03	-1.575251857925e+01	-1.575263704557e+01	9.841750527800e-02	-1.565421954029e+01	-1.629382490899e+01
6.471354166667e+00	6.121111421310e+03	6.121111421310e+03	8.725916349407e+01	8.725935951853e+01	6.208370584804e+03	6.208370780828e+03	-1.849377059861e+01	-1.849387478684e+01	9.761080441500e-02	-1.839626398242e+01	-1.905300752601e+01
6.562500000000e+00	6.835248680395e+03	6.835248680395e+03	1.268540796704e+02	1.268544480257e+02	6.962102760066e+03	6.962103128422e+03	-2.051769946586e+01	-2.051777002571e+01	9.680410355200e-02	-2.042096592216e+01	-2.109507400152e+01
6.653645833333e+00	7.383433284391e+03	7.383433284391e+03	1.617076719832e+02	1.617080109112e+02	7.545140956374e+03	7.545141295302e+03	-2.187106573323e+01	-2.187111165134e+01	9.599740268900e-02	-2.177511424865e+01	-2.246681322489e+01
6.744791666667e+00	7.720533243162e+03	7.720533243162e+03	1.833436399964e+02	1.833437323584e+02	7.903876883158e+03	7.903876975519e+03	-2.272761692773e+01	-2.272764445193e+01	9.519070182600e-02	-2.263245375010e+01	-2.334196998412e+01
6.835937500000e+00	7.816372430560e+03	7.816372430560e+03	1.872978518331e+02	1.872975316419e+02	8.003670282393e+03	8.003669962203e+03	-2.312932239349e+01	-2.312934983679e+01	9.438400096400e-02	-2.303496583582e+01	-2.376252568869e+01
6.927083333333e+00	7.658842626381e+03	7.658842626381e+03	1.748649099271e+02	1.748642319890e+02	7.833707536308e+03	7.833706858370e+03	-2.290098387271e+01	-2.290100366433e+01	9.357730010100e-02	-2.280742636423e+01	-2.355325619686e+01
7.018229166667e+00	7.258987592672e+03	7.258987592672e+03	1.519004799677e+02	1.518996383484e+02	7.410888072640e+03	7.410887231020e+03	-2.177527694983e+01	-2.177528474641e+01	9.277059923800e-02	-2.168251414717e+01	-2.244684032064e+01
7.109375000000e+00	6.654038286348e+03	6.654038286348e+03	1.256057868901e+02	1.256050773924e+02	6.779644073238e+03	6.779643363740e+03	-1.964710503935e+01	-1.964708126151e+01	9.196389837500e-02	-1.955511736313e+01	-2.033816623835e+01
7.200520833333e+00	5.903495398088e+03	5.903495398088e+03	1.013009727099e+02	1.013005771717e+02	6.004796370798e+03	6.004795975261e+03	-1.673839965689e+01	-1.673834951424e+01	9.115719751200e-02	-1.664719231673e+01	-1.744919025477e+01
7.291666666667e+00	5.077632790673e+03	5.077632790673e+03	8.105261306797e+01	8.105258494958e+01	5.158685403741e+03	5.158685375623e+03	-1.354520302834e+01	-1.354513325732e+01	9.035049664900e-02	-1.345478276067e+01	-1.427595612244e+01
7.382812500000e+00	4.243337566478e+03	4.243337566478e+03	6.447329664504e+01	6.447351250261e+01	4.307810863123e+03	4.307811078980e+03	-1.053164411095e+01	-1.053158229852e+01	8.954379578600e-02	-1.044203850274e+01	-1.128261364932e+01
7.473958333333e+00	3.453569423188e+03	3.453569423188e+03	5.035355351117e+01	5.035389011310e+01	3.503922976699e+03	3.503923313301e+03	-7.960526052934e+00	-7.960477369327e+00	8.873709492300e-02	-7.871740274405e+00	-8.731943566705e+00
7.565104166667e+00	2.743852651651e+03	2.743852651651e+03	3.796321827790e+01	3.796356898146e+01	2.781815869929e+03	2.781816220631e+03	-5.886751122292e+00	-5.886716647322e+00	8.793039406000e-02	-5.798786253262e+00	-6.678844052358e+00
7.656250000000e+00	2.134121740434e+03	2.134121740434e+03	2.730363990328e+01	2.730399068018e+01	2.161425380337e+03	2.161425731114e+03	-4.201517855288e+00	-4.201480065133e+00	8.712369319700e-02	-4.114356371936e+00	-5.014495038741e+00
7.747395833333e+00	1.631969397662e+03	1.631969397662e+03	1.858892101991e+01	1.858923787264e+01	1.650558318682e+03	1.650558635535e+03	-2.842492506909e+00	-2.842454336217e+00	8.631699233400e-02	-2.756137343883e+00	-3.676583239464e+00
7.838541666667e+00	1.235065714841e+03	1.235065714841e+03	1.188390571433e+01	1.188418286284e+01	1.246949620556e+03	1.246949897704e+03	-1.795052174243e+00	-1.795010204381e+00	8.551029147100e-02	-1.709499912910e+00	-2.650479398186e+00
7.929687500000e+00	9.330504797688e+02	9.330504797688e+02	7.053213980732e+00	7.053416113635e+00	9.401036937496e+02	9.401038958824e+02	-1.029330326839e+00	-1.029293186236e+00	8.470359060800e-02	-9.445895956270e-01	-1.906329031667e+00
8.020833333333e+00	7.105061252153e+02	7.105061252153e+02	3.826014756453e+00	3.826155601788e+00	7.143321399718e+02	7.143322808171e+02	-4.953577790712e-01	-4.953179010084e-01	8.389688974500e-02	-4.114210112628e-01	-1.394146758986e+00
8.111979166667e+00	5.509850389914e+02	5.509850389914e+02	1.880358861704e+00	1.880431926051e+00	5.528653978531e+02	5.528654709174e+02	-1.317162646414e-01	-1.316814961602e-01	8.309018888200e-02	-4.859130727778e-02	-1.052529727748e+00
8.203125000000e+00	4.405409368846e+02	4.405409368846e+02	8.546454422485e-01	8.546878923765e-01	4.413955823269e+02	4.413956247769e+02	1.152757065252e-01	1.153142300240e-01	8.228348802000e-02	1.975977180435e-01	-8.277797360963e-01
8.294270833333e+00	3.691797195488e+02	3.691797195488e+02	3.775754569732e-01	3.775880500372e-01	3.695572950058e+02	3.695573075988e+02	2.654700815328e-01	2.655046334108e-01	8.147678715700e-02	3.469814205673e-01	-7.000614283049e-01
8.385416666667e+00	3.298387162848e+02	3.298387162848e+02	1.693584410544e-01	1.693710524976e-01	3.300080747259e+02	3.300080873373e+02	3.477555740399e-01	3.477950525720e-01	8.067008629400e-02	4.284651388656e-01	-6.404694656659e-01
8.476562500000e+00	3.170127808384e+02	3.170127808384e+02	8.671315282999e-02	8.671539186736e-02	3.170994939912e+02	3.170994962302e+02	3.761748306715e-01	3.762110800709e-01	7.986338543100e-02	4.560744655013e-01	-6.349782557796e-01
8.567708333333e+00	3.266271260584e+02	3.266271260584e+02	9.580794912539e-02	9.582949059346e-02	3.267229340075e+02	3.267229555490e+02	3.541656153407e-01	3.542064863255e-01	7.905668456800e-02	4.332631708930e-01	-6.801340283864e-01
8.658854166667e+00	3.557704107173e+02	3.557704107173e+02	2.563994240227e-01	2.564420544072e-01	3.560268101413e+02	3.560268527717e+02	2.971346567994e-01	2.971757044669e-01	7.824998370500e-02	3.754256881724e-01	-7.605423528183e-01
8.750000000000e+00	4.025170250174e+02	4.025170250174e+02	6.599445160822e-01	6.600388004763e-01	4.031769695335e+02	4.031770638179e+02	2.305341280441e-01	2.305868762486e-01	7.744328284200e-02	3.080301590910e-01	-8.507351019633e-01
8.841145833333e+00	4.665347804914e+02	4.665347804914e+02	1.315453141813e+00	1.315572185805e+00	4.678502336332e+02	4.678503526772e+02	1.615903738456e-01	1.616513685218e-01	7.663658197900e-02	2.382879505008e-01	-9.435009826447e-01
8.932291666667e+00	5.503980432363e+02	5.503980432363e+02	2.092858422983e+00	2.092986527763e+00	5.524909016593e+02	5.524910297642e+02	7.962047672195e-02	7.969489564571e-02	7.582988111600e-02	1.555247767623e-01	-1.049514568499e+00
9.023437500000e+00	6.594511707052e+02	6.594511707052e+02	2.758020356999e+00	2.758095979811e+00	6.622091910622e+02	6.622092666851e+02	-3.816837635464e-02	-3.809007192622e-02	7.502318025300e-02	3.693310832781e-02	-1.191584275077e+00
9.114583333333e+00	7.994105726792e+02	7.994105726792e+02	3.087169257521e+00	3.087178390332e+00	8.024977419367e+02	8.024977510691e+02	-2.145398072867e-01	-2.144531784459e-01	7.421647939000e-02	-1.402366990554e-01	-1.392461872673e+00
9.205729166667e+00	9.725028614689e+02	9.725028614689e+02	2.984083579203e+00	2.984005266177e+00	9.754869450481e+02	9.754868667351e+02	-4.374613128154e-01	-4.373754111381e-01	7.340977852700e-02	-3.639656326111e-01	-1.640132287972e+00
9.296875000000e+00	1.174158626003e+03	1.174158626003e+03	2.529464444245e+00	2.529343563726e+00	1.176688090447e+03	1.176687969567e+03	-6.906306551746e-01	-6.905380913359e-01	7.260307766400e-02	-6.179350136726e-01	-1.918282343051e+00
9.388020833333e+00	1.393326980030e+03	1.393326980030e+03	1.929575284397e+00	1.929436475552e+00	1.395256555315e+03	1.395256416506e+03	-9.577534693183e-01	-9.576675382835e-01	7.179637680100e-02	-8.858711614820e-01	-2.210643799139e+00
9.479166666667e+00	1.615186268959e+03	1.615186268959e+03	1.406252550762e+00	1.406150649425e+00	1.616592521510e+03	1.616592419609e+03	-1.237736627389e+00	-1.237658383707e+00	7.098967593800e-02	-1.166668707769e+00	-2.516114270529e+00
9.570312500000e+00	1.824496043316e+03	1.824496043316e+03	1.088491860884e+00	1.088425932356e+00	1.825584535177e+03	1.825584469248e+03	-1.536354943198e+00	-1.536295930598e+00	7.018297507500e-02	-1.466112955522e+00	-2.840477934714e+00
9.661458333333e+00	2.007679603749e+03	2.007679603749e+03	9.752232579140e-01	9.752059619184e-01	2.008654827007e+03	2.008654809711e+03	-1.833251142576e+00	-1.833204517883e+00	6.937627421300e-02	-1.763828243670e+00	-3.163353951201e+00
9.752604166667e+00	2.153139929247e+03	2.153139929247e+03	9.738117493575e-01	9.738090307198e-01	2.154113740997e+03	2.154113738278e+03	-2.088077404212e+00	-2.088048381427e+00	6.856957335000e-02	-2.019478808077e+00	-3.444398636055e+00
9.843750000000e+00	2.251875188394e+03	2.251875188394e+03	9.892365306174e-01	9.892536542159e-01	2.252864424925e+03	2.252864442048e+03	-2.257842205336e+00	-2.257817045822e+00	6.776287248700e-02	-2.190054173335e+00	-3.640592628162e+00
9.934895833333e+00	2.299392716539e+03	2.299392716539e+03	9.759326292425e-01	9.759440632284e-01	2.300368649168e+03	2.300368660602e+03	-2.319542960393e+00	-2.319520910882e+00	6.695617162400e-02	-2.252564739258e+00	-3.728938473760e+00
1.002604166667e+01	2.297571780434e+03	2.297571780434e+03	9.182229452131e-01	9.182385381988e-01	2.298490003379e+03	2.298490018972e+03	-2.285224918173e+00	-2.285197080343e+00	6.614947076100e-02	-2.219047609583e+00	-3.721468237679e+00
1.011718750000e+01	2.254511838262e+03	2.254511838262e+03	8.185338492171e-01	8.185296072858e-01	2.255330372111e+03	2.255330367869e+03	-2.198314233420e+00	-2.198293632027e+00	6.534276989800e-02	-2.132950862128e+00	-3.661628319865e+00
1.020833333333e+01	2.183012265254e+03	2.183012265254e+03	7.043816535313e-01	7.043748068536e-01	2.183716646907e+03	2.183716640060e+03	-2.082411241654e+00	-2.082394849628e+00	6.453606903500e-02	-2.017858780594e+00	-3.573003716045e+00
1.029947916667e+01	2.097835510508e+03	2.097835510508e+03	6.192589168063e-01	6.192380136167e-01	2.098454769425e+03	2.098454748522e+03	-1.918482120736e+00	-1.918476479665e+00	6.372936817200e-02	-1.854747111494e+00	-3.436571906961e+00
1.039062500000e+01	2.013009803937e+03	2.013009803937e+03	5.953305799545e-01	5.953223015119e-01	2.013605134517e+03	2.013605126239e+03	-1.701637803034e+00	-1.701630882056e+00	6.292266730900e-02	-1.638708214747e+00	-3.247427371820e+00
1.048177083333e+01	1.940648900612e+03	1.940648900612e+03	6.290019657664e-01	6.289944717553e-01	1.941277902577e+03	1.941277895084e+03	-1.457256871594e+00	-1.457257489242e+00	6.211596644600e-02	-1.395141522796e+00	-3.030972054066e+00
1.057291666667e+01	1.888172385341e+03	1.888172385341e+03	6.828339384134e-01	6.828447685688e-01	1.888855219279e+03	1.888855230109e+03	-1.246474186360e+00	-1.246479630966e+00	6.130926558300e-02	-1.185170365384e+00	-2.848332104214e+00
1.066406250000e+01	1.855177441171e+03	1.855177441171e+03	7.127835552614e-01	7.127902497538e-01	1.855890224726e+03	1.855890231421e+03	-1.126073304254e+00	-1.126097156031e+00	6.050256472000e-02	-1.065594591311e+00	-2.756310104149e+00
1.075520833333e+01	1.832767261429e+03	1.832767261429e+03	7.006645045369e-01	7.006798469546e-01	1.833467925933e+03	1.833467941276e+03	-1.082739798666e+00	-1.082773493684e+00	5.969586385700e-02	-1.023077629828e+00	-2.741571956285e+00
1.084635416667e+01	1.806639161966e+03	1.806639161966e+03	6.609305285424e-01	6.609338286183e-01	1.807300092495e+03	1.807300095795e+03	-1.060791681002e+00	-1.060836140810e+00	5.888916299400e-02	-1.001946977816e+00	-2.748448440608e+00
1.093750000000e+01	1.765649338508e+03	1.765649338508e+03	6.210513968306e-01	6.210599735772e-01	1.766270389905e+03	1.766270398481e+03	-1.003304325723e+00	-1.003347219462e+00	5.808246213100e-02	-9.452647573298e-01	-2.720009480502e+00
1.102864583333e+01	1.708399298396e+03	1.708399298396e+03	5.959015443981e-01	5.958986274489e-01	1.708995199940e+03	1.708995197023e+03	-9.022407550970e-01	-9.022844440485e-01	5.727576126800e-02	-8.450086827808e-01	-2.648252637066e+00
1.111979166667e+01	1.642123794610e+03	1.642123794610e+03	5.815329830061e-01	5.815369609275e-01	1.642705327593e+03	1.642705331572e+03	-7.889499471111e-01	-7.889847565825e-01	5.646906040600e-02	-7.325156961763e-01	-2.564556190292e+00
1.121093750000e+01	1.575760798522e+03	1.575760798522e+03	5.651461825508e-01	5.651381301378e-01	1.576325944705e+03	1.576325936653e+03	-6.921867934320e-01	-6.922267639903e-01	5.566235954300e-02	-6.365644044470e-01	-2.497764472606e+00
1.130208333333e+01	1.513009509492e+03	1.513009509492e+03	5.388516075585e-01	5.388478856252e-01	1.513548361100e+03	1.513548357378e+03	-6.182866496424e-01	-6.183336140711e-01	5.485565868000e-02	-5.634779553906e-01	-2.454276197830e+00
1.139322916667e+01	1.452432359639e+03	1.452432359639e+03	5.027973891531e-01	5.027811490568e-01	1.452935157028e+03	1.452935140788e+03	-5.532250914821e-01	-5.532928207485e-01	5.404895781700e-02	-4.992438629316e-01	-2.420134146439e+00
1.148437500000e+01	1.392914549661e+03	1.392914549661e+03	4.617345840370e-01	4.617276379745e-01	1.393376284246e+03	1.393376277300e+03	-4.728981377154e-01	-4.729763886928e-01	5.324225695400e-02	-4.197341317381e-01	-2.371220567876e+00
1.157552083333e+01	1.337806789078e+03	1.337806789078e+03	4.154641819636e-01	4.154533112564e-01	1.338222253260e+03	1.338222242389e+03	-3.609807886951e-01	-3.610738346845e-01	5.243555609100e-02	-3.086382785942e-01	-2.291189721166e+00
1.166666666667e+01	1.293871573772e+03	1.293871573772e+03	3.573539041661e-01	3.573594325361e-01	1.294228927676e+03	1.294228933204e+03	-2.539876631511e-01	-2.540885756567e-01	5.162885522800e-02	-2.024597204293e-01	-2.216483468076e+00
1.175781250000e+01	1.268825366865e+03	1.268825366865e+03	2.866077492195e-01	2.866117226205e-01	1.269111974614e+03	1.269111978588e+03	-1.820095675119e-01	-1.821235916903e-01	5.082215436500e-02	-1.313014373258e-01	-2.177139405452e+00
1.184895833333e+01	1.270261433631e+03	1.270261433631e+03	2.193797292339e-01	2.193978051192e-01	1.270480813360e+03	1.270480831436e+03	-1.882938848359e-01	-1.884105338042e-01	5.001545350200e-02	-1.383950803022e-01	-2.216335676391e+00
1.194010416667e+01	1.306042750456e+03	1.306042750456e+03	1.906642807168e-01	1.906753310927e-01	1.306233414737e+03	1.306233425787e+03	-2.883847206296e-01	-2.885058098242e-01	4.920875263900e-02	-2.392970571847e-01	-2.349592552327e+00
1.203125000000e+01	1.380394062497e+03	1.380394062497e+03	2.413200084720e-01	2.413381933010e-01	1.380635382506e+03	1.380635400691e+03	-4.293116066088e-01	-4.294258163198e-01	4.840205177600e-02	-3.810237645436e-01	-2.523904349664e+00
1.212239583333e+01	1.487013672832e+03	1.487013672832e+03	3.829066552411e-01	3.829114944874e-01	1.487396579487e+03	1.487396584326e+03	-5.701162145647e-01	-5.702303300215e-01	4.759535091300e-02	-5.226349791083e-01	-2.698316969824e+00
1.221354166667e+01	1.607540265476e+03	1.607540265476e+03	5.807467148203e-01	5.807553847412e-01	1.608121012191e+03	1.608121020861e+03	-7.022732843883e-01	-7.023781984152e-01	4.678865005000e-02	-6.555895483654e-01	-2.864280432704e+00
1.230468750000e+01	1.717267023172e+03	1.717267023172e+03	7.689997218068e-01	7.689961063263e-01	1.718036022894e+03	1.718036019278e+03	-8.050942171097e-01	-8.051936392304e-01	4.598194918700e-02	-7.592116900441e-01	-3.001114761584e+00
1.239583333333e+01	1.792896133955e+03	1.792896133955e+03	8.826991877477e-01	8.827035764251e-01	1.793778833143e+03	1.793778837532e+03	-8.545684487085e-01	-8.546508964455e-01	4.517524832400e-02	-8.094756481214e-01	-3.084794616550e+00
1.248697916667e+01	1.819450006474e+03	1.819450006474e+03	8.857130449582e-01	8.857092585925e-01	1.820335719519e+03	1.820335715732e+03	-8.374680383336e-01	-8.375357463986e-01	4.436854746200e-02	-7.931671989360e-01	-3.102110133790e+00
1.257812500000e+01	1.795497589772e+03	1.795497589772e+03	7.861254484233e-01	7.861307046752e-01	1.796283715220e+03	1.796283720476e+03	-7.605671811719e-01	-7.606113675864e-01	4.356184659900e-02	-7.170495209871e-01	-3.059831848546e+00
1.266927083333e+01	1.734443462604e+03	1.734443462604e+03	6.317487471344e-01	6.317427247867e-01	1.735075211351e+03	1.735075205329e+03	-6.373350037541e-01	-6.373673937344e-01	4.275514573600e-02	-5.946122479990e-01	-2.971458571683e+00
1.276041666667e+01	1.660663709463e+03	1.660663709463e+03	4.872339134538e-01	4.872324846925e-01	1.661150943377e+03	1.661150941948e+03	-4.789486686120e-01	-4.789683910333e-01	4.194844487300e-02	-4.370199461611e-01	-2.848164177011e+00
1.285156250000e+01	1.599573081380e+03	1.599573081380e+03	4.016838292497e-01	4.016698698868e-01	1.599974765209e+03	1.599974751250e+03	-3.295684847083e-01	-3.295877786864e-01	4.114174401000e-02	-2.884460346766e-01	-2.734129384379e+00
1.294270833333e+01	1.567430716694e+03	1.567430716694e+03	3.921151136706e-01	3.921100955909e-01	1.567822831808e+03	1.567822826790e+03	-2.327603718994e-01	-2.327728922803e-01	4.033504314700e-02	-1.924378491328e-01	-2.672904620518e+00
1.303385416667e+01	1.565726110421e+03	1.565726110421e+03	4.439762614101e-01	4.439667412007e-01	1.566170086682e+03	1.566170077163e+03	-2.039660085533e-01	-2.039769688717e-01	3.952834228400e-02	-1.644486265871e-01	-2.679940533438e+00
1.312500000000e+01	1.583995376027e+03	1.583995376027e+03	5.218264495354e-01	5.218320257050e-01	1.584517202476e+03	1.584517208052e+03	-2.272690324197e-01	-2.272732888620e-01	3.872164142100e-02	-1.885516474418e-01	-2.739302132868e+00
1.321614583333e+01	1.608022117296e+03	1.608022117296e+03	5.871350119470e-01	5.871360267618e-01	1.608609252308e+03	1.608609253323e+03	-2.580544128986e-01	-2.580653276953e-01	3.791494055800e-02	-2.201503871361e-01	-2.806380175606e+00
1.330729166667e+01	1.628281035882e+03	1.628281035882e+03	6.087438033248e-01	6.087538408239e-01	1.628889779685e+03	1.628889789723e+03	-2.591817556417e-01	-2.591937419837e-01	3.710823969500e-02	-2.220855022892e-01	-2.843999747473e+00
1.339843750000e+01	1.643324844226e+03	1.643324844226e+03	5.722362554443e-01	5.722329054597e-01	1.643897080481e+03	1.643897077131e+03	-2.628757188170e-01	-2.629022737548e-01	3.630153883200e-02	-2.266007349218e-01	-2.884387635089e+00
1.348958333333e+01	1.659469657023e+03	1.659469657023e+03	4.967361321448e-01	4.967350928010e-01	1.659966393155e+03	1.659966392116e+03	-2.978508262064e-01	-2.978875609632e-01	3.549483796900e-02	-2.623927229940e-01	-2.956223498047e+00
1.358072916667e+01	1.686033660517e+03	1.686033660517e+03	4.326639920813e-01	4.326494105573e-01	1.686466324509e+03	1.686466309927e+03	-3.544283396282e-01	-3.544806459329e-01	3.468813710600e-02	-3.197925088261e-01	-3.049822546694e+00
1.367187500000e+01	1.727680700730e+03	1.727680700730e+03	4.339917797966e-01	4.339861327885e-01	1.728114692510e+03	1.728114686863e+03	-3.982046840967e-01	-3.982610678950e-01	3.388143624300e-02	-3.643796316505e-01	-3.130750264513e+00
1.376302083333e+01	1.779892352530e+03	1.779892352530e+03	5.214515444267e-01	5.214416135470e-01	1.780413804075e+03	1.780413794144e+03	-4.117154662652e-01	-4.117792942499e-01	3.307473538000e-02	-3.787045588688e-01	-3.181544799465e+00
1.385416666667e+01	1.831846379136e+03	1.831846379136e+03	6.653262741460e-01	6.653317930561e-01	1.832511705410e+03	1.832511710928e+03	-3.906451882967e-01	-3.907068797377e-01	3.226803451700e-02	-3.584388452198e-01	-3.197866717143e+00
1.394531250000e+01	1.872331102015e+03	1.872331102015e+03	7.980449515838e-01	7.980467979903e-01	1.873129146967e+03	1.873129148813e+03	-3.682454071821e-01	-3.683108440772e-01	3.146133365500e-02	-3.368495104234e-01	-3.212972943443e+00
1.403645833333e+01	1.892834107028e+03	1.892834107028e+03	8.546973940376e-01	8.547091240174e-01	1.893688804422e+03	1.893688816152e+03	-3.728263283567e-01	-3.728873745274e-01	3.065463279200e-02	-3.422327417353e-01	-3.255150062584e+00
1.412760416667e+01	1.887325312895e+03	1.887325312895e+03	8.143710331856e-01	8.143698120979e-01	1.888139683928e+03	1.888139682707e+03	-3.931490456518e-01	-3.932177640580e-01	2.984793192900e-02	-3.633698321289e-01	-3.313169782247e+00
1.421875000000e+01	1.853596858663e+03	1.853596858663e+03	7.087635589631e-01	7.087645590876e-01	1.854305622222e+03	1.854305623223e+03	-3.713622513456e-01	-3.714344913669e-01	2.904123106600e-02	-3.423932603015e-01	-3.329154205597e+00
1.430989583333e+01	1.796776363697e+03	1.796776363697e+03	5.916022116445e-01	5.915889708730e-01	1.797367965909e+03	1.797367952669e+03	-2.524100914107e-01	-2.524938478358e-01	2.823453020300e-02	-2.242593176335e-01	-3.248046329436e+00
1.440104166667e+01	1.730216201505e+03	1.730216201505e+03	5.014448142624e-01	5.014396709151e-01	1.730717646320e+03	1.730717641177e+03	-4.865958001444e-02	-4.874233846305e-02	2.742782934000e-02	-2.131450912273e-02	-3.082171300701e+00
1.449218750000e+01	1.673188882475e+03	1.673188882475e+03	4.445855722082e-01	4.445751949721e-01	1.673633468047e+03	1.673633457671e+03	1.679000658607e-01	1.678128232538e-01	2.662112847700e-02	1.944339517305e-01	-2.903498680686e+00
1.458333333333e+01	1.643672064347e+03	1.643672064347e+03	4.090579792970e-01	4.090616695707e-01	1.644081122326e+03	1.644081126016e+03	3.064453026946e-01	3.063589170295e-01	2.581442761400e-02	3.321733446437e-01	-2.802781601214e+00
1.467447916667e+01	1.650066532378e+03	1.650066532378e+03	3.911958661363e-01	3.911940467950e-01	1.650457728245e+03	1.650457726425e+03	3.186598175280e-01	3.185592004385e-01	2.500772675100e-02	3.435669271896e-01	-2.828283212466e+00
1.476562500000e+01	1.689780094491e+03	1.689780094491e+03	4.060626816474e-01	4.060704467075e-01	1.690186157173e+03	1.690186164938e+03	2.452799541199e-01	2.451665956278e-01	2.420102588800e-02	2.693676215159e-01	-2.939188820288e+00
1.485677083333e+01	1.754815571867e+03	1.754815571867e+03	4.696773827528e-01	4.696755013227e-01	1.755285249250e+03	1.755285247369e+03	1.455058691494e-01	1.453691181004e-01	2.339432502500e-02	1.687634431251e-01	-3.076286844980e+00
1.494791666667e+01	1.838439257231e+03	1.838439257231e+03	5.766303399016e-01	5.766377466299e-01	1.839015887571e+03	1.839015894978e+03	4.074523651807e-02	4.059338370465e-02	2.258762416200e-02	6.318100786596e-02	-3.218161730820e+00
1.503906250000e+01	1.934720875906e+03	1.934720875906e+03	6.987245353973e-01	6.987265748028e-01	1.935419600442e+03	1.935419602481e+03	-6.102273793968e-02	-6.118929691478e-02	2.178092329900e-02	-3.940837361552e-02	-3.356848672136e+00
1.513020833333e+01	2.030952129054e+03	2.030952129054e+03	8.010540507139e-01	8.010710849570e-01	2.031753183105e+03	2.031753200139e+03	-1.589509831957e-01	-1.591154090629e-01	2.097422243600e-02	-1.381411866271e-01	-3.491451266572e+00
1.522135416667e+01	2.105413759061e+03	2.105413759061e+03	8.613267298915e-01	8.613407024765e-01	2.106275085790e+03	2.106275099763e+03	-2.440822785775e-01	-2.442416733267e-01	2.016752157300e-02	-2.240741517540e-01	-3.612963580571e+00
1.531250000000e+01	2.135202307730e+03	2.135202307730e+03	8.831782707507e-01	8.832033954255e-01	2.136085486001e+03	2.136085511126e+03	-2.668936606650e-01	-2.670338262402e-01	1.936082071000e-02	-2.476730055296e-01	-3.671794592531e+00
1.540364583333e+01	2.107606534651e+03	2.107606534651e+03	8.831282837780e-01	8.831413918390e-01	2.108489662934e+03	2.108489676043e+03	-1.665562891040e-01	-1.666780299922e-01	1.855411984800e-02	-1.481239101433e-01	-3.607090795569e+00
1.549479166667e+01	2.024622884295e+03	2.024622884295e+03	8.678122389968e-01	8.678263497451e-01	2.025490696534e+03	2.025490710646e+03	6.237817119455e-02	6.228722174655e-02	1.774741898500e-02	8.003464073070e-02	-3.413341108534e+00
1.558593750000e+01	1.898265397031e+03	1.898265397031e+03	8.266288246704e-01	8.266239272184e-01	1.899092025856e+03	1.899092020959e+03	3.880328916825e-01	3.879677893254e-01	1.694071812200e-02	4.049085074469e-01	-3.122339111129e+00
1.567708333333e+01	1.741960601471e+03	1.741960601471e+03	7.425428582367e-01	7.425379390613e-01	1.742703144329e+03	1.742703139410e+03	7.552503028886e-01	7.552176404517e-01	1.613401725900e-02	7.713516577102e-01	-2.789050484112e+00
1.576822916667e+01	1.566550997024e+03	1.566550997024e+03	6.127355887094e-01	6.127168881043e-01	1.567163732613e+03	1.567163713912e+03	1.111294340145e+00	1.111283690270e+00	1.532731639600e-02	1.126611006666e+00	-2.465978438498e+00
1.585937500000e+01	1.382051178212e+03	1.382051178212e+03	4.617450313097e-01	4.617358615309e-01	1.382512923243e+03	1.382512914073e+03	1.457136965522e+00	1.457153257956e+00	1.452061553300e-02	1.471673873490e+00	-2.151885553974e+00
1.595052083333e+01	1.198873588205e+03	1.198873588205e+03	3.285479043829e-01	3.285346383025e-01	1.199202136109e+03	1.199202122843e+03	1.808849479250e+00	1.808882057782e+00	1.371391467000e-02	1.822595972452e+00	-1.830554546644e+00
1.604166666667e+01	1.026621046188e+03	1.026621046188e+03	2.413201771599e-01	2.413215523954e-01	1.026862366365e+03	1.026862367740e+03	2.165631168171e+00	2.165680318404e+00	1.290721380700e-02	2.178587532210e+00	-1.502702216770e+00
1.613281250000e+01	8.722979157625e+02	8.722979157625e+02	2.019648347630e-01	2.019610904718e-01	8.724998805973e+02	8.724998768529e+02	2.501903658405e+00	2.501956298532e+00	1.210051294400e-02	2.514056811476e+00	-1.193806436293e+00
1.622395833333e+01	7.397073043454e+02	7.397073043454e+02	1.920120633215e-01	1.920179706749e-01	7.398993164088e+02	7.398993223162e+02	2.789657136657e+00	2.789717903167e+00	1.129381208100e-02	2.801011715248e+00	-9.315850727389e-01
1.631510416667e+01	6.298903289715e+02	6.298903289715e+02	1.867160147791e-01	1.867111368047e-01	6.300770449863e+02	6.300770401082e+02	3.027317693572e+00	3.027378218982e+00	1.048711121800e-02	3.037865330199e+00	-7.172135053061e-01
1.640625000000e+01	5.408014019495e+02	5.408014019495e+02	1.661831013209e-01	1.661842648303e-01	5.409675850508e+02	5.409675862141e+02	3.207510747700e+00	3.207577358249e+00	9.680410355200e-03	3.217257768603e+00	-5.575830041467e-01
1.649739583333e+01	4.681903914423e+02	4.681903914423e+02	1.261801994531e-01	1.261706478320e-01	4.683165716417e+02	4.683165620902e+02	3.328406323869e+00	3.328473819798e+00	8.873709492300e-03	3.337347529290e+00	-4.540358633116e-01
1.658854166667e+01	4.093464532812e+02	4.093464532812e+02	7.899825630522e-02	7.899771187117e-02	4.094254515375e+02	4.094254509932e+02	3.406769076402e+00	3.406845080246e+00	8.067008629400e-03	3.414912088875e+00	-3.892993646399e-01
1.667968750000e+01	3.646091481257e+02	3.646091481257e+02	4.334195781041e-02	4.333436707721e-02	3.646524900835e+02	3.646524824930e+02	3.449390267509e+00	3.449466253426e+00	7.260307766400e-03	3.456726561192e+00	-3.561913052737e-01
1.677083333333e+01	3.353211948339e+02	3.353211948339e+02	3.492207380253e-02	3.492604009618e-02	3.353561169077e+02	3.353561208737e+02	3.464870793525e+00	3.464953116281e+00	6.453606903500e-03	3.471406723184e+00	-3.458030689322e-01
1.686197916667e+01	3.209206507415e+02	3.209206507415e+02	5.755641840440e-02	5.755365978233e-02	3.209782071599e+02	3.209782044015e+02	3.463026693830e+00	3.463106423317e+00	5.646906040600e-03	3.468753329358e+00	-3.480750606707e-01
1.695312500000e+01	3.173814221621e+02	3.173814221621e+02	1.010149662382e-01	1.010220094802e-01	3.174824371283e+02	3.174824441718e+02	3.450158524806e+00	3.450242265717e+00	4.840205177600e-03	3.455082470895e+00	-3.564149057072e-01
1.704427083333e+01	3.182397221121e+02	3.182397221121e+02	1.467656247945e-01	1.467633884210e-01	3.183864877369e+02	3.183864855007e+02	3.430530615933e+00	3.430611769507e+00	4.033504314700e-03	3.434645273822e+00	-3.663692608582e-01
1.713541666667e+01	3.168972019104e+02	3.168972019104e+02	1.765207962029e-01	1.765261741058e-01	3.170737227066e+02	3.170737280847e+02	3.414908601263e+00	3.414996133887e+00	3.226803451700e-03	3.418222937339e+00	-3.671736104928e-01
1.722656250000e+01	3.078670674934e+02	3.078670674934e+02	1.781014463223e-01	1.780962362442e-01	3.080451689397e+02	3.080451637296e+02	3.403139061106e+00	3.403225466912e+00	2.420102588800e-03	3.405645569502e+00	-3.592807819370e-01
1.731770833333e+01	2.876044467181e+02	2.876044467181e+02	1.508743251680e-01	1.508766528308e-01	2.877553210432e+02	2.877553233709e+02	3.392350320627e+00	3.392443528775e+00	1.613401725900e-03	3.394056930501e+00	-3.460344079602e-01
1.740885416667e+01	2.556396411310e+02	2.556396411310e+02	1.057532644398e-01	1.057461474375e-01	2.557453943954e+02	2.557453872783e+02	3.389954187699e+00	3.390046980098e+00	8.067008629400e-04	3.390853680961e+00	-3.206403223564e-01
1.750000000000e+01	2.150386034197e+02	2.150386034197e+02	5.930629933698e-02	5.930844755677e-02	2.150979097191e+02	2.150979118672e+02	3.403019584473e+00	3.403119262912e+00	-1.408602346333e-17	3.403119262912e+00	-2.766758560881e-01
1.759114583333e+01	1.713060159630e+02	1.713060159630e+02	2.488385316362e-02	2.487796931359e-02	1.713308998162e+02	1.713308939322e+02	3.433015729007e+00	3.433114096539e+00	-8.067008629400e-04	3.432307395676e+00	-2.133933538386e-01
1.768229166667e+01	1.301197340618e+02	1.301197340618e+02	6.925833303374e-03	6.929700654720e-03	1.301266598951e+02	1.301266637626e+02	3.471031205305e+00	3.471134446412e+00	-1.613401725900e-03	3.469521044687e+00	-1.404195226409e-01
1.777343750000e+01	9.529055349059e+01	9.529055349059e+01	1.084124451581e-03	1.079543720069e-03	9.529163761504e+01	9.529163303424e+01	3.501554057457e+00	3.501653376474e+00	-2.420102588800e-03	3.499233273885e+00	-7.393893315036e-02
1.786458333333e+01	6.805574427014e+01	6.805574427014e+01	1.304787097245e-04	1.349177910271e-04	6.805587474885e+01	6.805587918794e+01	3.512384996129e+00	3.512487100157e+00	-3.226803451700e-03	3.509260296705e+00	-2.659898623876e-02
1.795572916667e+01	4.784408324207e+01	4.784408324207e+01	5.301031266331e-06	8.459196392806e-07	4.784408854311e+01	4.784408408800e+01	3.505512813755e+00	3.505610507572e+00	-4.033504314700e-03	3.501577003257e+00	3.312037147352e-03
1.804687500000e+01	3.341584189940e+01	3.341584189940e+01	9.303866186576e-06	1.375704814608e-05	3.341585120327e+01	3.341585565644e+01	3.491519507587e+00	3.491620371995e+00	-4.840205177600e-03	3.486780166818e+00	2.620497800496e-02
1.813802083333e+01	2.329842154949e+01	2.329842154949e+01	-7.050095584830e-06	-1.150345863478e-05	2.329841449939e+01	2.329841004601e+01	3.470769680641e+00	3.470866015100e+00	-5.646906040600e-03	3.465219109060e+00	4.222936525933e-02
1.822916666667e+01	1.624347203048e+01	1.624347203048e+01	6.916926930698e-06	1.137027088102e-05	1.624347894741e+01	1.624348340076e+01	3.444730774141e+00	3.444830123132e+00	-6.453606903500e-03	3.438376516228e+00	5.268801469810e-02
1.832031250000e+01	1.132259922711e+01	1.132259922711e+01	-6.520675852317e-06	-1.097404346851e-05	1.132259270643e+01	1.132258825307e+01	3.415213233554e+00	3.415308083211e+00	-7.260307766400e-03	3.408047775444e+00	5.929419006156e-02
1.841145833333e+01	7.890542758176e+00	7.890542758176e+00	6.312138177282e-06	1.076552392627e-05	7.890549070314e+00	7.890553523700e+00	3.383341292183e+00	3.383439147480e+00	-8.067008629400e-03	3.375372138850e+00	6.322329053129e-02
1.850260416667e+01	5.512738831721e+00	5.512738831721e+00	-6.013127989309e-06	-1.046654241985e-05	5.512732818593e+00	5.512728365178e+00	3.349868227559e+00	3.349961589436e+00	-8.873709492300e-03	3.341087879943e+00	6.531486634238e-02
1.859375000000e+01	3.876402893147e+00	3.876402893148e+00	5.943088034565e-06	1.039652588504e-05	3.876408836235e+00	3.876413289674e+00	3.315387510942e+00	3.315483874545e+00	-9.680410355200e-03	3.305803464190e+00	6.625885060180e-02
1.868489583333e+01	2.743288052792e+00	2.743288052791e+00	-5.569005189185e-06	-1.002247012382e-05	2.743282483787e+00	2.743278030322e+00	3.280215032709e+00	3.280306905650e+00	-1.048711121800e-02	3.269819794431e+00	6.636216341484e-02
1.877604166667e+01	1.947618517401e+00	1.947618517401e+00	5.649088510222e-06	1.010257907230e-05	1.947624166489e+00	1.947628619980e+00	3.244675080276e+00	3.244769952915e+00	-1.129381208100e-02	3.233476140834e+00	6.591393492185e-02
1.886718750000e+01	1.388102002552e+00	1.388102002552e+00	-5.247635815812e-06	-9.701153706458e-06	1.388096754916e+00	1.388092301398e+00	3.208881430506e+00	3.208971814023e+00	-1.210051294400e-02	3.196871301078e+00	6.497450426561e-02
1.895833333333e+01	9.962737450814e-01	9.962737450819e-01	5.313045729704e-06	9.766587342784e-06	9.962790581271e-01	9.962835116695e-01	3.173032466949e+00	3.173125848964e+00	-1.290721380700e-02	3.160218635157e+00	6.377020765718e-02
1.904947916667e+01	7.168257094303e-01	7.168257094301e-01	-5.044068873363e-06	-9.497638661052e-06	7.168206653614e-01	7.168162117910e-01	3.137146078894e+00	3.137234972735e+00	-1.371391467000e-02	3.123521058065e+00	6.235518207345e-02
1.914062500000e+01	5.134811230711e-01	5.134811230718e-01	4.966616641738e-06	9.420208919257e-06	5.134860896878e-01	5.134905432812e-01	3.101358900706e+00	3.101450792286e+00	-1.452061553300e-02	3.086930176754e+00	6.093373793061e-02
1.923177083333e+01	3.692792103698e-01	3.692792103694e-01	-4.850859179245e-06	-9.304479289293e-06	3.692743595106e-01	3.692699058900e-01	3.065644129071e+00	3.065731533091e+00	-1.532731639600e-02	3.050404216695e+00	5.948195613098e-02
1.932291666667e+01	2.697905473339e-01	2.697905473343e-01	4.713271408474e-06	9.166913319107e-06	2.697952606053e-01	2.697997142477e-01	3.030107916435e+00	3.030198317695e+00	-1.613401725900e-02	3.014064300436e+00	5.809530382381e-02
1.941406250000e+01	1.966829165143e-01	1.966829165149e-01	-4.560462960588e-06	-9.014131302163e-06	1.966783560514e-01	1.966739023836e-01	2.994699958502e+00	2.994785872610e+00	-1.694071812200e-02	2.977845154488e+00	5.667007361445e-02
1.950520833333e+01	1.396746033872e-01	1.396746033884e-01	4.600136711929e-06	9.053828257378e-06	1.396792035239e-01	1.396836572167e-01	2.959509926821e+00	2.959598837836e+00	-1.774741898500e-02	2.941851418852e+00	5.528990950693e-02
1.959635416667e+01	9.954917528481e-02	9.954917528547e-02	-4.194710111850e-06	-8.648424561118e-06	9.954498057470e-02	9.954052686091e-02	2.924478191236e+00	2.924562615372e+00	-1.855411984800e-02	2.906008495524e+00	5.387367193471e-02
1.968750000000e+01	7.447071102706e-02	7.447071102732e-02	4.518317505703e-06	8.972057158329e-06	7.447522934457e-02	7.447968308445e-02	2.889685881903e+00	2.889773302723e+00	-1.936082071000e-02	2.870412482013e+00	5.251151602072e-02
1.977864583333e+01	5.546930885365e-02	5.546930885379e-02	-3.892834603302e-06	-8.346595219576e-06	5.546541601905e-02	5.546096225852e-02	2.855067423986e+00	2.855150358107e+00	-2.016752157300e-02	2.834982836534e+00	5.111565522485e-02
1.986979166667e+01	3.825791983101e-02	3.825791983109e-02	4.348061495013e-06	8.801846345757e-06	3.826226789250e-02	3.826672167739e-02	2.820697989549e+00	2.820783920209e+00	-2.097422243600e-02	2.799809697773e+00	4.977179045449e-02
1.996093750000e+01	2.676598566885e-02	2.676598567002e-02	-3.698722420987e-06	-8.152529209744e-06	2.676228694643e-02	2.675783314085e-02	2.786511291764e+00	2.786592735840e+00	-2.178092329900e-02	2.764811812541e+00	4.839656514266e-02
2.005208333333e+01	2.162564172166e-02	2.162564172254e-02	4.120135836418e-06	8.573965176918e-06	2.162976185750e-02	2.163421568773e-02	2.752579231000e+00	2.752663671525e+00	-2.258762416200e-02	2.730076047363e+00	4.707557378359e-02
2.014322916667e+01	1.676783534990e-02	1.676783535043e-02	-3.534144900766e-06	-7.987995125214e-06	1.676430120500e-02	1.675984735529e-02	2.718834569124e+00	2.718914523130e+00	-2.339432502500e-02	2.695520198105e+00	4.572592529201e-02
2.023437500000e+01	1.014213976448e-02	1.014213976465e-02	3.902650891753e-06	8.356524880231e-06	1.014604241538e-02	1.015049628953e-02	2.685346144405e+00	2.685429094813e+00	-2.420102588800e-02	2.661228068925e+00	4.443179055740e-02
2.032552083333e+01	6.485411477142e-03	6.485411477392e-03	-3.370136454873e-06	-7.824029512650e-06	6.482041340687e-03	6.477587447888e-03	2.652048529683e+00	2.652126993603e+00	-2.500772675100e-02	2.627119266852e+00	4.311484378879e-02
2.041666666667e+01	6.821611177669e-03	6.821611177555e-03	3.686498596477e-06	8.140414706632e-06	6.825297676266e-03	6.829751592275e-03	2.619008489739e+00	2.619089950047e+00	-2.581442761400e-02	2.593275522433e+00	4.186009448520e-02
2.050781250000e+01	5.908890935882e-03	5.908890936456e-03	-3.215978449929e-06	-7.669914733691e-06	5.905674957432e-03	5.901221021773e-03	2.586160997013e+00	2.586237970837e+00	-2.662112847700e-02	2.559616842360e+00	4.059105597384e-02
2.059895833333e+01	2.356589354388e-03	2.356589354501e-03	3.484634897091e-06	7.938591894155e-06	2.360073989285e-03	2.364527946455e-03	2.553570427737e+00	2.553650397954e+00	-2.742782934000e-02	2.526222568614e+00	3.938899938014e-02
2.069010416667e+01	9.031842225071e-04	9.031842229518e-04	-3.039456322655e-06	-7.493434378114e-06	9.001447661845e-04	8.956907886553e-04	2.521174260344e+00	2.521249744060e+00	-2.823453020300e-02	2.493015213858e+00	3.817845847758e-02
2.078125000000e+01	2.591183333555e-03	2.591183333330e-03	3.318793422636e-06	7.772791391313e-06	2.594502126978e-03	2.598956124787e-03	2.489035078583e+00	2.489113558718e+00	-2.904123106600e-02	2.460072327651e+00	3.703888694506e-02
2.087239583333e+01	2.673438991524e-03	2.673438991101e-03	-2.848162036605e-06	-7.302180334132e-06	2.670590829487e-03	2.666136810854e-03	2.457091270479e+00	2.457165264079e+00	-2.984793192900e-02	2.427317332151e+00	3.589608617125e-02
2.096354166667e+01	1.018228845225e-04	1.018228845039e-04	3.151578601024e-06	7.605616792880e-06	1.049744631235e-04	1.094285014298e-04	2.425403230032e+00	2.425480220090e+00	-3.065463279200e-02	2.394825587298e+00	3.482524179057e-02
2.105468750000e+01	-6.074242544964e-04	-6.074242545158e-04	-2.688417984891e-06	-7.142476000217e-06	-6.101126724813e-04	-6.145667303839e-04	2.393912019579e+00	2.393984523058e+00	-3.146133365500e-02	2.362523189403e+00	3.375164196711e-02
2.114583333333e+01	1.408645796351e-03	1.408645796189e-03	2.944357355408e-06	7.398435242390e-06	1.411590153706e-03	1.416044231552e-03	2.362676245295e+00	2.362751745283e+00	-3.226803451700e-02	2.330483710766e+00	3.274709773190e-02
2.123697916667e+01	1.694363285213e-03	1.694363285386e-03	-2.574231425860e-06	-7.028327893881e-06	1.691789053787e-03	1.687334957636e-03	2.331638050551e+00	2.331709063906e+00	-3.307473538000e-02	2.298634328526e+00	3.173833630996e-02
2.132812500000e+01	-5.509115631628e-04	-5.509115631627e-04	2.730179468035e-06	7.184296260184e-06	-5.481813836948e-04	-5.437272667892e-04	2.300853911093e+00	2.300927921015e+00	-3.388143624300e-02	2.267046484772e+00	3.079588833225e-02
2.141927083333e+01	-9.947750698639e-04	-9.947750704235e-04	-2.384916460184e-06	-6.839051569632e-06	-9.971599863241e-04	-1.001614121912e-03	2.270268672349e+00	2.270338195574e+00	-3.468813710600e-02	2.235650058468e+00	2.984912290663e-02
2.151041666667e+01	1.062088609033e-03	1.062088609191e-03	2.725433788523e-06	7.179589527240e-06	1.064814042822e-03	1.069268198807e-03	2.239937016347e+00	2.240009536206e+00	-3.549483796900e-02	2.204514698236e+00	2.896651196333e-02
2.160156250000e+01	1.365102592673e-03	1.365102592855e-03	-1.943999140263e-06	-6.398167823511e-06	1.363158593533e-03	1.358704425108e-03	2.209804946852e+00	2.209872979944e+00	-3.630153883200e-02	2.173571441112e+00	2.807885263822e-02
2.169270833333e+01	-7.223690473665e-04	-7.223690479547e-04	2.827407669163e-06	7.281605505319e-06	-7.195416396974e-04	-7.150874424410e-04	2.179925071090e+00	2.179996100888e+00	-3.710823969500e-02	2.142887861193e+00	2.725272980450e-02
2.178385416667e+01	-1.041053047946e-03	-1.041053047906e-03	-1.672198111414e-06	-6.126406120789e-06	-1.042725246057e-03	-1.047179453990e-03	2.150246077338e+00	2.150312620296e+00	-3.791494055800e-02	2.112397679738e+00	2.642136905606e-02
2.187500000000e+01	9.705928958550e-04	9.705928958444e-04	2.565881865828e-06	7.020106382223e-06	9.731587777208e-04	9.776130022554e-04	2.120818757444e+00	2.120888297184e+00	-3.872164142100e-02	2.082166655763e+00	2.564943470757e-02
2.196614583333e+01	1.228547098277e-03	1.228547098284e-03	-1.753326976769e-06	-6.207580341622e-06	1.226793771300e-03	1.222339517964e-03	2.091592973422e+00	2.091658026243e+00	-3.952834228400e-02	2.052129683959e+00	2.487165865607e-02
2.205729166667e+01	-7.668366549972e-04	-7.668366548886e-04	2.172380061637e-06	6.626641722810e-06	-7.646642749355e-04	-7.602100131462e-04	2.062617479672e+00	2.062685529354e+00	-4.033504314700e-02	2.022350486208e+00	2.415070688074e-02
2.214843750000e+01	-1.004121824062e-03	-1.004121823626e-03	-1.705048911875e-06	-6.159333046717e-06	-1.005826872973e-03	-1.010281156643e-03	2.033844800208e+00	2.033908362890e+00	-4.114174401000e-02	1.992766618881e+00	2.342378958299e-02
2.223958333333e+01	9.558199325617e-04	9.558199319305e-04	2.088208358269e-06	6.542508004115e-06	9.579081409200e-04	9.623624399414e-04	2.005321863005e+00	2.005388422633e+00	-4.194844487300e-02	1.963439977760e+00	2.275185260976e-02
2.233072916667e+01	1.162798546452e-03	1.162798546520e-03	-1.308079468150e-06	-5.762398213217e-06	1.161490466984e-03	1.157036148336e-03	1.977002372393e+00	1.977064444936e+00	-4.275514573600e-02	1.934309299201e+00	2.207368168312e-02
2.242187500000e+01	-7.712489900105e-04	-7.712489902600e-04	2.239729678931e-06	6.694069604917e-06	-7.690092603315e-04	-7.645549206393e-04	1.948931277889e+00	1.948996347463e+00	-4.356184659900e-02	1.905434500864e+00	2.144798210047e-02
2.251302083333e+01	-9.537880225215e-04	-9.537880223052e-04	-9.404392992859e-07	-5.394788774913e-06	-9.547284618208e-04	-9.591828110506e-04	1.921064896119e+00	1.921125478521e+00	-4.436854746200e-02	1.876756931060e+00	2.081531704836e-02
2.260416666667e+01	9.563118562614e-04	9.563118558020e-04	2.080251106960e-06	6.534622033662e-06	9.583921073683e-04	9.628464778349e-04	1.893446361119e+00	1.893509940640e+00	-4.517524832400e-02	1.848334692316e+00	2.023254470495e-02
2.269531250000e+01	1.118464725078e-03	1.118464725481e-03	-1.022915628956e-06	-5.477310005066e-06	1.117441809449e-03	1.112987415511e-03	1.866033174278e+00	1.866092266540e+00	-4.598194918700e-02	1.820110317353e+00	1.964204830053e-02
2.278645833333e+01	-7.666253630046e-04	-7.666253626994e-04	1.582464514913e-06	6.036864954041e-06	-7.650428984897e-04	-7.605884977000e-04	1.838866509007e+00	1.838928598475e+00	-4.678865005000e-02	1.792139948424e+00	1.909899397865e-02
2.287760416667e+01	-9.062862731603e-04	-9.062862722124e-04	-1.156719196286e-06	-5.611144112134e-06	-9.074429923566e-04	-9.118974162720e-04	1.811906435148e+00	1.811964037268e+00	-4.759535091300e-02	1.764368686354e+00	1.854805691048e-02
2.296875000000e+01	9.601217337348e-04	9.601217344121e-04	1.288528832995e-06	5.742969956042e-06	9.614102625678e-04	9.658647044463e-04	1.785192319789e+00	1.785252919206e+00	-4.840205177600e-02	1.736850867429e+00	1.804257960790e-02
2.305989583333e+01	1.082592266516e-03	1.082592266998e-03	-1.021300471684e-06	-5.475756551531e-06	1.081570966044e-03	1.077116510486e-03	1.758685405878e+00	1.758741517855e+00	-4.920875263900e-02	1.709532765216e+00	1.752873985840e-02
2.315104166667e+01	-7.647870943725e-04	-7.647870937056e-04	1.200123561753e-06	5.654598695097e-06	-7.635869708107e-04	-7.591324949237e-04	1.732423163158e+00	1.732482272524e+00	-5.001545350200e-02	1.682466819022e+00	1.705806631214e-02
2.324218750000e+01	-8.700528722601e-04	-8.700528712941e-04	-7.747661878631e-07	-5.229256499093e-06	-8.708276384480e-04	-8.752821277074e-04	1.706369358971e+00	1.706423980804e+00	-5.082215436500e-02	1.655601826440e+00	1.657898191375e-02
2.333333333333e+01	9.618335570657e-04	9.618335575848e-04	1.153249744997e-06	5.607758011699e-06	9.629868068107e-04	9.674413156847e-04	1.680559657558e+00	1.680617276871e+00	-5.162885522800e-02	1.628988421644e+00	1.614119830159e-02
2.342447916667e+01	1.052753827869e-03	1.052753828809e-03	-5.376760353060e-07	-4.992200406961e-06	1.052216151834e-03	1.047761628513e-03	1.654958992333e+00	1.655012124023e+00	-5.243555609100e-02	1.602576567932e+00	1.569460296625e-02
2.351562500000e+01	-7.653749301327e-04	-7.653749297742e-04	1.059471171091e-06	5.514011868509e-06	-7.643154589616e-04	-7.598609177667e-04	1.629601168316e+00	1.629657297579e+00	-5.324225695400e-02	1.576415040625e+00	1.528712834723e-02
2.360677083333e+01	-8.449446619412e-04	-8.449446615411e-04	-3.674648411852e-07	-4.822023363801e-06	-8.453121267824e-04	-8.497666847883e-04	1.604453614003e+00	1.604505255550e+00	-5.404895781700e-02	1.550456297733e+00	1.487090666752e-02
2.369791666667e+01	9.584743841302e-04	9.584743844564e-04	9.189235102106e-07	5.373496752433e-06	9.593933076404e-04	9.638478813608e-04	1.579548352250e+00	1.579602991463e+00	-5.485565868000e-02	1.524747332783e+00	1.449210515058e-02
2.378906250000e+01	1.024813023535e-03	1.024813023349e-03	-1.980273982201e-07	-4.652618710763e-06	1.024614996137e-03	1.020160404771e-03	1.554853949665e+00	1.554904101068e+00	-5.566235954300e-02	1.499241741526e+00	1.410429781481e-02
2.388020833333e+01	-7.693130722984e-04	-7.693130722436e-04	8.289768627841e-07	5.283584135845e-06	-7.684840954357e-04	-7.640294879582e-04	1.530400593077e+00	1.530453742240e+00	-5.646906040600e-02	1.473984681835e+00	1.375190115783e-02
2.397135416667e+01	-8.281693275890e-04	-8.281693278326e-04	4.931272183188e-08	-4.405309331818e-06	-8.281200148672e-04	-8.325746370051e-04	1.506159303228e+00	1.506207964487e+00	-5.727576126800e-02	1.448932203219e+00	1.339072088192e-02
2.406250000000e+01	9.531190818686e-04	9.531190831695e-04	8.067669530950e-07	5.261407951335e-06	9.539258488217e-04	9.583804913448e-04	1.482158497156e+00	1.482210156269e+00	-5.808246213100e-02	1.424127694137e+00	1.306346607826e-02
2.415364583333e+01	9.999547875055e-04	9.999547881149e-04	3.097259843414e-07	-4.144929825075e-06	1.000264513490e-03	9.958098584411e-04	1.458370340370e+00	1.458417511485e+00	-5.888916299400e-02	1.399528348490e+00	1.272742166292e-02
2.424479166667e+01	-7.765959340350e-04	-7.765959332534e-04	7.271090554835e-07	5.181780645295e-06	-7.758688249795e-04	-7.714141524227e-04	1.434821449892e+00	1.434871618955e+00	-5.969586385700e-02	1.375175755099e+00	1.242358359882e-02
2.433593750000e+01	-8.199899544262e-04	-8.199899535410e-04	4.652219435242e-07	-3.989466756377e-06	-8.195247324827e-04	-8.239794201462e-04	1.411486408483e+00	1.411532089453e+00	-6.050256472000e-02	1.351029524733e+00	1.211140136438e-02
2.442708333333e+01	9.455105921120e-04	9.455105936007e-04	5.374559075936e-07	4.992160060419e-06	9.460480480196e-04	9.505027538850e-04	1.388390082260e+00	1.388438761275e+00	-6.130926558300e-02	1.327129495692e+00	1.183012756068e-02
2.451822916667e+01	9.788239011301e-04	9.788239029165e-04	5.327092855723e-07	-3.922011971571e-06	9.793566104156e-04	9.749018910996e-04	1.365508169818e+00	1.365552360644e+00	-6.211596644600e-02	1.303436394198e+00	1.154060221368e-02
2.460937500000e+01	-7.851226147379e-04	-7.851226145047e-04	2.996448875322e-07	4.754380758540e-06	-7.848229698504e-04	-7.803682335926e-04	1.342863756735e+00	1.342910945701e+00	-6.292266730900e-02	1.279988278392e+00	1.128036048731e-02
2.470052083333e+01	-8.184017384816e-04	-8.184017377909e-04	6.066618303269e-07	-3.848090669550e-06	-8.177950766513e-04	-8.222498283489e-04	1.320434957136e+00	1.320477657816e+00	-6.372936817200e-02	1.256748289644e+00	1.101243733321e-02
2.479166666667e+01	9.357380363379e-04	9.357380366999e-04	1.221779079759e-07	4.576947401686e-06	9.358602142459e-04	9.403149842308e-04	1.298243117198e+00	1.298288816115e+00	-6.453606903500e-02	1.233752747079e+00	1.077268619076e-02
2.488281250000e+01	9.606228027511e-04	9.606228033283e-04	7.597708813941e-07	-3.695013326800e-06	9.613825736325e-04	9.569277901076e-04	1.276267451577e+00	1.276308662112e+00	-6.534276989800e-02	1.210965892214e+00	1.052550694375e-02
2.497395833333e+01	-7.938476246236e-04	-7.938476238084e-04	-7.541676431503e-09	4.447258340813e-06	-7.938551663000e-04	-7.894003653584e-04	1.254527553396e+00	1.254571762265e+00	-6.614947076100e-02	1.188422291504e+00	1.030496618232e-02
2.506510416667e+01	-8.199417526973e-04	-8.199417517978e-04	9.040680003144e-07	-3.550749146445e-06	-8.190376846970e-04	-8.234925008594e-04	1.233005009823e+00	1.233044730213e+00	-6.695617162400e-02	1.166088558589e+00	1.007750093708e-02
2.515625000000e+01	9.275440052619e-04	9.275440054978e-04	-1.924463675825e-07	4.262385666927e-06	9.273515588944e-04	9.318063912289e-04	1.211717683500e+00	1.211760402320e+00	-6.776287248700e-02	1.143997529833e+00	9.875475722189e-03
2.524739583333e+01	9.474436825667e-04	9.474436828458e-04	9.675657227278e-07	-3.487283009640e-06	9.484112482894e-04	9.439563998786e-04	1.190648255676e+00	1.190686485920e+00	-6.856957335000e-02	1.122116912570e+00	9.666771333292e-03
2.533854166667e+01	-8.024462480291e-04	-8.024462476514e-04	-4.667340213945e-07	3.988129430556e-06	-8.029129820505e-04	-7.984581181904e-04	1.169812858130e+00	1.169854086902e+00	-6.937627421300e-02	1.100477812689e+00	9.482112193826e-03
2.542968750000e+01	-8.251785596683e-04	-8.251785588915e-04	9.613741955850e-07	-3.493506729031e-06	-8.242171854727e-04	-8.286720656020e-04	1.149196546034e+00	1.149233286132e+00	-7.018297507500e-02	1.079050311056e+00	9.291481198427e-03
2.552083333333e+01	9.207170550027e-04	9.207170556152e-04	-7.550637122581e-07	3.699831221305e-06	9.199619912905e-04	9.244168868674e-04	1.128813735610e+00	1.128853474333e+00	-7.098967593800e-02	1.057863798395e+00	9.123896082511e-03
2.561197916667e+01	9.408016376511e-04	9.408016381603e-04	1.038440661164e-06	-3.416472115859e-06	9.418400783122e-04	9.373851660448e-04	1.108650546248e+00	1.108685796199e+00	-7.179637680100e-02	1.036889419398e+00	8.950692569801e-03
2.570312500000e+01	-8.076094154251e-04	-8.076094145393e-04	-8.240475395382e-07	3.630879820416e-06	-8.084334629646e-04	-8.039785346945e-04	1.088719673772e+00	1.088757922448e+00	-7.260307766400e-02	1.016154844783e+00	8.799169770826e-03
2.579427083333e+01	-8.311235652682e-04	-8.311235641440e-04	1.446740343451e-06	-3.008200639735e-06	-8.296768249248e-04	-8.341317647868e-04	1.069009593378e+00	1.069043353183e+00	-7.340977852700e-02	9.956335746560e-01	8.642608303246e-03
2.588541666667e+01	9.157531757618e-04	9.157531765472e-04	-6.194829265856e-07	3.835482565205e-06	9.151336928353e-04	9.195886591287e-04	1.049531301183e+00	1.049568059811e+00	-7.421647939000e-02	9.753515804213e-01	8.506477275624e-03
2.597656250000e+01	9.392926265087e-04	9.392926271791e-04	1.872231344957e-06	-2.582737724256e-06	9.411648578536e-04	9.367098894559e-04	1.030274354010e+00	1.030306623668e+00	-7.502318025300e-02	9.552834434154e-01	8.365416332380e-03
2.606770833333e+01	-8.099348087479e-04	-8.099348073793e-04	-6.964008489134e-07	3.758590727628e-06	-8.106312095969e-04	-8.061762165777e-04	1.011248017187e+00	1.011283285769e+00	-7.582988111600e-02	9.354534046534e-01	8.243296544655e-03
2.615885416667e+01	-8.360453418154e-04	-8.360453403046e-04	1.877514988961e-06	-2.577497078384e-06	-8.341678268264e-04	-8.386228373274e-04	9.924441912531e-01	9.924749707645e-01	-7.663658197900e-02	9.158383887855e-01	8.116783307933e-03
2.625000000000e+01	9.155770971425e-04	9.155770978086e-04	-1.091989830670e-06	3.363028037464e-06	9.144851073119e-04	9.189401259255e-04	9.738704451265e-01	9.739042236614e-01	-7.744328284200e-02	8.964609408196e-01	8.007918991444e-03
2.634114583333e+01	9.448750493277e-04	9.448750503823e-04	1.823414239451e-06	-2.631625515291e-06	9.466984635671e-04	9.422434249367e-04	9.555197362288e-01	9.555490255922e-01	-7.824998370500e-02	8.772990418874e-01	7.894947326155e-03
2.643229166667e+01	-8.095318316031e-04	-8.095318307551e-04	-1.304979803625e-06	3.150075105349e-06	-8.108368114067e-04	-8.063817555361e-04	9.373979306122e-01	9.374302190999e-01	-7.905668456800e-02	8.583735345321e-01	7.799141037614e-03
2.652343750000e+01	-8.415088986755e-04	-8.415088981871e-04	2.090269738927e-06	-2.364800342313e-06	-8.394186289365e-04	-8.438736984099e-04	9.195003314394e-01	9.195281306553e-01	-7.986338543100e-02	8.396647452246e-01	7.701625160472e-03
2.661458333333e+01	9.189777427558e-04	9.189777440734e-04	-1.195157526094e-06	3.259931464420e-06	9.177825852297e-04	9.222376757258e-04	9.018311142882e-01	9.018619127302e-01	-8.067008629400e-02	8.211918264365e-01	7.621587529374e-03
2.670572916667e+01	9.582932613503e-04	9.582932621636e-04	2.529626806025e-06	-1.925470007216e-06	9.608228881564e-04	9.563677923154e-04	8.843866404778e-01	8.844129495455e-01	-8.147678715700e-02	8.029361623889e-01	7.539884370991e-03
2.679687500000e+01	-8.040112715199e-04	-8.040112709521e-04	-1.180994045373e-06	3.274128238048e-06	-8.051922655653e-04	-8.007371425264e-04	8.671693744553e-01	8.671986828518e-01	-8.228348802000e-02	7.849151948322e-01	7.472643053103e-03
2.688802083333e+01	-8.457323597749e-04	-8.457323595376e-04	2.632119776432e-06	-1.823016420498e-06	-8.431002399985e-04	-8.475553757850e-04	8.501780188063e-01	8.502028377256e-01	-8.309018888200e-02	7.671126488431e-01	7.402746642488e-03
2.697916666667e+01	9.253676597613e-04	9.253676602551e-04	-1.580248470153e-06	2.874897127647e-06	9.237874112911e-04	9.282425575800e-04	8.334133487576e-01	8.334411671095e-01	-8.389688974500e-02	7.495442773641e-01	7.345740501637e-03
2.707031250000e+01	9.774750047459e-04	9.774750054443e-04	2.470677544627e-06	-1.984491068065e-06	9.799456822905e-04	9.754905145699e-04	8.168751187038e-01	8.168984474739e-01	-8.470359060800e-02	7.321948568656e-01	7.287479563606e-03
2.716145833333e+01	-7.944431240060e-04	-7.944431230559e-04	-1.991866265409e-06	2.463317968320e-06	-7.964349902715e-04	-7.919798048461e-04	8.005623814984e-01	8.005887098053e-01	-8.551029147100e-02	7.150784183340e-01	7.243639265553e-03
2.725260416667e+01	-8.476340680173e-04	-8.476340679463e-04	2.459876078831e-06	-1.995320166664e-06	-8.451741919385e-04	-8.496293879381e-04	7.844772481392e-01	7.844990867595e-01	-8.631699233400e-02	6.981820944254e-01	7.202667379220e-03
2.734375000000e+01	9.366656572975e-04	9.366656575895e-04	-2.245412571729e-06	2.209803721126e-06	9.344202447258e-04	9.388754614911e-04	7.686170982240e-01	7.686419364863e-01	-8.712369319700e-02	6.815182432892e-01	7.175673978108e-03
2.743489583333e+01	1.003073218949e-03	1.003073218865e-03	2.555862657553e-06	-1.899367725544e-06	1.005629081606e-03	1.001173851292e-03	7.529850903789e-01	7.530054388492e-01	-8.793039406000e-02	6.650750447891e-01	7.147427085892e-03
2.752604166667e+01	-7.822169859171e-04	-7.822169854763e-04	-2.441983889175e-06	2.013263892520e-06	-7.846589698063e-04	-7.802037214148e-04	7.375768775554e-01	7.376002257738e-01	-8.873709492300e-02	6.488631308508e-01	7.126144060422e-03
2.761718750000e+01	-8.496396829848e-04	-8.496396826243e-04	2.687255533355e-06	-1.768007727264e-06	-8.469524274514e-04	-8.514076902161e-04	7.223979774668e-01	7.224168357872e-01	-8.954379578600e-02	6.328730400012e-01	7.104524070187e-03
2.770833333333e+01	9.510547065049e-04	9.510547070437e-04	-2.620000787564e-06	1.835279189883e-06	9.484347057173e-04	9.528899863867e-04	7.074423514086e-01	7.074642095845e-01	-9.035049664900e-02	6.171137129356e-01	7.095935722540e-03
2.779947916667e+01	1.034590694013e-03	1.034590694068e-03	2.831170564969e-06	-1.624126483873e-06	1.037421864578e-03	1.032966567703e-03	6.927165630037e-01	6.927339311724e-01	-9.115719751200e-02	6.015767336606e-01	7.092784307728e-03
2.789062500000e+01	-7.674374230961e-04	-7.674374225893e-04	-2.779502488911e-06	1.675809359780e-06	-7.702169255850e-04	-7.657616130862e-04	6.782128379375e-01	6.782332060708e-01	-9.196389837500e-02	5.862693076960e-01	7.096997716118e-03
2.798177083333e+01	-8.530396066027e-04	-8.530396065441e-04	3.020257652864e-06	-1.435073079376e-06	-8.500193489499e-04	-8.544746795115e-04	6.639401268535e-01	6.639560048702e-01	-9.277059923800e-02	5.711854056326e-01	7.096985022496e-03
2.807291666667e+01	9.657560261501e-04	9.657560269489e-04	-2.885448100602e-06	1.569896609963e-06	9.628705780495e-04	9.673259236898e-04	6.498889806729e-01	6.499078587640e-01	-9.357730010100e-02	5.563305586634e-01	7.099834283627e-03
2.816406250000e+01	1.069425655066e-03	1.069425655363e-03	3.251327880122e-06	-1.204035360715e-06	1.072676982946e-03	1.068221620101e-03	6.360693975706e-01	6.360837854346e-01	-9.438400096400e-02	5.416997844711e-01	7.107644298171e-03
2.825520833333e+01	-7.505257033274e-04	-7.505257028346e-04	-2.985994423281e-06	1.469384905142e-06	-7.535116977506e-04	-7.490563178075e-04	6.224701682633e-01	6.224875563135e-01	-9.519070182600e-02	5.272968544870e-01	7.124984517712e-03
2.834635416667e+01	-8.560104859604e-04	-8.560104859227e-04	3.460314982181e-06	-9.950815281152e-07	-8.525501709782e-04	-8.570055673645e-04	6.091036756230e-01	6.091165733339e-01	-9.599740268900e-02	5.131191706445e-01	7.139187316946e-03
2.843750000000e+01	9.825837904901e-04	9.825837910126e-04	-3.128280285554e-06	1.327131861240e-06	9.794555102046e-04	9.839109229850e-04	5.959570039866e-01	5.959729019965e-01	-9.680410355200e-02	4.991687984441e-01	7.146949260053e-03
2.852864583333e+01	1.106790601254e-03	1.106790601668e-03	3.637498190379e-06	-8.179319081028e-07	1.110428099444e-03	1.105972669855e-03	5.830436110071e-01	5.830550185636e-01	-9.761080441500e-02	4.854442141483e-01	7.158244750022e-03
2.861979166667e+01	-7.354117341450e-04	-7.354117332962e-04	-3.289813071331e-06	1.165634633060e-06	-7.387015472164e-04	-7.342460985371e-04	5.703488165607e-01	5.703632245309e-01	-9.841750527800e-02	4.719457192526e-01	7.181600055088e-03
2.871093750000e+01	-8.635637943310e-04	-8.635637935336e-04	3.798562086553e-06	-6.569008516423e-07	-8.597652322444e-04	-8.642206942791e-04	5.578884961713e-01	5.578984135726e-01	-9.922420614100e-02	4.586742074315e-01	7.204037334273e-03
2.880208333333e+01	9.982713523486e-04	9.982713523129e-04	-3.501390458941e-06	9.540908233028e-07	9.947699618896e-04	9.992254432416e-04	5.456462776423e-01	5.456591955741e-01	-1.000309070000e-01	4.456282885700e-01	7.215643037421e-03
2.889322916667e+01	1.146204042996e-03	1.146204042979e-03	3.885778847468e-06	-5.697200513341e-07	1.150089821843e-03	1.145634323033e-03	5.336390974947e-01	5.336475247407e-01	-1.008376078700e-01	4.328099168737e-01	7.234854199937e-03
2.898437500000e+01	-7.213053810391e-04	-7.213053813109e-04	-3.783119338398e-06	6.723956210177e-07	-7.250885003775e-04	-7.206329855899e-04	5.218487636185e-01	5.218601915128e-01	-1.016443087300e-01	4.202158827828e-01	7.261430835381e-03
2.907552083333e+01	-8.759266700525e-04	-8.759266695338e-04	3.954600602975e-06	-5.009336271371e-07	-8.719720694495e-04	-8.764276030428e-04	5.102946576057e-01	5.103015946951e-01	-1.024510095900e-01	4.078505851022e-01	7.290714924948e-03
2.916666666667e+01	1.010821278874e-03	1.010821279031e-03	-4.031142086400e-06	4.244065386137e-07	1.006790136787e-03	1.011245685695e-03	4.989568758215e-01	4.989668136789e-01	-1.032577104600e-01	3.957091032231e-01	7.385809845069e-03
2.925781250000e+01	1.185031264598e-03	1.185031265227e-03	4.104002380119e-06	-3.515680181147e-07	1.189135266978e-03	1.184679697321e-03	4.878558867396e-01	4.878613336709e-01	-1.040644113200e-01	3.837969223521e-01	7.709992369887e-03
2.934895833333e+01	-7.100979690280e-04	-7.100979688186e-04	-4.181008042863e-06	2.745766176101e-07	-7.142789770709e-04	-7.098233920638e-04	4.769699499811e-01	4.769783978027e-01	-1.048711121800e-01	3.721072856210e-01	8.369463338033e-03
2.944010416667e+01	-8.941210250252e-04	-8.941210243541e-04	4.363239660856e-06	-9.236452123570e-08	-8.897577853644e-04	-8.942133887637e-04	4.663220197387e-01	4.663259765107e-01	-1.056778130400e-01	3.606481634661e-01	9.342335160465e-03
2.953125000000e+01	1.019083161851e-03	1.019083162386e-03	-4.246040834309e-06	2.095809020020e-07	1.014837121017e-03	1.019292743398e-03	4.558886340251e-01	4.558955918120e-01	-1.064845139100e-01	3.494110779044e-01	1.050156157944e-02
2.962239583333e+01	1.221165607436e-03	1.221165609315e-03	4.666323511654e-06	2.106840803021e-07	1.225831930948e-03	1.221376293483e-03	4.456938394490e-01	4.456963060611e-01	-1.072912147700e-01	3.384050912906e-01	1.174930021187e-02
2.971354166667e+01	-7.044535699942e-04	-7.044535688867e-04	-4.334387557677e-06	1.212709193304e-07	-7.087879575519e-04	-7.043322978354e-04	4.357123076810e-01	4.357177754347e-01	-1.080979156300e-01	3.276198598011e-01	1.301849313245e-02
2.980468750000e+01	-9.199406621719e-04	-9.199406607999e-04	4.894992229798e-06	4.393166175531e-07	-9.150456699421e-04	-9.195013441305e-04	4.259705903917e-01	4.259715668431e-01	-1.089046165000e-01	3.170669503467e-01	1.430020769964e-02
2.989583333333e+01	1.023181667377e-03	1.023181667628e-03	-4.533498881404e-06	-7.780414612264e-08	1.018648168496e-03	1.023103863518e-03	4.164416120506e-01	4.164455897725e-01	-1.097113173600e-01	3.067342724132e-01	1.557700662965e-02
2.998697916667e+01	1.256005261358e-03	1.256005261071e-03	5.036607455847e-06	5.808941932808e-07	1.261041868814e-03	1.256586155258e-03	4.071530433375e-01	4.071525296265e-01	-1.105180182200e-01	2.966345114042e-01	1.686053385628e-02
3.007812500000e+01	-7.037308626291e-04	-7.037308611777e-04	-4.769122833341e-06	-3.133908746053e-07	-7.084999854624e-04	-7.040442519923e-04	3.980758856632e-01	3.980783733545e-01	-1.113247190900e-01	2.867536542692e-01	1.813662418427e-02
3.016927083333e+01	-9.551338885593e-04	-9.551338884494e-04	5.212726343310e-06	7.569768606330e-07	-9.499211622160e-04	-9.543769116296e-04	3.892403708696e-01	3.892383669937e-01	-1.121314199500e-01	2.771069470456e-01	1.942050445495e-02
3.026041666667e+01	1.019152706394e-03	1.019152706761e-03	-4.941888792534e-06	-4.861175937137e-07	1.014210817602e-03	1.018666589126e-03	3.806157423159e-01	3.806167399776e-01	-1.129381208100e-01	2.676786191665e-01	2.069640397935e-02
3.035156250000e+01	1.285171070370e-03	1.285171069061e-03	5.447296267133e-06	9.915093429780e-07	1.290618366638e-03	1.286162578323e-03	3.722333764229e-01	3.722298823810e-01	-1.137448216700e-01	2.584850607070e-01	2.198071123473e-02
3.044270833333e+01	-7.104668645906e-04	-7.104668634193e-04	-5.112626281508e-06	-6.568172123655e-07	-7.155794908722e-04	-7.111236806625e-04	3.640605601643e-01	3.640600677980e-01	-1.145515225400e-01	2.495085452610e-01	2.325570120859e-02
3.053385416667e+01	-9.989392938955e-04	-9.989392924182e-04	5.638182134652e-06	1.182355903219e-06	-9.933011117608e-04	-9.977569365731e-04	3.561312800573e-01	3.561262958490e-01	-1.153582234000e-01	2.407680724491e-01	2.454037215311e-02
3.062500000000e+01	1.010634480112e-03	1.010634480017e-03	-5.367720344761e-06	-9.118731765240e-07	1.005266759767e-03	1.009722606753e-03	3.484110288351e-01	3.484090464431e-01	-1.161649242600e-01	2.322441221803e-01	2.581520529906e-02
3.071614583333e+01	1.312687180260e-03	1.312687179466e-03	5.751718269629e-06	1.295851731332e-06	1.318438898530e-03	1.313983031138e-03	3.409349426539e-01	3.409284682777e-01	-1.169716251300e-01	2.239568431519e-01	2.710034806100e-02
3.080729166667e+01	-7.231619193663e-04	-7.231619193732e-04	-5.680438475380e-06	-1.224552265354e-06	-7.288423578417e-04	-7.243864716740e-04	3.336664902968e-01	3.336630178803e-01	-1.177783259900e-01	2.158846918916e-01	2.837425821131e-02
3.089843750000e+01	-1.053208342248e-03	-1.053208342482e-03	5.858722611068e-06	1.402816891631e-06	-1.047349619637e-03	-1.051805525607e-03	3.266434784995e-01	3.266355139524e-01	-1.185850268500e-01	2.080504871008e-01	2.965975324239e-02
3.098958333333e+01	9.943514589848e-04	9.943514593613e-04	-5.970306150253e-06	-1.514378327346e-06	9.883811528345e-04	9.928370810399e-04	3.198275619669e-01	3.198225995271e-01	-1.193917277100e-01	2.004308718125e-01	3.093347736229e-02
3.108072916667e+01	1.336560885799e-03	1.336560885685e-03	6.026958979135e-06	1.571013547795e-06	1.342587844778e-03	1.338131899239e-03	3.132577486954e-01	3.132482939751e-01	-1.201984285800e-01	1.930498653975e-01	3.221944879903e-02
3.117187500000e+01	-7.413535084311e-04	-7.413535089329e-04	-6.189714746758e-06	-1.733745694820e-06	-7.475432231778e-04	-7.430872546180e-04	3.068936221579e-01	3.068871696977e-01	-1.210051294400e-01	1.858820402573e-01	3.349224106615e-02
3.126302083333e+01	-1.115880663483e-03	-1.115880664411e-03	6.275041384430e-06	1.819054825198e-06	-1.109605622099e-03	-1.114061609556e-03	3.007769147203e-01	3.007659698258e-01	-1.218118303000e-01	1.789541395224e-01	3.477859621132e-02
3.135416666667e+01	9.721584895563e-04	9.721584892354e-04	-6.371275808942e-06	-1.915264540502e-06	9.657872137473e-04	9.702432247343e-04	2.948653569859e-01	2.948574145081e-01	-1.226185311700e-01	1.722388833418e-01	3.605123543869e-02
3.144531250000e+01	1.357284099135e-03	1.357284097787e-03	6.508318709189e-06	2.052289899075e-06	1.363792417844e-03	1.359336387738e-03	2.892018988511e-01	2.891894637804e-01	-1.234252320300e-01	1.657642317511e-01	3.733811775510e-02
3.153645833333e+01	-7.651395229799e-04	-7.651395233257e-04	-6.650962622436e-06	-2.194910051812e-06	-7.717904856023e-04	-7.673344332968e-04	2.837421187182e-01	2.837326862245e-01	-1.242319328900e-01	1.595007533323e-01	3.860981274602e-02
3.162760416667e+01	-1.185401448716e-03	-1.185401449996e-03	6.611496370506e-06	2.155422511446e-06	-1.178789952346e-03	-1.183246027412e-03	2.785317658912e-01	2.785178406416e-01	-1.250386337600e-01	1.534792068864e-01	3.989707823317e-02
3.171875000000e+01	9.481685565279e-04	9.481685562684e-04	-7.056158159163e-06	-2.600063932874e-06	9.411123983688e-04	9.455684924190e-04	2.735245235694e-01	2.735136010611e-01	-1.258453346200e-01	1.476682664431e-01	4.116858920235e-02
3.180989583333e+01	1.378980586651e-03	1.378980585864e-03	6.678943616204e-06	2.222825114964e-06	1.385659530267e-03	1.381203411063e-03	2.687674227139e-01	2.687520072818e-01	-1.266520354800e-01	1.420999718008e-01	4.245638451803e-02
3.190104166667e+01	-7.940223485722e-04	-7.940223483452e-04	-7.399704776150e-06	-2.943565560211e-06	-8.014220533484e-04	-7.969659137720e-04	2.642119401603e-01	2.641995276403e-01	-1.274587363400e-01	1.367407912964e-01	4.372693342998e-02
3.199218750000e+01	-1.264790809482e-03	-1.264790810910e-03	6.911529884491e-06	2.455367850857e-06	-1.257879279597e-03	-1.262335442995e-03	2.599079791192e-01	2.598910735031e-01	-1.282654372100e-01	1.316256362962e-01	4.501514641191e-02
3.208333333333e+01	9.204299741458e-04	9.204299737181e-04	-7.556134135292e-06	-3.099948525870e-06	9.128738400105e-04	9.173300252542e-04	2.558050782836e-01	2.557911757560e-01	-1.290721380700e-01	1.267190376862e-01	4.628555522265e-02
3.217447916667e+01	1.404757968260e-03	1.404757967319e-03	7.322140274116e-06	2.865932747928e-06	1.412080108534e-03	1.407623900104e-03	2.519544443010e-01	2.519360484991e-01	-1.298788389300e-01	1.220572095664e-01	4.757437310831e-02
3.226562500000e+01	-8.210253541911e-04	-8.210253542721e-04	-7.607628850154e-06	-3.151396892427e-06	-8.286329830413e-04	-8.241767511060e-04	2.483032985738e-01	2.482879060413e-01	-1.306855398000e-01	1.176023662456e-01	4.884381521357e-02
3.235677083333e+01	-1.348121808903e-03	-1.348121810100e-03	7.775990049371e-06	3.319735377411e-06	-1.340345818853e-03	-1.344802074731e-03	2.449058022257e-01	2.448859162331e-01	-1.314922406600e-01	1.133936755745e-01	5.013304857060e-02
3.244791666667e+01	8.903630175621e-04	8.903630174982e-04	-7.708659883496e-06	-3.252380724545e-06	8.826543576786e-04	8.871106368075e-04	2.417072062698e-01	2.416903237339e-01	-1.322989415200e-01	1.093913822123e-01	5.140231864029e-02
3.253906250000e+01	1.432616663872e-03	1.432616662694e-03	8.133219114210e-06	3.676915638309e-06	1.440749882986e-03	1.436293578296e-03	2.387630513219e-01	2.387416751355e-01	-1.331056423800e-01	1.056360327510e-01	5.269217122926e-02
3.263020833333e+01	-8.472506841366e-04	-8.472506841800e-04	-7.953015460386e-06	-3.496688798941e-06	-8.552036995970e-04	-8.507473729914e-04	2.360161935417e-01	2.359978210058e-01	-1.339123432500e-01	1.020854777583e-01	5.396045767496e-02
3.272135416667e+01	-1.432080507762e-03	-1.432080508935e-03	8.366215832179e-06	3.909862091894e-06	-1.423714291930e-03	-1.428170646896e-03	2.335252206205e-01	2.335023542377e-01	-1.347190441100e-01	9.878331012735e-02	5.525077011572e-02
3.281250000000e+01	8.648324519481e-04	8.648324521174e-04	-8.309796576029e-06	-3.853420423695e-06	8.565226553721e-04	8.609790316711e-04	2.312309477278e-01	2.312110851978e-01	-1.355257449700e-01	9.568534022445e-02	5.651891965808e-02
3.290364583333e+01	1.468110828407e-03	1.468110828454e-03	8.548380814381e-06	4.091976194454e-06	1.476659209221e-03	1.472202804605e-03	2.291933734953e-01	2.291690169125e-01	-1.363324458400e-01	9.283657107628e-02	5.780990860280e-02
3.299479166667e+01	-8.722335719932e-04	-8.722335719615e-04	-8.687162016162e-06	-4.230735121598e-06	-8.809207340093e-04	-8.764643071035e-04	2.273508076769e-01	2.273294551561e-01	-1.371391467000e-01	9.019030845688e-02	5.907704343606e-02
3.308593750000e+01	-1.519513663772e-03	-1.519513664137e-03	8.773012443040e-06	4.316555630014e-06	-1.510740651329e-03	-1.515197108556e-03	2.257664185199e-01	2.257405717322e-01	-1.379458475600e-01	8.779472417006e-02	6.036849526276e-02
3.317708333333e+01	8.429093077099e-04	8.429093078626e-04	-9.000144227463e-06	-4.543664216747e-06	8.339091634824e-04	8.383656436269e-04	2.243764195249e-01	2.243535770162e-01	-1.387525484300e-01	8.560102859106e-02	6.163547514420e-02
3.326822916667e+01	1.514729448851e-03	1.514729449101e-03	9.116663385329e-06	4.660154040320e-06	1.523846112236e-03	1.519389603098e-03	2.232454726751e-01	2.232181356778e-01	-1.395592492900e-01	8.365888638978e-02	6.292764707673e-02
3.335937500000e+01	-8.903229534309e-04	-8.903229533833e-04	-9.196590749961e-06	-4.740055906051e-06	-8.995195441808e-04	-8.950630093179e-04	2.223071754929e-01	2.222828430014e-01	-1.403659501500e-01	8.191689285050e-02	6.419360700605e-02
3.345052083333e+01	-1.605869786769e-03	-1.605869785978e-03	9.590264015692e-06	5.133700312836e-06	-1.596279522753e-03	-1.600736085677e-03	2.216294634830e-01	2.216006362721e-01	-1.411726510100e-01	8.042798525821e-02	6.548629156746e-02
3.354166666667e+01	8.268310181048e-04	8.268310186729e-04	-9.321991372339e-06	-4.865400220437e-06	8.175090267325e-04	8.219656184441e-04	2.211437524515e-01	2.211179299829e-01	-1.419793518800e-01	7.913857810607e-02	6.675211589243e-02
3.363281250000e+01	1.572570664939e-03	1.572570664740e-03	1.009974197413e-05	5.643121454550e-06	1.582670406913e-03	1.578213786151e-03	2.209195346031e-01	2.208892171739e-01	-1.427860527400e-01	7.810316443413e-02	6.804557239378e-02
3.372395833333e+01	-9.025045838203e-04	-9.025045834887e-04	-9.493274097812e-06	-5.036627197349e-06	-9.119978579181e-04	-9.075412106815e-04	2.208854851428e-01	2.208581727025e-01	-1.435927536000e-01	7.726541909977e-02	6.931033654534e-02
3.381510416667e+01	-1.690598724320e-03	-1.690598723861e-03	1.055322031514e-05	6.096538801076e-06	-1.680045504005e-03	-1.684502185054e-03	2.211144979785e-01	2.210826903250e-01	-1.443994544700e-01	7.668323585934e-02	7.060430149748e-02
3.390625000000e+01	8.207691013781e-04	8.207691013654e-04	-9.745981580323e-06	-5.289278061755e-06	8.110231197978e-04	8.154798232882e-04	2.215330011246e-01	2.215041987171e-01	-1.452061553300e-01	7.629804338850e-02	7.186889652167e-02
3.399739583333e+01	1.647252560005e-03	1.647252560487e-03	1.097323460216e-05	6.516490912583e-06	1.658225794607e-03	1.653769051391e-03	2.222155361513e-01	2.221822382667e-01	-1.460128561900e-01	7.616938207522e-02	7.316366141998e-02
3.408854166667e+01	-9.065782246607e-04	-9.065782239942e-04	-1.005549332484e-05	-5.598728684095e-06	-9.166337179855e-04	-9.121769526568e-04	2.230856460575e-01	2.230553536898e-01	-1.468195570500e-01	7.623579663535e-02	7.442714148449e-02
3.417968750000e+01	-1.776102471596e-03	-1.776102472193e-03	1.132083628067e-05	6.864033109703e-06	-1.764781635315e-03	-1.769238439122e-03	2.242214236861e-01	2.241866355650e-01	-1.476262579200e-01	7.656037764760e-02	7.572242672709e-02
3.427083333333e+01	8.218521777297e-04	8.218521782417e-04	-1.053205743983e-05	-6.075224297757e-06	8.113201202899e-04	8.157769539704e-04	2.255440717301e-01	2.255122894092e-01	-1.484329587800e-01	7.707933062890e-02	7.698572322238e-02
3.436197916667e+01	1.739161389418e-03	1.739161389564e-03	1.151217047440e-05	7.055308938803e-06	1.750673559892e-03	1.746216698464e-03	2.271334203818e-01	2.270971420162e-01	-1.492396596400e-01	7.785748237303e-02	7.828185721539e-02
3.445312500000e+01	-8.995850019357e-04	-8.995850017428e-04	-1.113113061339e-05	-6.674227282079e-06	-9.107161325491e-04	-9.062592290478e-04	2.289076338773e-01	2.288743616105e-01	-1.500463605100e-01	7.882800110438e-02	7.954399747055e-02
3.454427083333e+01	-1.859322948370e-03	-1.859322948087e-03	1.174237757318e-05	7.285451251219e-06	-1.847580570796e-03	-1.852037496899e-03	2.309502524719e-01	2.309124838535e-01	-1.508530613700e-01	8.005942248436e-02	8.084067911774e-02
3.463541666667e+01	8.318707117628e-04	8.318707115968e-04	-1.160769527293e-05	-7.150725034742e-06	8.202630164899e-04	8.247199865127e-04	2.331770050407e-01	2.331422428355e-01	-1.516597622300e-01	8.148248060346e-02	8.210263677068e-02
3.472656250000e+01	1.847857890277e-03	1.847857889397e-03	1.216915172121e-05	7.712153499282e-06	1.860027041999e-03	1.855570042798e-03	2.356732597429e-01	2.356340008636e-01	-1.408606446500e-01	9.477335621579e-02	9.500034466309e-02
3.481770833333e+01	-8.842670341191e-04	-8.842670336645e-04	-1.198443374784e-05	-7.527396001190e-06	-8.962514678669e-04	-8.917944297130e-04	2.383515364459e-01	2.383152843128e-01	-1.083804936100e-01	1.299347907043e-01	1.295315905577e-01
3.490885416667e+01	-1.942285461562e-03	-1.942285461535e-03	1.262100591984e-05	8.163933647502e-06	-1.929664455642e-03	-1.934121527972e-03	2.413010900135e-01	2.412603408653e-01	-5.896381152800e-02	1.822965293372e-01	1.810284503329e-01
