z_A	PHI_DFT_eV	PHI_py_eV	RHOB_DFT_e_A3	RHOB_py_e_A3	RHOION_DFT_e_A3	RHOION_py_e_A3
0.000000000000e+00	3.080803032915e-01	2.689839911176e-01	5.809771915855e-11	2.344101638977e-10	-5.771628652748e-20	0.000000000000e+00
9.114583333333e-02	4.244352114403e-01	3.535923011850e-01	-5.580949758769e-11	-2.243828266920e-10	-4.394438757167e-20	0.000000000000e+00
1.822916666667e-01	5.221680455153e-01	4.247468617011e-01	5.353777873140e-11	2.144839241627e-10	-2.888005889155e-20	0.000000000000e+00
2.734375000000e-01	5.869766051518e-01	4.721665269137e-01	-5.128180008496e-11	-2.047066292511e-10	-9.292344638876e-20	0.000000000000e+00
3.645833333333e-01	6.095452532815e-01	4.890928103706e-01	4.904082044303e-11	1.950444832608e-10	-7.191524406776e-20	0.000000000000e+00
4.557291666667e-01	6.095664065340e-01	4.897710165340e-01	-4.681412718619e-11	-1.854913695905e-10	-7.185068181300e-20	0.000000000000e+00
5.468750000000e-01	6.095445182871e-01	4.903986774677e-01	4.460102714954e-11	1.760414847733e-10	-3.955681965997e-20	0.000000000000e+00
6.380208333333e-01	6.095662457330e-01	4.910774598045e-01	-4.240084688805e-11	-1.666893160555e-10	-4.099170096491e-20	0.000000000000e+00
7.291666666667e-01	6.095440631934e-01	4.917048275421e-01	4.021293409686e-11	1.574296218673e-10	-3.421444115446e-20	0.000000000000e+00
8.203125000000e-01	6.095668333725e-01	4.923846546070e-01	-3.803665573654e-11	-1.482574107885e-10	-5.117654473704e-20	0.000000000000e+00
9.114583333333e-01	6.095431790059e-01	4.930105516217e-01	3.587139078392e-11	1.391679222502e-10	-6.479503429836e-20	0.000000000000e+00
1.002604166667e+00	6.095665060250e-01	4.936909375712e-01	-3.371654169721e-11	-1.301566102801e-10	-4.120256484293e-20	0.000000000000e+00
1.093750000000e+00	6.095424873323e-01	4.943164712916e-01	3.157151867944e-11	1.212191328012e-10	-6.451842353701e-20	0.000000000000e+00
1.184895833333e+00	6.095668916350e-01	4.949979365901e-01	-2.943575168851e-11	-1.123513280471e-10	-4.247396741092e-20	0.000000000000e+00
1.276041666667e+00	6.095412777721e-01	4.956218761724e-01	2.730867942594e-11	1.035492143383e-10	-3.159952175679e-20	0.000000000000e+00
1.367187500000e+00	6.095662119562e-01	4.963038734787e-01	-2.518975746016e-11	-9.480895946020e-11	-5.346050853954e-20	0.000000000000e+00
1.458333333333e+00	6.095401315527e-01	4.969273474688e-01	2.307844750803e-11	8.612689497884e-11	-5.626452426600e-20	0.000000000000e+00
1.549479166667e+00	6.095661061401e-01	4.976103873366e-01	-2.097422706693e-11	-7.749947813037e-11	-5.845282931492e-20	0.000000000000e+00
1.640625000000e+00	6.095381583112e-01	4.982319948451e-01	1.887658087004e-11	6.892330498751e-11	-8.144158245656e-20	0.000000000000e+00
1.731770833333e+00	6.095644350143e-01	4.989153390671e-01	-1.678500289195e-11	-6.039508699867e-11	-8.637008137000e-20	0.000000000000e+00
1.822916666667e+00	6.095356658659e-01	4.995361261066e-01	1.469899679396e-11	5.191164895547e-11	-2.764567596496e-20	0.000000000000e+00
1.914062500000e+00	6.095626467705e-01	5.002201768184e-01	-1.261807466435e-11	-4.346992020770e-11	-8.060212506561e-20	0.000000000000e+00
2.005208333333e+00	6.095313717593e-01	5.008384588319e-01	1.054175279420e-11	3.506692735908e-11	-6.837379708218e-20	0.000000000000e+00
2.096354166667e+00	6.095579602529e-01	5.015221195307e-01	-8.469558907446e-12	-2.669978630510e-11	-9.501135416956e-20	0.000000000000e+00
2.187500000000e+00	6.095248823804e-01	5.021385994180e-01	6.401022853696e-12	1.836569488382e-11	-4.322798346905e-20	0.000000000000e+00
2.278645833333e+00	6.095509708716e-01	5.028217626008e-01	-4.335682389636e-12	-1.006193315226e-11	-3.976102000244e-20	0.000000000000e+00
2.369791666667e+00	6.095134871667e-01	5.034338373881e-01	2.273079258949e-12	1.785849603069e-12	-5.292046600905e-20	0.000000000000e+00
2.460937500000e+00	6.095367155639e-01	5.041141431417e-01	-2.127608954508e-13	6.465142023922e-12	-7.547786628781e-20	0.000000000000e+00
2.552083333333e+00	6.094940238813e-01	5.047210106035e-01	-1.845723078110e-12	-1.469356023348e-11	-8.803448445209e-20	0.000000000000e+00
2.643229166667e+00	6.095122251719e-01	5.053962921033e-01	3.902818048221e-12	2.290187486175e-11	-7.831845742011e-20	0.000000000000e+00
2.734375000000e+00	6.094588246772e-01	5.059924514627e-01	-5.958965115762e-12	-3.109249486954e-11	-5.772028464858e-20	0.000000000000e+00
2.825520833333e+00	6.094657704512e-01	5.066564806423e-01	8.014607246137e-12	3.926778791639e-11	-6.472869510059e-20	0.000000000000e+00
2.916666666667e+00	6.093957031741e-01	5.072359739762e-01	-1.007017967798e-11	-4.743007554117e-11	-5.315280127920e-20	0.000000000000e+00
3.007812500000e+00	6.093818666674e-01	5.078792245571e-01	1.212612008446e-11	5.558163587916e-11	-7.876861626089e-20	0.000000000000e+00
3.098958333333e+00	6.092790353238e-01	5.084259549457e-01	-1.418286331559e-11	-6.372471543723e-11	-8.227408015468e-20	0.000000000000e+00
3.190104166667e+00	6.092236122508e-01	5.090276235388e-01	1.624084348714e-11	7.186152439850e-11	-9.014193860397e-20	0.000000000000e+00
3.281250000000e+00	6.090627495517e-01	5.095163243167e-01	-1.830049416055e-11	-7.999424511712e-11	-7.277039778639e-20	0.000000000000e+00
3.372395833333e+00	6.089299767197e-01	5.100406491665e-01	2.036225012561e-11	8.812503314234e-11	-8.754256745575e-20	0.000000000000e+00
3.463541666667e+00	6.086588860899e-01	5.104191252398e-01	-2.242654511702e-11	-9.625601890722e-11	-8.677929648708e-20	0.000000000000e+00
3.554687500000e+00	6.083781463509e-01	5.107954918636e-01	2.449381522027e-11	1.043893106431e-10	-9.217912947623e-20	0.000000000000e+00
3.645833333333e+00	6.079033196655e-01	5.109702379049e-01	-2.656449674321e-11	-1.125270573929e-10	-1.040013519923e-19	0.000000000000e+00
3.736979166667e+00	6.073451626361e-01	5.110692006306e-01	2.863902935121e-11	1.206709313400e-10	-1.202434975867e-19	0.000000000000e+00
3.828125000000e+00	6.064866439906e-01	5.108602663380e-01	-3.071785233970e-11	-1.288256741370e-10	-6.765702278327e-20	0.000000000000e+00
3.919270833333e+00	6.054063892892e-01	5.104371534598e-01	3.280141124575e-11	1.369772757739e-10	-8.465022286458e-20	0.000000000000e+00
4.010416666667e+00	6.038337805130e-01	5.095141511824e-01	-3.489015113046e-11	-1.452162234843e-10	-7.875106895078e-20	0.000000000000e+00
4.101562500000e+00	6.017773837334e-01	5.081149341325e-01	3.698452401426e-11	1.531024411012e-10	-9.253829403813e-20	0.000000000000e+00
4.192708333333e+00	5.988674201508e-01	5.058546193482e-01	-3.908498203330e-11	-1.626272825437e-10	-8.432622696208e-20	0.000000000000e+00
4.283854166667e+00	5.949869137365e-01	5.026313598027e-01	4.119198757913e-11	1.658109559338e-10	-1.103283048833e-19	0.000000000000e+00
4.375000000000e+00	5.895936078417e-01	4.978877824197e-01	-4.330599943445e-11	-1.909958750419e-10	-1.887350171289e-20	0.000000000000e+00
4.466145833333e+00	5.823304135813e-01	4.912819555449e-01	4.542749226598e-11	1.496033740999e-10	-1.530717752842e-20	0.000000000000e+00
4.557291666667e+00	5.723345035490e-01	4.819359234152e-01	-4.755693706384e-11	-2.848791933654e-10	-1.306571227429e-20	0.000000000000e+00
4.648437500000e+00	5.588076345037e-01	4.690666405660e-01	4.969481799198e-11	8.917124430726e-12	1.738442365127e-22	0.000000000000e+00
4.739583333333e+00	5.403018792920e-01	4.512110418802e-01	-5.184162163683e-11	-5.795845912482e-10	-3.203664968359e-20	0.000000000000e+00
4.830729166667e+00	5.151880257063e-01	4.267551747323e-01	5.399784602223e-11	-4.050752564641e-10	-1.188182413882e-20	0.000000000000e+00
4.921875000000e+00	4.809129398740e-01	3.931307653030e-01	-5.616399298517e-11	-1.174084392179e-09	7.321818736984e-21	0.000000000000e+00
5.013020833333e+00	4.342675113090e-01	3.471440620898e-01	5.834057694511e-11	-1.006856073424e-09	1.696580554658e-20	0.000000000000e+00
5.104166666667e+00	3.705847196833e-01	2.841129205888e-01	-6.052811799128e-11	-1.563884866909e-09	6.845672107898e-21	0.000000000000e+00
5.195312500000e+00	2.836108667720e-01	1.977991700731e-01	6.272714900809e-11	-6.804472938012e-10	7.541752427171e-21	0.000000000000e+00
5.286458333333e+00	1.646502934096e-01	7.949207817884e-02	-6.493821022039e-11	-3.073752699456e-10	-2.802577513405e-20	0.000000000000e+00
5.377604166667e+00	1.667379469094e-03	-8.282815016283e-02	6.716185545191e-11	1.259158797971e-09	-1.151390443165e-20	0.000000000000e+00
5.468750000000e+00	-2.215681455387e-01	-3.054067466531e-01	-6.939864957459e-11	1.315183950614e-09	5.303729999730e-21	0.000000000000e+00
5.559895833333e+00	-5.280127912379e-01	-6.111838361189e-01	7.164916778529e-11	1.799649886305e-09	1.433292236786e-20	0.000000000000e+00
5.651041666667e+00	-9.474261669429e-01	-1.029933830168e+00	-7.391400125292e-11	7.031958468185e-10	-2.328033372032e-21	0.000000000000e+00
5.742187500000e+00	-1.523233832317e+00	-1.605064625792e+00	7.619375428752e-11	7.917268829093e-10	2.381840032741e-20	1.930770034774e-53
5.833333333333e+00	-2.294695842609e+00	-2.375851167236e+00	-7.848904337958e-11	-1.370626767920e-10	-3.240414135109e-20	9.728419571896e-53
5.924479166667e+00	-3.321566250049e+00	-3.402030847492e+00	8.080050526371e-11	3.727673174123e-10	9.299178348944e-21	4.460112815100e-52
6.015625000000e+00	-4.799234555485e+00	-4.879003339457e+00	-8.312878786292e-11	-3.219971270105e-10	5.653172061409e-21	1.796401256310e-51
6.106770833333e+00	-6.904681381474e+00	-6.983721678126e+00	8.547456076118e-11	3.432452869018e-10	3.988345783930e-21	7.018431120431e-51
6.197916666667e+00	-9.681272211016e+00	-9.759558383571e+00	-8.783850853763e-11	-3.504389966072e-10	6.190159847704e-21	2.484426246373e-50
6.289062500000e+00	-1.292522441187e+01	-1.300272904854e+01	9.022133868988e-11	3.598680810112e-10	2.619629937346e-20	8.449404096236e-50
6.380208333333e+00	-1.617068578566e+01	-1.624742804389e+01	-9.262377437145e-11	-3.691096040331e-10	-2.229248202448e-20	2.813387594222e-49
6.471354166667e+00	-1.893114792654e+01	-1.900715939601e+01	9.504656525491e-11	3.784502882380e-10	1.360550353471e-20	9.204264064007e-49
6.562500000000e+00	-2.097449392591e+01	-2.104981797511e+01	-9.749048078138e-11	-3.878670144031e-10	-2.606216650974e-20	2.958758291800e-48
6.653645833333e+00	-2.234751267313e+01	-2.242216276650e+01	9.995631479372e-11	3.973646545185e-10	-2.167154232987e-20	9.354471980270e-48
6.744791666667e+00	-2.322394895621e+01	-2.329793547842e+01	-1.024448873898e-10	-4.069461948868e-10	-3.004637821397e-20	2.907783766759e-47
6.835937500000e+00	-2.364578418464e+01	-2.371910404851e+01	1.049570465883e-10	4.166148100167e-10	3.956942488080e-21	8.873794702764e-47
6.927083333333e+00	-2.343779421667e+01	-2.351047608784e+01	-1.074936643482e-10	-4.263737653341e-10	-4.489932576774e-20	2.656786723907e-46
7.018229166667e+00	-2.233265786429e+01	-2.240473613387e+01	1.100556501215e-10	4.362264171053e-10	-9.046845846633e-21	7.789935872831e-46
7.109375000000e+00	-2.022526330586e+01	-2.029679112204e+01	-1.126439372192e-10	-4.461762278048e-10	-2.201011040248e-20	2.237005109999e-45
7.200520833333e+00	-1.733756684613e+01	-1.740856513371e+01	1.152594997502e-10	4.562267621873e-10	-1.328976250704e-20	6.284985175800e-45
7.291666666667e+00	-1.416561223765e+01	-1.423608378115e+01	-1.179033420792e-10	-4.663816984895e-10	-3.115492682680e-20	1.726789847468e-44
7.382812500000e+00	-1.117354928837e+01	-1.124346047512e+01	1.205765116614e-10	4.766448341523e-10	2.706053469743e-20	4.638795176757e-44
7.473958333333e+00	-8.624158729614e+00	-8.693489562410e+00	-1.232800914306e-10	-4.870200912929e-10	-2.278122209339e-20	1.217887653425e-43
7.565104166667e+00	-6.572338739111e+00	-6.641071471156e+00	1.260152102364e-10	4.975115219394e-10	1.608518698697e-20	3.124337647350e-43
7.656250000000e+00	-4.909269249344e+00	-4.977408382806e+00	-1.287830443890e-10	-5.081233222630e-10	-3.243791566021e-20	7.829232830122e-43
7.747395833333e+00	-3.572636973910e+00	-3.640168639166e+00	1.315848123732e-10	5.188598301819e-10	-2.902579059062e-20	1.915163563325e-42
7.838541666667e+00	-2.547812656480e+00	-2.614729828128e+00	-1.344217921336e-10	-5.297255432686e-10	-5.259370963425e-20	4.554127437981e-42
7.929687500000e+00	-1.804941813802e+00	-1.871226418542e+00	1.372953152440e-10	5.407251281686e-10	-2.219537142802e-20	9.581183721252e-42
8.020833333333e+00	-1.294039064966e+00	-1.359690899536e+00	-1.402067058691e-10	-5.518632233620e-10	-3.761840273305e-20	1.824917313740e-41
8.111979166667e+00	-9.537015575674e-01	-1.018707060856e+00	1.431594431000e-10	5.631506153674e-10	-2.056733951447e-20	2.869555975251e-41
8.203125000000e+00	-7.302310897588e-01	-7.945952115750e-01	-1.461050649207e-10	-5.744603962808e-10	-2.921082845111e-20	2.823191507095e-41
8.294270833333e+00	-6.037923058047e-01	-6.675040683492e-01	1.500103237463e-10	5.881680644982e-10	-2.924124949706e-20	-1.856838985442e-41
8.385416666667e+00	-5.454798670069e-01	-6.085458863220e-01	-1.402584349936e-10	-5.708893622472e-10	-4.502053695300e-20	-1.613191552328e-40
8.476562500000e+00	-5.412681809547e-01	-6.036784880578e-01	2.913397814295e-10	8.938242387071e-10	-6.242127888049e-21	-4.295144506314e-40
8.567708333333e+00	-5.877034773816e-01	-6.494642266574e-01	1.046680337552e-09	1.716734449568e-09	-4.254904627094e-20	-9.413462932245e-40
8.658854166667e+00	-6.693913254525e-01	-7.304968925368e-01	8.555380557884e-09	1.577773827398e-08	5.758667980183e-21	-1.824467958320e-39
8.750000000000e+00	-7.608635969046e-01	-8.213251915634e-01	4.592798204291e-08	7.678209877395e-08	-9.295928140161e-21	-3.168655222067e-39
8.841145833333e+00	-8.549089919457e-01	-9.147231317878e-01	2.004976331190e-07	3.145942202770e-07	-1.989294860088e-20	-5.103929435959e-39
8.932291666667e+00	-9.622020552505e-01	-1.021373669990e+00	6.914799618053e-07	1.013271735549e-06	-4.934125175280e-20	-7.780172639615e-39
9.023437500000e+00	-1.105551104283e+00	-1.164069952122e+00	1.904535634738e-06	2.622640004866e-06	1.286188044991e-20	-1.132515062270e-38
9.114583333333e+00	-1.307707654651e+00	-1.365577216565e+00	4.199284401482e-06	5.460295400958e-06	-1.304065040372e-20	-1.580055662258e-38
9.205729166667e+00	-1.556656131207e+00	-1.613867326388e+00	7.453716634973e-06	9.228770138930e-06	-2.304352806343e-20	-2.117379045560e-38
9.296875000000e+00	-1.836082624451e+00	-1.892643525430e+00	1.070569710765e-05	1.275746416756e-05	-4.242838534056e-21	-2.750423346704e-38
9.388020833333e+00	-2.129718153535e+00	-2.185616183302e+00	1.249887412992e-05	1.453550726351e-05	8.575848814778e-21	-3.468144833832e-38
9.479166666667e+00	-2.436459912717e+00	-2.491693714448e+00	1.180775067084e-05	1.358709341689e-05	6.063564601289e-21	-4.278414786375e-38
9.570312500000e+00	-2.762092168373e+00	-2.816648651258e+00	8.628557377516e-06	9.890463093570e-06	-1.788352865185e-20	-5.150585161813e-38
9.661458333333e+00	-3.086234577918e+00	-3.140119261774e+00	3.719387287847e-06	4.117923735963e-06	3.257192462584e-20	-6.070239385784e-38
9.752604166667e+00	-3.368544135665e+00	-3.421752198878e+00	-1.818040870659e-06	-2.494181089832e-06	-2.888732770046e-20	-7.026225980480e-38
9.843750000000e+00	-3.566002212044e+00	-3.618550205969e+00	-6.636928523688e-06	-8.192042098350e-06	-1.195153751958e-20	-7.953906574713e-38
9.934895833333e+00	-3.655612124950e+00	-3.707505359681e+00	-9.496609350651e-06	-1.138231365752e-05	-4.392805561946e-20	-8.792142125323e-38
1.002604166667e+01	-3.649406720457e+00	-3.700658518885e+00	-1.007727941229e-05	-1.179577913724e-05	-3.497726326010e-20	-9.381093899312e-38
1.011718750000e+01	-3.590833100064e+00	-3.641432756660e+00	-9.155496362938e-06	-1.053813571721e-05	-6.961590670248e-20	-9.626641001056e-38
1.020833333333e+01	-3.503476800098e+00	-3.553427801295e+00	-7.742827703321e-06	-8.889824830816e-06	-3.262433649288e-20	-9.392553063366e-38
1.029947916667e+01	-3.368315637308e+00	-3.417611754227e+00	-6.279363716150e-06	-7.298730900718e-06	-5.772746645949e-20	-8.779390474144e-38
1.039062500000e+01	-3.180444177541e+00	-3.229097755112e+00	-4.744333207801e-06	-5.628994665892e-06	-2.158030386092e-20	-8.000124132187e-38
1.048177083333e+01	-2.965264160443e+00	-3.013266146966e+00	-3.152246216570e-06	-3.825853049848e-06	-7.143073100001e-20	-6.933889663356e-38
1.057291666667e+01	-2.783901281109e+00	-2.831252561487e+00	-1.704503332183e-06	-2.136349957796e-06	-1.472434029262e-20	-5.609094799352e-38
1.066406250000e+01	-2.693157554012e+00	-2.739841237889e+00	-4.619538791741e-07	-6.828324098339e-07	-7.007492364939e-20	-3.394542367864e-38
1.075520833333e+01	-2.679698353132e+00	-2.725720717556e+00	1.236960480820e-06	1.175214190121e-06	-2.966665223446e-20	-5.983676894435e-39
1.084635416667e+01	-2.687854007054e+00	-2.733215284990e+00	5.659794729825e-06	5.792220597454e-06	1.997283698734e-21	8.975643585030e-39
1.093750000000e+01	-2.660693881878e+00	-2.705413999083e+00	1.753255176962e-05	1.819974730659e-05	-4.073049037458e-20	1.301079248141e-38
1.102864583333e+01	-2.590214345557e+00	-2.634309085128e+00	4.299766947730e-05	4.560667724299e-05	-5.374778095784e-20	6.696306583158e-39
1.111979166667e+01	-2.507790939322e+00	-2.551304130789e+00	8.416256689028e-05	9.278813427937e-05	-2.440216305459e-20	-1.712960444919e-39
1.121093750000e+01	-2.442263013537e+00	-2.485232192332e+00	1.319415893665e-04	1.539472258345e-04	-9.065962127140e-21	-1.668250675029e-38
1.130208333333e+01	-2.400023038269e+00	-2.442504755188e+00	1.671216431323e-04	2.071317481346e-04	2.529181907932e-20	-3.663324630713e-38
1.139322916667e+01	-2.367109294213e+00	-2.409134370925e+00	1.734766133276e-04	2.198786003982e-04	6.803084712350e-20	-6.110947589154e-38
1.148437500000e+01	-2.319403179822e+00	-2.360998951343e+00	1.496057970054e-04	1.697903424387e-04	-1.097499100048e-20	-8.212745812549e-38
1.157552083333e+01	-2.240559892880e+00	-2.281720128084e+00	1.074710457494e-04	7.054035214769e-05	1.649950614225e-20	-9.914240385326e-38
1.166666666667e+01	-2.167021564608e+00	-2.207753345431e+00	6.304980111424e-05	-2.399649594068e-05	-6.045120549581e-20	-1.188928602417e-37
1.175781250000e+01	-2.128825881384e+00	-2.169136794251e+00	2.794433033351e-05	-5.764603764075e-05	-1.059948423850e-20	-1.443483092751e-37
1.184895833333e+01	-2.169152079087e+00	-2.209066067565e+00	5.147928571705e-06	-2.399768177310e-05	-6.381395037731e-20	-1.790815414595e-37
1.194010416667e+01	-2.303521828825e+00	-2.343037737879e+00	-8.723327149434e-06	2.760276658842e-05	-2.369524697505e-20	-2.265176460502e-37
1.203125000000e+01	-2.478930167024e+00	-2.518050630097e+00	-1.756961103614e-05	4.258106136917e-05	-6.409102069646e-20	-2.903463970730e-37
1.212239583333e+01	-2.654423394216e+00	-2.693136253474e+00	-2.289503463661e-05	9.815521543856e-06	-5.022184104513e-20	-3.735195481841e-37
1.221354166667e+01	-2.821452348033e+00	-2.859773408207e+00	-2.481238469104e-05	-3.881771481608e-05	-8.897927508573e-20	-4.804719243006e-37
1.230468750000e+01	-2.959338341909e+00	-2.997281447649e+00	-2.351192962422e-05	-6.467133738459e-05	-9.016347413270e-21	-6.102297820209e-37
1.239583333333e+01	-3.044057499501e+00	-3.081654143865e+00	-1.956119274560e-05	-5.443083918256e-05	-5.255323686796e-20	-7.736793938166e-37
1.248697916667e+01	-3.062401462383e+00	-3.099665262141e+00	-1.356334655234e-05	-2.367592350287e-05	-7.181116501357e-20	-9.817469100283e-37
1.257812500000e+01	-3.021142331723e+00	-3.058093013263e+00	-6.282705420516e-06	3.057660831754e-06	-6.675020113858e-20	-1.249216630972e-36
1.266927083333e+01	-2.933780533985e+00	-2.970415499824e+00	1.070211735543e-06	1.313522981414e-05	-4.449805256177e-20	-1.590349351260e-36
1.276041666667e+01	-2.811491492968e+00	-2.847821535995e+00	6.949776834638e-06	1.011698469181e-05	-7.758592030496e-20	-2.029732144744e-36
1.285156250000e+01	-2.698457266310e+00	-2.734479836794e+00	9.780691259323e-06	4.058028874981e-06	-2.343825208947e-20	-2.592193638157e-36
1.294270833333e+01	-2.638229306570e+00	-2.673958692439e+00	8.500267413440e-06	1.203099679272e-06	-5.794088596630e-20	-3.310968036373e-36
1.303385416667e+01	-2.646258935097e+00	-2.681695519702e+00	3.163382819984e-06	1.178415292036e-06	-6.699354497986e-20	-4.229688990568e-36
1.312500000000e+01	-2.706611535747e+00	-2.741764426724e+00	-5.260548029090e-06	-7.537148515658e-09	-9.833005156311e-20	-5.399478549748e-36
1.321614583333e+01	-2.774678068429e+00	-2.809537988495e+00	-1.561569843655e-05	-5.684675664513e-06	-5.136695568974e-20	-6.898605313435e-36
1.330729166667e+01	-2.813283741033e+00	-2.847861102342e+00	-2.694360380297e-05	-1.646927536820e-05	-1.043190006179e-19	-8.803842272646e-36
1.339843750000e+01	-2.854655377321e+00	-2.888940130007e+00	-3.836616251715e-05	-3.070533252074e-05	-5.610355655191e-20	-1.122155830699e-35
1.348958333333e+01	-2.927472542920e+00	-2.961471183326e+00	-4.910285955743e-05	-4.618350456693e-05	-3.819774173133e-20	-1.428848899345e-35
1.358072916667e+01	-3.022050196874e+00	-3.055759653900e+00	-5.871170590549e-05	-6.138094296075e-05	-7.411594535600e-20	-1.819960339748e-35
1.367187500000e+01	-3.103953430195e+00	-3.137389302883e+00	-6.719800013954e-05	-7.585173176793e-05	-6.450262818555e-20	-2.323429501641e-35
1.376302083333e+01	-3.155719926311e+00	-3.188884798595e+00	-7.477035770214e-05	-8.978001879298e-05	-7.120427138053e-21	-2.977424574091e-35
1.385416666667e+01	-3.173009827723e+00	-3.205920515769e+00	-8.165503404605e-05	-1.034846282396e-04	-7.024961450587e-20	-3.831913773083e-35
1.394531250000e+01	-3.189079774176e+00	-3.221736883561e+00	-8.810642763627e-05	-1.169765589010e-04	-2.292962233516e-20	-4.946222560808e-35
1.403645833333e+01	-3.232216207812e+00	-3.264633365045e+00	-9.449282045855e-05	-1.300242605372e-04	-2.731774244450e-20	-6.454618650708e-35
1.412760416667e+01	-3.291190752658e+00	-3.323361837004e+00	-1.013997087681e-04	-1.426820416801e-04	-2.856941903695e-20	-8.556775112039e-35
1.421875000000e+01	-3.308125326283e+00	-3.340062569398e+00	-1.103147345629e-04	-1.565012535421e-04	-7.512298288597e-21	-1.156637098041e-34
1.430989583333e+01	-3.227962366422e+00	-3.259668694825e+00	-1.248875486600e-04	-1.753349150707e-04	5.168166612108e-20	-1.599373928734e-34
1.440104166667e+01	-3.063025689638e+00	-3.094526828222e+00	-1.511582484654e-04	-2.042228932745e-04	-2.336660270515e-20	-2.270724228313e-34
1.449218750000e+01	-2.885282401618e+00	-2.916587298664e+00	-1.935868836252e-04	-2.440650692577e-04	4.149910278452e-20	-3.317803306899e-34
1.458333333333e+01	-2.785482061195e+00	-2.816610180471e+00	-2.469234679620e-04	-2.855944645425e-04	1.832744741019e-20	-5.001371080390e-34
1.467447916667e+01	-2.811883665132e+00	-2.842831614473e+00	-2.923720011447e-04	-3.149910946397e-04	3.023649134799e-20	-7.786531742098e-34
1.476562500000e+01	-2.923668666788e+00	-2.954445974965e+00	-3.097522342441e-04	-3.339056306256e-04	-1.100202894943e-20	-1.253203968304e-33
1.485677083333e+01	-3.061622805757e+00	-3.092229734430e+00	-3.004516032767e-04	-3.618183608221e-04	-5.788966568876e-21	-2.084349003862e-33
1.494791666667e+01	-3.204329662243e+00	-3.234807167383e+00	-2.929830647819e-04	-4.015704568187e-04	-2.405047809163e-20	-3.600743106703e-33
1.503906250000e+01	-3.343825591068e+00	-3.374230283608e+00	-3.138337619610e-04	-4.210826134971e-04	4.907531025562e-21	-6.480633320452e-33
1.513020833333e+01	-3.479216654829e+00	-3.509605467084e+00	-3.564514559316e-04	-3.973134530561e-04	-7.310732738793e-21	-1.218342833128e-32
1.522135416667e+01	-3.601499122480e+00	-3.631870016315e+00	-3.943631769050e-04	-3.584548290187e-04	2.724798526140e-20	-2.394848926139e-32
1.531250000000e+01	-3.661082826760e+00	-3.691427986009e+00	-4.192952833166e-04	-3.503221523599e-04	4.039256243232e-20	-4.931006983048e-32
1.540364583333e+01	-3.597113853753e+00	-3.627429282582e+00	-4.508212204643e-04	-3.763337938778e-04	8.215837810005e-20	-1.064229960530e-31
1.549479166667e+01	-3.404079533265e+00	-3.434384768273e+00	-5.181841461215e-04	-4.142586430352e-04	2.966971779236e-20	-2.412208811272e-31
1.558593750000e+01	-3.113770042819e+00	-3.144050701774e+00	-6.420258141822e-04	-4.826371302726e-04	4.864761458570e-20	-5.745115433803e-31
1.567708333333e+01	-2.781145923898e+00	-2.811389662028e+00	-8.158308445487e-04	-6.259130839005e-04	2.264450209015e-20	-1.440735093196e-30
1.576822916667e+01	-2.458705303653e+00	-2.488926367520e+00	-9.902644051930e-04	-8.195179916575e-04	2.050420517997e-20	-3.807328616135e-30
1.585937500000e+01	-2.145207499798e+00	-2.175524208089e+00	-1.099288416768e-03	-9.496198895313e-04	2.341216288250e-20	-1.062121285740e-29
1.595052083333e+01	-1.824433589282e+00	-1.854994031267e+00	-1.140219108257e-03	-9.346491004539e-04	1.940542932267e-20	-3.130599362442e-29
1.604166666667e+01	-1.497098974825e+00	-1.527987907591e+00	-1.209073849628e-03	-8.543037807985e-04	1.812767649444e-20	-9.766447459330e-29
1.613281250000e+01	-1.188679970466e+00	-1.219831970014e+00	-1.394114019545e-03	-8.923188189488e-04	6.161610281332e-20	-3.229284928641e-28
1.622395833333e+01	-9.268940483288e-01	-9.581998491307e-01	-1.672262018769e-03	-1.133201938010e-03	1.439868036166e-20	-1.133183709152e-27
1.631510416667e+01	-7.129183485735e-01	-7.443044053731e-01	-1.982716589805e-03	-1.468370430673e-03	2.545858453472e-20	-4.223764861214e-27
1.640625000000e+01	-5.536467961932e-01	-5.851133056249e-01	-2.314890066338e-03	-1.706960364931e-03	4.993224360476e-20	-1.673829789165e-26
1.649739583333e+01	-4.504236621082e-01	-4.819374121175e-01	-2.649177544902e-03	-1.740282731591e-03	5.543894858145e-20	-7.054461726110e-26
1.658854166667e+01	-3.859778102024e-01	-4.174059741857e-01	-2.920862244535e-03	-1.614556471687e-03	4.699790149739e-20	-3.162819587187e-25
1.667968750000e+01	-3.531286494411e-01	-3.841636494835e-01	-3.109265752396e-03	-1.480260181552e-03	8.324666346766e-20	-1.508380054436e-24
1.677083333333e+01	-3.429684564034e-01	-3.731901515423e-01	-3.277340810543e-03	-1.443296162494e-03	1.182062984930e-20	-7.648261187726e-24
1.686197916667e+01	-3.454379774720e-01	-3.743523439723e-01	-3.466128693218e-03	-1.428696799699e-03	1.563420495063e-21	-4.120513380538e-23
1.695312500000e+01	-3.539464189090e-01	-3.810360267751e-01	-3.607585096487e-03	-1.274282264290e-03	3.034476215668e-20	-2.354415155560e-22
1.704427083333e+01	-3.640441508269e-01	-3.887601981902e-01	-3.595774348926e-03	-1.046198151129e-03	3.709842202196e-20	-1.424805006711e-21
1.713541666667e+01	-3.649714841219e-01	-3.868766003491e-01	-3.400227418000e-03	-1.100429692098e-03	3.083642697982e-20	-9.096805149096e-21
1.722656250000e+01	-3.571858783522e-01	-3.760492409888e-01	-3.068234750565e-03	-1.638161287560e-03	9.198340443574e-21	-6.109612967353e-20
1.731770833333e+01	-3.440345015297e-01	-3.599115335523e-01	-2.662939098230e-03	-2.330003122447e-03	-4.356714956498e-19	-4.287031158423e-19
1.740885416667e+01	-3.187250989991e-01	-3.318716526124e-01	-2.222519480192e-03	-2.612521175628e-03	-3.205340226471e-18	-3.125473928476e-18
1.750000000000e+01	-2.748360240975e-01	-2.856314543442e-01	-1.751312711083e-03	-2.364967376198e-03	-2.425635740457e-17	-2.342012874106e-17
1.759114583333e+01	-2.116211609500e-01	-2.204732997868e-01	-1.258772092362e-03	-2.058742166637e-03	-1.855544388947e-16	-1.787597025854e-16
1.768229166667e+01	-1.387093857514e-01	-1.460333541470e-01	-8.118908075310e-04	-2.149870176832e-03	-1.423489268168e-15	-1.369410883654e-15
1.777343750000e+01	-7.228705303437e-02	-7.841189461736e-02	-5.023419353052e-04	-2.527079471849e-03	-1.082720107463e-14	-1.040195199276e-14
1.786458333333e+01	-2.500246724503e-02	-3.020372155687e-02	-3.355510657551e-04	-2.689217301189e-03	-8.026874428427e-14	-7.702639152635e-14
1.795572916667e+01	4.855751344589e-03	3.038566088798e-04	-2.176616291104e-04	-2.341582008312e-03	-5.726871319868e-13	-5.486651199425e-13
1.804687500000e+01	2.769830380389e-02	2.345196607764e-02	-8.194271083436e-05	-1.650237715666e-03	-3.863686995597e-12	-3.698041973212e-12
1.813802083333e+01	4.367463283339e-02	3.941459606760e-02	4.297263662842e-05	-9.793810221159e-04	-2.438356468337e-11	-2.329263329278e-11
1.822916666667e+01	5.408745718541e-02	4.958454283825e-02	9.885022212058e-05	-5.580112706318e-04	-1.415940878961e-10	-1.351544218894e-10
1.832031250000e+01	6.064994629887e-02	5.583121187238e-02	7.153423669088e-05	-4.030154421316e-04	-7.504686643162e-10	-7.147190114868e-10
1.841145833333e+01	6.453745207394e-02	5.940791003999e-02	-9.701475945886e-07	-4.177728089395e-04	-3.576670661419e-09	-3.403974058022e-09
1.850260416667e+01	6.658943705908e-02	6.117307123608e-02	-5.848630644448e-05	-4.904958556080e-04	-1.524935720731e-08	-1.447637970127e-08
1.859375000000e+01	6.749555946424e-02	6.176502636203e-02	-6.090582483510e-05	-5.305480791628e-04	-5.744357309617e-08	-5.449254142644e-08
1.868489583333e+01	6.756236816069e-02	6.153091031232e-02	-2.276312192700e-05	-4.851495922692e-04	-1.910047747700e-07	-1.806861995627e-07
1.877604166667e+01	6.707879806288e-02	6.085826398853e-02	5.537026276232e-06	-3.699913008980e-04	-5.565994781987e-07	-5.260974664535e-07
1.886718750000e+01	6.610518663904e-02	5.992223510168e-02	-3.262390919210e-06	-2.735894915245e-04	-1.431257603038e-06	-1.348654174476e-06
1.895833333333e+01	6.486781421344e-02	5.890663493859e-02	-3.750843917249e-05	-2.868243411722e-04	-3.258545925495e-06	-3.067569065432e-06
1.904947916667e+01	6.342059561583e-02	5.772949134579e-02	-7.116544278869e-05	-3.908965076538e-04	-6.698021531445e-06	-6.282918906482e-06
1.914062500000e+01	6.196754992748e-02	5.643739202852e-02	-7.763151567089e-05	-4.268037439984e-04	-1.261263906685e-05	-1.181567470868e-05
1.923177083333e+01	6.048452200073e-02	5.500984251717e-02	-4.880742585060e-05	-2.471054039938e-04	-2.218595304501e-05	-2.070144581268e-05
1.932291666667e+01	5.906687316166e-02	5.362130871752e-02	-6.987575800181e-06	8.805931836271e-05	-3.645232575401e-05	-3.396329562463e-05
1.941406250000e+01	5.761091708809e-02	5.226266098483e-02	2.591469888419e-05	3.495934551686e-04	-5.587730707026e-05	-5.188786806637e-05
1.950520833333e+01	5.620034992737e-02	5.100463170308e-02	5.299390330789e-05	3.835286667965e-04	-7.957687787844e-05	-7.383494718797e-05
1.959635416667e+01	5.475403499544e-02	4.973662794293e-02	8.407546858658e-05	2.453212389111e-04	-1.066863095062e-04	-9.879561668271e-05
1.968750000000e+01	5.336208421681e-02	4.849801811952e-02	1.193073220171e-04	1.091357639715e-04	-1.367432005154e-04	-1.266411207334e-04
1.977864583333e+01	5.193668118607e-02	4.721116994663e-02	1.565885756472e-04	9.517041018382e-05	-1.711611671581e-04	-1.584012054261e-04
1.986979166667e+01	5.056353130579e-02	4.596052698123e-02	1.984235716254e-04	1.860481421779e-04	-2.117253813829e-04	-1.960410176515e-04
1.996093750000e+01	4.915931244990e-02	4.469044254841e-02	2.489445197089e-04	2.892137912173e-04	-2.614176840835e-04	-2.420723599978e-04
2.005208333333e+01	4.780966452552e-02	4.347427700490e-02	3.115596756297e-04	3.458449863692e-04	-3.236127338682e-04	-2.997640999288e-04
2.014322916667e+01	4.643175192471e-02	4.223904946894e-02	3.891856853482e-04	3.683240930118e-04	-4.014437225016e-04	-3.719370493823e-04
2.023437500000e+01	4.510982107619e-02	4.104724633553e-02	4.822604763203e-04	4.015154593850e-04	-4.960451064487e-04	-4.595062392001e-04
2.032552083333e+01	4.376563667063e-02	3.983168915247e-02	5.862526493145e-04	4.725818330113e-04	-6.022516874077e-04	-5.578079698790e-04
2.041666666667e+01	4.248429946552e-02	3.866267468234e-02	6.933638232701e-04	5.750804840148e-04	-7.119832770779e-04	-6.590256144413e-04
2.050781250000e+01	4.118938324896e-02	3.748069170640e-02	7.966469395598e-04	6.848799132587e-04	-8.163081467202e-04	-7.551662617845e-04
2.059895833333e+01	3.996220959838e-02	3.635388898367e-02	8.913276471065e-04	7.811463683167e-04	-9.125606416595e-04	-8.433454560250e-04
2.069010416667e+01	3.872737444679e-02	3.522182938200e-02	9.729524664972e-04	8.552050320941e-04	-9.952705114348e-04	-9.190466799194e-04
2.078125000000e+01	3.756442311869e-02	3.414826416611e-02	1.036655021157e-03	9.096823313047e-04	-1.061037168056e-03	-9.785312392241e-04
2.087239583333e+01	3.639921485215e-02	3.307243780935e-02	1.079329042435e-03	9.544006966963e-04	-1.103219834237e-03	-1.016449161741e-03
2.096354166667e+01	3.530693694649e-02	3.205442606327e-02	1.102023727018e-03	1.001431147441e-03	-1.125592432798e-03	-1.035634707542e-03
2.105468750000e+01	3.421280400049e-02	3.103515214215e-02	1.109772788698e-03	1.060105492769e-03	-1.131712861704e-03	-1.040120094250e-03
2.114583333333e+01	3.318852782851e-02	3.007377812421e-02	1.109103755786e-03	1.133993149327e-03	-1.131036062072e-03	-1.038045107880e-03
2.123697916667e+01	3.216073316496e-02	2.911447461627e-02	1.105153058019e-03	1.220415477601e-03	-1.126141469933e-03	-1.032464618446e-03
2.132812500000e+01	3.119987184833e-02	2.821587444440e-02	1.100237521216e-03	1.311945976829e-03	-1.121139127212e-03	-1.026643717427e-03
2.141927083333e+01	3.023524708813e-02	2.732494787119e-02	1.094547465794e-03	1.398822812059e-03	-1.114292685934e-03	-1.019668925575e-03
2.151041666667e+01	2.933528380648e-02	2.649807902453e-02	1.087858718549e-03	1.471464946980e-03	-1.107772891027e-03	-1.013040330166e-03
2.160156250000e+01	2.843074275192e-02	2.568303907351e-02	1.080342795230e-03	1.521930625766e-03	-1.099268158638e-03	-1.005281543742e-03
2.169270833333e+01	2.758819198988e-02	2.493315902094e-02	1.072173891090e-03	1.544554669987e-03	-1.091077011433e-03	-9.980027917870e-04
2.178385416667e+01	2.674085101068e-02	2.419699880577e-02	1.063270520496e-03	1.536605283942e-03	-1.081099963968e-03	-9.898561607144e-04
2.187500000000e+01	2.595339352392e-02	2.352412991093e-02	1.053737090419e-03	1.498981433171e-03	-1.071852115651e-03	-9.825397053925e-04
2.196614583333e+01	2.516056911207e-02	2.286294475939e-02	1.043901353592e-03	1.435545754402e-03	-1.060964644435e-03	-9.744484904108e-04
2.205729166667e+01	2.442507497868e-02	2.225983344646e-02	1.033493165830e-03	1.351387826207e-03	-1.050700517160e-03	-9.669160961937e-04
2.214843750000e+01	2.368415513825e-02	2.166475692400e-02	1.021193681579e-03	1.251787388266e-03	-1.037408872025e-03	-9.572294007981e-04
2.223958333333e+01	2.299878816548e-02	2.112171834734e-02	1.005475355532e-03	1.142730490914e-03	-1.022160091788e-03	-9.457400724781e-04
2.233072916667e+01	2.230777180073e-02	2.058186524604e-02	9.857789124942e-04	1.031398232819e-03	-1.001267647633e-03	-9.296644125982e-04
2.242187500000e+01	2.166979656626e-02	2.008695912396e-02	9.628071342596e-04	9.256849899833e-04	-9.780568228652e-04	-9.115391634577e-04
2.251302083333e+01	2.102537901555e-02	1.959039672239e-02	9.379941326589e-04	8.332581979658e-04	-9.520136354793e-04	-8.911859855397e-04
2.260416666667e+01	2.043130926487e-02	1.913268697903e-02	9.128418443245e-04	7.609080320267e-04	-9.270891931827e-04	-8.716901318987e-04
2.269531250000e+01	1.982988492692e-02	1.866980083976e-02	8.883387596478e-04	7.137231785581e-04	-9.015328490387e-04	-8.517397856736e-04
2.278645833333e+01	1.927617974180e-02	1.824154612495e-02	8.646738074023e-04	6.941961790626e-04	-8.778397834985e-04	-8.331847346663e-04
2.287760416667e+01	1.871477689597e-02	1.780743170013e-02	8.415880486247e-04	7.017418892233e-04	-8.536988705647e-04	-8.143063500464e-04
2.296875000000e+01	1.819894053966e-02	1.740677987324e-02	8.190338268281e-04	7.325223814902e-04	-8.314006973108e-04	-7.968187981505e-04
2.305989583333e+01	1.767479065292e-02	1.700190645629e-02	7.972328087079e-04	7.785995448821e-04	-8.086466281832e-04	-7.790898075101e-04
2.315104166667e+01	1.719382471458e-02	1.663147583359e-02	7.762057849068e-04	8.269810498203e-04	-7.876708386535e-04	-7.628147815430e-04
2.324218750000e+01	1.670445662511e-02	1.626082975811e-02	7.557151606114e-04	8.600818933120e-04	-7.662481560754e-04	-7.464799253067e-04
2.333333333333e+01	1.625640487330e-02	1.592685365247e-02	7.357232518545e-04	8.581934555154e-04	-7.465553070375e-04	-7.317155586789e-04
2.342447916667e+01	1.579957079133e-02	1.559541243704e-02	7.164386740947e-04	8.029595652161e-04	-7.264096132314e-04	-7.170205934169e-04
2.351562500000e+01	1.538190497244e-02	1.529960550145e-02	6.978730416429e-04	6.816648274367e-04	-7.079261636324e-04	-7.038667833804e-04
2.360677083333e+01	1.495556125233e-02	1.500455374465e-02	6.797897395565e-04	4.924269654708e-04	-6.890028590100e-04	-6.907104406266e-04
2.369791666667e+01	1.456673400580e-02	1.473788234163e-02	6.621533317224e-04	2.489011600795e-04	-6.716917385027e-04	-6.787890837301e-04
2.378906250000e+01	1.416902734182e-02	1.446237918190e-02	6.451692464714e-04	-1.844832652958e-05	-6.539388224520e-04	-6.664479778478e-04
2.388020833333e+01	1.380688339815e-02	1.420098032283e-02	6.288476260030e-04	-2.658872854465e-04	-6.377298492378e-04	-6.547202608819e-04
2.397135416667e+01	1.343611707835e-02	1.391755252634e-02	6.129596681164e-04	-4.443496620360e-04	-6.210960641062e-04	-6.419906140108e-04
2.406250000000e+01	1.309942328835e-02	1.363467286394e-02	5.974785203155e-04	-5.106617991897e-04	-6.059556203958e-04	-6.292796679872e-04
2.415364583333e+01	1.275405272570e-02	1.332193966236e-02	5.826077037652e-04	-4.401297538630e-04	-5.903925424568e-04	-6.152188806587e-04
2.424479166667e+01	1.244096089500e-02	1.300706791935e-02	5.683508756837e-04	-2.360232292518e-04	-5.762552396160e-04	-6.010577038223e-04
2.433593750000e+01	1.211956545006e-02	1.267002745293e-02	5.544797505679e-04	6.864029481588e-05	-5.617157696596e-04	-5.858825203739e-04
2.442708333333e+01	1.182910119172e-02	1.234432849478e-02	5.409737732102e-04	4.181468400616e-04	-5.485524764056e-04	-5.712073614188e-04
2.451822916667e+01	1.153039396542e-02	1.201621548601e-02	5.280379865273e-04	7.469045788119e-04	-5.349928324733e-04	-5.563989860465e-04
2.460937500000e+01	1.126094811648e-02	1.171836347469e-02	5.156712150969e-04	9.942092878885e-04	-5.227428354283e-04	-5.429425234339e-04
2.470052083333e+01	1.098374109154e-02	1.143580417639e-02	5.036430444574e-04	1.117736544486e-03	-5.101208058777e-04	-5.301521926213e-04
2.479166666667e+01	1.073456015016e-02	1.119270561693e-02	4.919372640581e-04	1.102576861537e-03	-4.987601128622e-04	-5.191379694309e-04
2.488281250000e+01	1.047776915075e-02	1.096714529400e-02	4.807632029880e-04	9.626891399893e-04	-4.870363376108e-04	-5.088993250078e-04
2.497395833333e+01	1.024744991980e-02	1.077382507769e-02	4.701218433845e-04	7.345566263950e-04	-4.765094016584e-04	-5.001189251476e-04
2.506510416667e+01	1.001008120797e-02	1.058738279090e-02	4.597856870449e-04	4.661342513770e-04	-4.656466403533e-04	-4.916358493745e-04
2.515625000000e+01	9.798045149482e-03	1.041817317088e-02	4.497410725498e-04	2.051506482071e-04	-4.559341183103e-04	-4.839346565296e-04
2.524739583333e+01	9.579195883835e-03	1.024241518365e-02	4.401958361578e-04	-1.045266929079e-05	-4.458979971857e-04	-4.759224599447e-04
2.533854166667e+01	9.384214306912e-03	1.007114673170e-02	4.311474379894e-04	-1.578567288463e-04	-4.369494260326e-04	-4.681133402491e-04
2.542968750000e+01	9.183053573842e-03	9.886308365505e-03	4.223675850204e-04	-2.296326660379e-04	-4.277074852603e-04	-4.596720890540e-04
2.552083333333e+01	9.004707225003e-03	9.701167573056e-03	4.138461521195e-04	-2.303084331925e-04	-4.195085379150e-04	-4.512145340008e-04
2.561197916667e+01	8.820483002173e-03	9.502601019181e-03	4.057956610460e-04	-1.721491147641e-04	-4.110310458414e-04	-4.421299718864e-04
2.570312500000e+01	8.657691548079e-03	9.305080388262e-03	3.982174177041e-04	-7.168079784379e-05	-4.035360695662e-04	-4.330897599427e-04
2.579427083333e+01	8.489718674269e-03	9.099660729087e-03	3.908844598949e-04	5.315355414388e-05	-3.957954092237e-04	-4.236742972294e-04
2.588541666667e+01	8.342191910871e-03	8.900418109126e-03	3.837842216998e-04	1.854085927553e-04	-3.889944267785e-04	-4.145383495609e-04
2.597656250000e+01	8.189858412130e-03	8.700294545487e-03	3.771246586577e-04	3.107439049050e-04	-3.819656896146e-04	-4.053497890520e-04
2.606770833333e+01	8.056651907771e-03	8.511465951939e-03	3.709057096227e-04	4.187897826862e-04	-3.758177794776e-04	-3.966768743949e-04
2.615885416667e+01	7.919392825112e-03	8.328123198099e-03	3.649052247346e-04	5.052891570452e-04	-3.694772003998e-04	-3.882451311803e-04
2.625000000000e+01	7.800343186307e-03	8.159449106062e-03	3.591191512979e-04	5.747582470277e-04	-3.639760572411e-04	-3.804850978727e-04
2.634114583333e+01	7.677661396849e-03	7.999434074237e-03	3.537579731189e-04	6.417380452268e-04	-3.583001274065e-04	-3.731123598734e-04
2.643229166667e+01	7.571935642208e-03	7.854264926716e-03	3.488132680493e-04	7.291741458042e-04	-3.534021907817e-04	-3.664160544108e-04
2.652343750000e+01	7.463388012618e-03	7.719546211245e-03	3.440494857794e-04	8.634256962142e-04	-3.483562528761e-04	-3.601801957046e-04
2.661458333333e+01	7.370933227471e-03	7.600804913236e-03	3.394502742684e-04	1.065670485375e-03	-3.440256853467e-04	-3.546504326016e-04
2.670572916667e+01	7.276131126057e-03	7.497813576951e-03	3.352049478756e-04	1.340290790034e-03	-3.395214010618e-04	-3.497794107455e-04
2.679687500000e+01	7.196217049143e-03	7.418844901643e-03	3.312527781157e-04	1.664082139310e-03	-3.355857959864e-04	-3.458942739417e-04
2.688802083333e+01	7.114813117643e-03	7.370802512545e-03	3.272549042776e-04	1.982849070969e-03	-3.313529009050e-04	-3.432002829471e-04
2.697916666667e+01	7.047484698524e-03	7.364126877403e-03	3.230344755969e-04	2.220819890556e-03	-3.273754425555e-04	-3.419973141614e-04
2.707031250000e+01	6.979182717948e-03	7.407345014055e-03	3.185569032883e-04	2.303017023264e-03	-3.226929858366e-04	-3.423699499729e-04
2.716145833333e+01	6.923768101531e-03	7.504110035193e-03	3.134608982579e-04	2.184113305976e-03	-3.175742036069e-04	-3.440221635349e-04
2.725260416667e+01	6.868237254922e-03	7.654474857306e-03	3.070305653401e-04	1.871539484023e-03	-3.109315415627e-04	-3.462792350201e-04
2.734375000000e+01	6.824752889993e-03	7.846826115694e-03	2.986788116206e-04	1.429407971949e-03	-3.027326807592e-04	-3.477312630584e-04
2.743489583333e+01	6.781575056612e-03	8.070445547508e-03	2.880094052458e-04	9.565186099956e-04	-2.918247810376e-04	-3.468414721296e-04
2.752604166667e+01	6.749083597608e-03	8.306207783652e-03	2.744567405383e-04	5.448353766844e-04	-2.780883404749e-04	-3.416946719266e-04
2.761718750000e+01	6.717491076136e-03	8.548357950692e-03	2.573832341241e-04	2.362057693219e-04	-2.607118268808e-04	-3.311163699250e-04
2.770833333333e+01	6.695364353256e-03	8.786071804370e-03	2.366789483990e-04	-1.217221824414e-06	-2.399419679193e-04	-3.141359601644e-04
2.779947916667e+01	6.674071456124e-03	9.026868658844e-03	2.128682521373e-04	-2.596600028458e-04	-2.157562965548e-04	-2.910322270074e-04
2.789062500000e+01	6.660297393268e-03	9.265306498159e-03	1.866767924758e-04	-6.350154848880e-04	-1.891195403160e-04	-2.622848051690e-04
2.798177083333e+01	6.647337188462e-03	9.507566097945e-03	1.589410493415e-04	-1.138586712454e-03	-1.609355138570e-04	-2.293913451373e-04
2.807291666667e+01	6.640103902349e-03	9.731146644448e-03	1.309531943872e-04	-1.614161037576e-03	-1.326854355321e-04	-1.937131696927e-04
2.816406250000e+01	6.633169227339e-03	9.922135871474e-03	1.042939985330e-04	-1.719975073383e-03	-1.056362003150e-04	-1.573646872407e-04
2.825520833333e+01	6.629735054665e-03	1.004293373325e-02	8.017342387113e-05	-1.033711184553e-03	-8.107491519310e-05	-1.222857709016e-04
2.834635416667e+01	6.626563256821e-03	1.009549180943e-02	5.922886534515e-05	7.137787841646e-04	-5.984167639370e-05	-9.076845603777e-05
2.843750000000e+01	6.625302543532e-03	1.009524643822e-02	4.190876518865e-05	3.374874042649e-03	-4.241963246564e-05	-6.435504195667e-05
2.852864583333e+01	6.624231216971e-03	1.013510631480e-02	2.847571790816e-05	6.289547055242e-03	-2.883016168409e-05	-4.391737783818e-05
2.861979166667e+01	6.623401564994e-03	1.031680109849e-02	1.863078593535e-05	8.533331541277e-03	-1.876422563497e-05	-2.909286088910e-05
2.871093750000e+01	6.623398617522e-03	1.076567399772e-02	1.163096457397e-05	9.437496015514e-03	-1.168427395323e-05	-1.889087548029e-05
2.880208333333e+01	6.622728811264e-03	1.151603256325e-02	6.859249240917e-06	8.975045008734e-03	-6.953215296059e-06	-1.201116643081e-05
2.889322916667e+01	6.623392714006e-03	1.255691455238e-02	3.874790471346e-06	7.625646797087e-03	-3.952552392384e-06	-7.429700362250e-06
2.898437500000e+01	6.622150726170e-03	1.380185116031e-02	2.135633818524e-06	5.834680775735e-03	-2.143828311696e-06	-4.418826445972e-06
2.907552083333e+01	6.623303066070e-03	1.523313781304e-02	1.074586277195e-06	3.589839406493e-03	-1.109565499395e-06	-2.515600518157e-06
2.916666666667e+01	6.621965435361e-03	1.685727725523e-02	4.174637126875e-07	4.938162246548e-04	-5.473230803549e-07	-1.367894891052e-06
2.925781250000e+01	6.623755238487e-03	1.871399115951e-02	7.940011484699e-08	-3.709108334606e-03	-2.574181736688e-07	-7.103669518681e-07
2.934895833333e+01	6.621989314104e-03	2.064108821821e-02	-3.070479877233e-08	-8.479287722152e-03	-1.152791387912e-07	-3.489127322729e-07
2.944010416667e+01	6.624594771317e-03	2.227771625516e-02	-3.639099359497e-08	-1.224496108817e-02	-4.919818478382e-08	-1.597797410092e-07
2.953125000000e+01	6.623007755525e-03	2.317476422421e-02	-1.786709704767e-08	-1.325592073442e-02	-1.997837797043e-08	-6.729839594817e-08
2.962239583333e+01	6.626218075824e-03	2.333946367484e-02	-6.443895883470e-09	-1.124904997107e-02	-7.727805918951e-09	-2.618846579399e-08
2.971354166667e+01	6.623846040841e-03	2.325507273417e-02	-1.211832840473e-09	-7.907721720324e-03	-2.842312992708e-09	-9.603727864718e-09
2.980468750000e+01	6.627441454405e-03	2.336375576939e-02	-5.523754860273e-10	-5.058929983834e-03	-9.955659759330e-10	-3.376523752578e-09
2.989583333333e+01	6.624910382284e-03	2.344885330358e-02	2.363964207699e-10	-2.999977318096e-03	-3.314311415762e-10	-1.128255485009e-09
2.998697916667e+01	6.628935064942e-03	2.318953909983e-02	-2.687305157204e-10	-1.141554131948e-03	-1.050499395015e-10	-3.537790541615e-10
3.007812500000e+01	6.625503588119e-03	2.264761391786e-02	2.571147869964e-10	5.680855068875e-04	-3.163078062411e-11	-1.042890784005e-10
3.016927083333e+01	6.629860337083e-03	2.221016128077e-02	-2.501448416928e-10	1.595560110683e-03	-9.067147331644e-12	-2.934396420899e-11
3.026041666667e+01	6.626236175921e-03	2.201554059009e-02	2.431735386843e-10	1.687360592567e-03	-2.468347410604e-12	-7.928112401347e-12
3.035156250000e+01	6.631019747732e-03	2.201676715689e-02	-2.365242024202e-10	1.183655542579e-03	-6.396418087052e-13	-2.053189295928e-12
3.044270833333e+01	6.626486018024e-03	2.206223338732e-02	2.301576610675e-10	6.008606345296e-04	-1.573516247018e-13	-5.064080061604e-13
3.053385416667e+01	6.631633274975e-03	2.213924245874e-02	-2.240552658953e-10	2.159203171372e-04	-3.684755242720e-14	-1.188829297521e-13
3.062500000000e+01	6.626942718260e-03	2.221627802989e-02	2.181981685756e-10	3.601205871167e-05	-8.189313246058e-15	-2.652602746758e-14
3.071614583333e+01	6.632561792641e-03	2.234812952030e-02	-2.125686411372e-10	-3.033367767179e-05	-1.732430637744e-15	-5.637926916439e-15
3.080729166667e+01	6.626948242043e-03	2.252582985147e-02	2.071502081739e-10	-5.258523481768e-05	-3.477337667072e-16	-1.140900289601e-15
3.089843750000e+01	6.632919585924e-03	2.281241380066e-02	-2.019276777957e-10	-5.839327126732e-05	-6.640111352970e-17	-2.203543995239e-16
3.098958333333e+01	6.627120006598e-03	2.317968144813e-02	1.968871125247e-10	-5.465472526430e-05	-1.200916429427e-17	-4.056414606633e-17
3.108072916667e+01	6.633567756612e-03	2.365841820704e-02	-1.920157613888e-10	-4.450632535348e-05	-2.046945822764e-18	-7.124226564144e-18
3.117187500000e+01	6.626836326110e-03	2.418829039306e-02	1.873019731734e-10	-3.188620067311e-05	-3.459578701291e-19	-1.190596046502e-18
3.126302083333e+01	6.633667785101e-03	2.478851134172e-02	-1.827351007140e-10	-2.035721532910e-05	-2.322088548244e-20	-1.894363994776e-19
3.135416666667e+01	6.626783316363e-03	2.539784419509e-02	1.783054190400e-10	-1.173461691855e-05	-2.437861511345e-20	-2.862700620623e-20
3.144531250000e+01	6.634141947214e-03	2.604590509663e-02	-1.740040297365e-10	-6.189568011694e-06	6.832121757296e-21	-4.112855372605e-21
3.153645833333e+01	6.626313243456e-03	2.668007661146e-02	1.698227848171e-10	-3.017994920736e-06	2.379957397207e-20	-5.607030453256e-22
3.162760416667e+01	6.634055045732e-03	2.734155278792e-02	-1.657542138280e-10	-1.375713833992e-06	-3.144565696237e-20	-7.263739312658e-23
3.171875000000e+01	6.626042321607e-03	2.798170380845e-02	1.617914566692e-10	-5.879845514749e-07	-2.447910435246e-20	-8.927001344016e-24
3.180989583333e+01	6.634313953145e-03	2.864645654297e-02	-1.579281993391e-10	-2.391429392673e-07	1.023586981916e-21	-1.042379224604e-24
3.190104166667e+01	6.625339173144e-03	2.928680414320e-02	1.541586285384e-10	-9.078230479026e-08	-1.453971568015e-20	-1.154611373413e-25
3.199218750000e+01	6.634028471700e-03	2.995243962233e-02	-1.504773769777e-10	-3.415707065462e-08	-2.261583005365e-20	-1.215102152339e-26
3.208333333333e+01	6.624913591787e-03	3.059282496090e-02	1.468794795566e-10	-1.091660547355e-08	2.299263813119e-22	-1.213064653308e-27
3.217447916667e+01	6.634207794878e-03	3.125913117965e-02	-1.433603440726e-10	-4.533186853858e-09	-4.640373367088e-20	-1.150567795716e-28
3.226562500000e+01	6.624126210769e-03	3.189857335421e-02	1.399157031899e-10	-5.568766824817e-10	-9.500283107440e-22	-1.035212244418e-29
3.235677083333e+01	6.633835886088e-03	3.256530413750e-02	-1.365415980957e-10	-1.004479186643e-09	-4.966602016716e-20	-8.849234281200e-31
3.244791666667e+01	6.623582267678e-03	3.320457791595e-02	1.332343384971e-10	5.121462768231e-10	-2.037859319568e-20	-7.175921916534e-32
3.253906250000e+01	6.633911175816e-03	3.387193038511e-02	-1.299904896928e-10	-6.264251982524e-10	-3.366743704532e-20	-5.528424454056e-33
3.263020833333e+01	6.622673934646e-03	3.451022209397e-02	1.268068389354e-10	5.710153742212e-10	1.408235250284e-20	-4.040319978230e-34
3.272135416667e+01	6.633462695505e-03	3.517803623643e-02	-1.236803860546e-10	-5.620997772000e-10	-7.833787921895e-20	-2.805334263682e-35
3.281250000000e+01	6.622088552242e-03	3.581619237817e-02	1.206083214369e-10	5.421088053028e-10	-4.418291468909e-20	-1.847778156185e-36
3.290364583333e+01	6.633553818011e-03	3.648468479378e-02	-1.175880052263e-10	-5.255994036780e-10	-2.374962843509e-20	-1.156278413499e-37
3.299479166667e+01	6.621164966887e-03	3.712182757473e-02	1.146169634826e-10	5.089862298067e-10	-2.042090328198e-20	-6.863811552669e-39
3.308593750000e+01	6.633093115616e-03	3.779078465082e-02	-1.116928677585e-10	-4.930485885556e-10	-3.212236423550e-20	-3.870961160419e-40
3.317708333333e+01	6.620549313908e-03	3.842777379326e-02	1.088135215042e-10	4.775686543047e-10	-5.224961849212e-20	-2.070937486709e-41
3.326822916667e+01	6.633197569461e-03	3.909745275005e-02	-1.059768585895e-10	-4.625511086937e-10	-8.090680974978e-20	-1.052589966159e-42
3.335937500000e+01	6.619633816882e-03	3.973342327496e-02	1.031809248857e-10	4.479576026284e-10	-3.120437034289e-20	-5.075039234569e-44
3.345052083333e+01	6.632794702368e-03	4.040361664978e-02	-1.004238724543e-10	-4.337615344185e-10	-2.208185802935e-20	-2.324702011970e-45
3.354166666667e+01	6.619095346690e-03	4.103945286759e-02	9.770395259036e-11	4.199368657079e-10	7.174664798442e-21	-1.010150367662e-46
3.363281250000e+01	6.633028173165e-03	4.171041997116e-02	-9.501951038207e-11	-4.064599521470e-10	-5.883273887934e-20	-4.170097136671e-48
3.372395833333e+01	6.618268645325e-03	4.234519733537e-02	9.236896840284e-11	3.933089767022e-10	-6.696995719717e-20	-1.633010833151e-49
3.381510416667e+01	6.632709923694e-03	4.301667469735e-02	-8.975083691038e-11	-3.804638168785e-10	-1.081873680463e-19	-6.075435030728e-51
3.390625000000e+01	6.617781269752e-03	4.365128421490e-02	8.716369075787e-11	3.679058849950e-10	1.262650439693e-20	-2.144123783846e-52
3.399739583333e+01	6.633022495417e-03	4.432356333099e-02	-8.460617928400e-11	-3.556179729227e-10	-3.239970301906e-20	-7.188888359989e-54
3.408854166667e+01	6.616978883091e-03	4.495705918869e-02	8.207700864114e-11	3.435841342908e-10	-1.368698027725e-20	-2.286378907481e-55
3.417968750000e+01	6.632740454187e-03	4.562986047767e-02	-7.957495156098e-11	-3.317895598552e-10	-9.941197086782e-20	-6.908418348013e-57
3.427083333333e+01	6.616513273928e-03	4.626317402332e-02	7.709882613123e-11	3.202204789435e-10	-3.936496542855e-20	-1.980083076863e-58
3.436197916667e+01	6.633123596608e-03	4.693682589416e-02	-7.464751195445e-11	-3.088640650825e-10	-7.229617295167e-20	-5.391706606302e-60
3.445312500000e+01	6.615740177546e-03	4.756898447540e-02	7.221992703287e-11	2.977083570029e-10	-1.162795848903e-19	-1.392618131661e-61
3.454427083333e+01	6.632898155608e-03	4.824318585688e-02	-6.981504179088e-11	-2.867421743203e-10	-1.044212953918e-19	-3.417282872547e-63
3.463541666667e+01	6.615332135651e-03	4.887516306366e-02	6.743186218311e-11	2.759550639344e-10	-1.263678144678e-19	-7.954094475611e-65
3.472656250000e+01	2.922257783797e-02	6.584754133449e-02	-6.506943974157e-11	-2.653372266830e-10	-1.189618183813e-19	-2.082658998120e-66
3.481770833333e+01	9.399222110179e-02	1.132207836713e-01	6.272685592831e-11	2.548794716690e-10	-1.368143556411e-19	-5.146090968072e-68
3.490885416667e+01	1.917639695056e-01	1.844217587945e-01	-6.040323141803e-11	-2.445731582340e-10	-1.499343628526e-19	-1.051026210025e-69
