z_A	nval_CHGCAR	nval_DBG	dencor_py	dencor_DBG	ne_py	ne_DBG	phisol_py_eV	phisol_DBG_eV	phi_final_DBG_eV
0.000000000000e+00	8.529232734473e-04	8.529232735707e-04	-1.247376560502e-05	-8.016656341337e-06	8.404495078423e-04	8.449066171173e-04	2.444318745765e-01	2.443941325256e-01	3.080822839298e-01
9.114583333333e-02	1.977594005487e-03	1.977594005391e-03	1.297467926786e-05	8.517530428092e-06	1.990568684755e-03	1.986111535694e-03	2.478350992058e-01	3.625587449615e-01	4.244378390132e-01
1.822916666667e-01	-8.594739789575e-04	-8.594739787643e-04	-1.305489292077e-05	-8.597710328004e-06	-8.725288718783e-04	-8.680716891619e-04	2.514173167006e-01	4.623275292118e-01	5.221712184186e-01
2.734375000000e-01	-2.026749392255e-03	-2.026749392573e-03	1.338247462564e-05	8.925244400475e-06	-2.013366917629e-03	-2.017824148329e-03	2.552738194821e-01	5.293981964643e-01	5.869801431404e-01
3.645833333333e-01	8.864334653485e-04	8.864334655579e-04	-1.353460543937e-05	-9.077346199906e-06	8.728988599092e-04	8.773561192640e-04	2.593084987818e-01	5.544550521095e-01	6.095489256177e-01
4.557291666667e-01	2.135275526595e-03	2.135275526652e-03	1.398189358781e-05	9.524583033397e-06	2.149257420183e-03	2.144800109567e-03	2.636187243739e-01	5.571906344509e-01	6.095700897042e-01
5.468750000000e-01	-8.174379606788e-04	-8.174379603925e-04	-1.391615893098e-05	-9.458811686696e-06	-8.313541196098e-04	-8.268967721778e-04	2.681047627820e-01	5.601095360657e-01	6.095482122913e-01
6.380208333333e-01	-2.106674793122e-03	-2.106674793467e-03	1.463008447899e-05	1.017269708331e-05	-2.092044708643e-03	-2.096502096553e-03	2.728682849851e-01	5.632984145819e-01	6.095699505711e-01
7.291666666667e-01	9.411823964366e-04	9.411823966338e-04	-1.442360441691e-05	-9.966163733513e-06	9.267587920197e-04	9.312162328203e-04	2.778067506366e-01	5.666697438917e-01	6.095477788653e-01
8.203125000000e-01	2.337301391106e-03	2.337301390753e-03	1.514917446362e-05	1.069170145630e-05	2.352450565570e-03	2.347993092034e-03	2.830240380216e-01	5.703123871225e-01	6.095705598780e-01
9.114583333333e-01	-7.336904449149e-04	-7.336904448894e-04	-1.510437027719e-05	-1.064684036683e-05	-7.487948151921e-04	-7.443372853796e-04	2.884137533501e-01	5.741349665929e-01	6.095469163451e-01
1.002604166667e+00	-2.149604271987e-03	-2.149604271513e-03	1.563649687834e-05	1.117892766892e-05	-2.133967775109e-03	-2.138425343880e-03	2.940843200575e-01	5.782308886453e-01	6.095702541978e-01
1.093750000000e+00	1.058566851263e-03	1.058566851597e-03	-1.581382764471e-05	-1.135620557654e-05	1.042753023618e-03	1.047210645950e-03	2.999263925283e-01	5.825058257769e-01	6.095462463385e-01
1.184895833333e+00	2.633790999361e-03	2.633790999527e-03	1.621559520023e-05	1.175792724521e-05	2.650006594561e-03	2.645548926702e-03	3.060507590405e-01	5.870555470948e-01	6.095706614747e-01
1.276041666667e+00	-5.437669700770e-04	-5.437669696763e-04	-1.648937170747e-05	-1.203164997850e-05	-5.602563417844e-04	-5.557986196923e-04	3.123439577678e-01	5.917816110435e-01	6.095450584451e-01
1.367187500000e+00	-2.056018030586e-03	-2.056018030032e-03	1.690347462121e-05	1.244570433201e-05	-2.039114555965e-03	-2.043572325713e-03	3.189215767258e-01	5.967845842246e-01	6.095700034626e-01
1.458333333333e+00	1.396039033410e-03	1.396039033814e-03	-1.718049215308e-05	-1.272266565249e-05	1.378858541257e-03	1.383316368091e-03	3.256670302931e-01	6.019629036200e-01	6.095439338922e-01
1.549479166667e+00	3.240250034774e-03	3.240250035224e-03	1.761439682587e-05	1.315651774671e-05	3.257864431600e-03	3.253406552946e-03	3.326984122678e-01	6.074196391863e-01	6.095699193129e-01
1.640625000000e+00	1.112454843398e-05	1.112454866707e-05	-1.798959315025e-05	-1.353165713956e-05	-6.865044716272e-06	-2.407108561716e-06	3.398947197387e-01	6.130488131435e-01	6.095419823171e-01
1.731770833333e+00	-1.508545438766e-03	-1.508545438434e-03	1.829938279485e-05	1.384138812370e-05	-1.490246055971e-03	-1.494704050370e-03	3.473791264984e-01	6.189585728075e-01	6.095682698533e-01
1.822916666667e+00	2.399020670695e-03	2.399020670922e-03	-1.889580652067e-05	-1.443775484738e-05	2.380124864174e-03	2.384582915974e-03	3.550273339200e-01	6.250396474323e-01	6.095395115379e-01
1.914062500000e+00	4.821816122315e-03	4.821816122666e-03	1.907932182791e-05	1.462120612072e-05	4.840895444143e-03	4.836437328703e-03	3.629651676141e-01	6.314028332799e-01	6.095665032754e-01
2.005208333333e+00	1.883450988569e-03	1.883450988850e-03	-1.976153902561e-05	-1.530336192657e-05	1.863689449543e-03	1.868147626832e-03	3.710635903728e-01	6.379341240289e-01	6.095352390971e-01
2.096354166667e+00	7.722365672014e-04	7.722365674221e-04	2.004575999814e-05	1.558751837249e-05	7.922823271995e-04	7.878240857335e-04	3.794537544620e-01	6.447496394479e-01	6.095618384236e-01
2.187500000000e+00	5.730659932122e-03	5.730659932199e-03	-2.061814504217e-05	-1.615983538216e-05	5.710041787080e-03	5.714500096733e-03	3.880030954809e-01	6.517318493224e-01	6.095287713839e-01
2.278645833333e+00	9.571206079413e-03	9.571206079715e-03	2.110541783910e-05	1.664703919666e-05	9.592311497252e-03	9.587853118886e-03	3.968454824588e-01	6.589995867213e-01	6.095548707078e-01
2.369791666667e+00	8.094922663974e-03	8.094922664057e-03	-2.159711156920e-05	-1.713866248615e-05	8.073325552405e-03	8.077784001530e-03	4.058431386767e-01	6.664301127505e-01	6.095173978358e-01
2.460937500000e+00	9.081639321195e-03	9.081639321255e-03	2.218097116591e-05	1.772244733478e-05	9.103820292361e-03	9.099361768553e-03	4.151353885513e-01	6.741477120376e-01	6.095406370656e-01
2.552083333333e+00	1.744090592686e-02	1.744090592665e-02	-2.274406437893e-05	-1.828546571601e-05	1.741816186248e-02	1.742262046086e-02	4.245805577156e-01	6.820257520759e-01	6.094979562158e-01
2.643229166667e+00	2.573500721717e-02	2.573500721719e-02	2.331041459928e-05	1.885173460220e-05	2.575831763176e-02	2.575385895179e-02	4.343205035899e-01	6.901910462391e-01	6.095161683391e-01
2.734375000000e+00	2.965454773711e-02	2.965454773702e-02	-2.399778165763e-05	-1.953902223445e-05	2.963054995545e-02	2.963500871474e-02	4.442076847394e-01	6.985110994520e-01	6.094627786771e-01
2.825520833333e+00	3.825656571268e-02	3.825656571258e-02	2.460092227141e-05	2.014207780649e-05	3.828116663496e-02	3.827670779033e-02	4.543890983385e-01	7.071178600811e-01	6.094697352836e-01
2.916666666667e+00	5.802461967156e-02	5.802461967147e-02	-2.532260243537e-05	-2.086366824210e-05	5.799929706912e-02	5.800375600315e-02	4.647123333502e-01	7.158739684983e-01	6.093996788391e-01
3.007812500000e+00	8.197053135871e-02	8.197053135850e-02	2.606740784517e-05	2.160838414031e-05	8.199659876655e-02	8.199213974245e-02	4.753256880767e-01	7.249126688293e-01	6.093858531650e-01
3.098958333333e+00	1.063157357232e-01	1.063157357232e-01	-2.678035888826e-05	-2.232123938364e-05	1.062889553643e-01	1.062934144837e-01	4.860688794916e-01	7.340887351666e-01	6.092830326539e-01
3.190104166667e+00	1.426068399254e-01	1.426068399254e-01	2.769596926759e-05	2.323675176841e-05	1.426345358946e-01	1.426300766772e-01	4.970933712598e-01	7.435385709139e-01	6.092276204133e-01
3.281250000000e+00	2.010923501730e-01	2.010923501730e-01	-2.842986122161e-05	-2.397053885090e-05	2.010639203118e-01	2.010683796341e-01	5.082312515660e-01	7.531093278822e-01	6.090667685466e-01
3.372395833333e+00	2.784543440955e-01	2.784543440955e-01	2.946648774871e-05	2.500705996515e-05	2.784838105832e-01	2.784793511554e-01	5.196311174225e-01	7.629345358533e-01	6.089340065470e-01
3.463541666667e+00	3.757049805573e-01	3.757049805573e-01	-3.038153420228e-05	-2.592199353005e-05	3.756745990231e-01	3.756790585634e-01	5.311114897778e-01	7.728477868773e-01	6.086629267495e-01
3.554687500000e+00	5.120961110068e-01	5.120961110067e-01	3.137892066341e-05	2.691926151968e-05	5.121274899275e-01	5.121230302681e-01	5.428161128748e-01	7.829777499242e-01	6.083821978428e-01
3.645833333333e+00	7.077965587640e-01	7.077965587639e-01	-3.262256401763e-05	-2.816278388528e-05	7.077639361999e-01	7.077683959798e-01	5.545454688198e-01	7.931399868791e-01	6.079073819895e-01
3.736979166667e+00	9.713683534216e-01	9.713683534216e-01	3.364037028016e-05	2.918045991898e-05	9.714019937919e-01	9.713975338816e-01	5.664253991495e-01	8.034452546182e-01	6.073492357922e-01
3.828125000000e+00	1.321445417481e+00	1.321445417481e+00	-3.503034998498e-05	-3.057030356610e-05	1.321410387131e+00	1.321414847177e+00	5.782237823547e-01	8.136765215993e-01	6.064907279786e-01
3.919270833333e+00	1.804420368302e+00	1.804420368302e+00	3.643574283907e-05	3.197555670367e-05	1.804456804045e+00	1.804452343858e+00	5.900343400158e-01	8.239124136490e-01	6.054104841090e-01
4.010416666667e+00	2.475878856980e+00	2.475878856980e+00	-3.769775310114e-05	-3.323741204668e-05	2.475841159227e+00	2.475845619568e+00	6.015713517638e-01	8.338823124855e-01	6.038378861644e-01
4.101562500000e+00	3.386671566693e+00	3.386671566693e+00	3.971845579180e-05	3.525796073465e-05	3.386711285149e+00	3.386706824654e+00	6.128584929810e-01	8.435947844398e-01	6.017815002164e-01
4.192708333333e+00	4.610965241056e+00	4.610965241056e+00	-4.094890893014e-05	-3.648824206550e-05	4.610924292147e+00	4.610928752815e+00	6.235108678735e-01	8.526800504560e-01	5.988715474652e-01
4.283854166667e+00	6.275342270749e+00	6.275342270749e+00	4.341774800300e-05	3.895690329566e-05	6.275385688497e+00	6.275381227651e+00	6.334266259194e-01	8.610211347583e-01	5.949910518822e-01
4.375000000000e+00	8.548510140074e+00	8.548510140074e+00	-4.504693742104e-05	-4.058590530137e-05	8.548465093137e+00	8.548469554168e+00	6.420483754748e-01	8.680757804484e-01	5.895977568184e-01
4.466145833333e+00	1.163422856394e+01	1.163422856394e+01	4.776555348152e-05	4.330430921078e-05	1.163427632949e+01	1.163427186825e+01	6.490341732917e-01	8.734868988874e-01	5.823345733890e-01
4.557291666667e+00	1.581374246990e+01	1.581374246990e+01	-4.999047393008e-05	-4.552903135635e-05	1.581369247943e+01	1.581369694087e+01	6.535060343177e-01	8.763916624261e-01	5.723386741875e-01
4.648437500000e+00	2.149972653694e+01	2.149972653694e+01	5.352091148751e-05	4.905919207442e-05	2.149978005785e+01	2.149977559613e+01	6.546808866064e-01	8.759918280628e-01	5.588118159730e-01
4.739583333333e+00	2.926173748525e+01	2.926173748525e+01	-5.523456872777e-05	-5.077268441716e-05	2.926168225068e+01	2.926168671257e+01	6.510956160713e-01	8.708394684083e-01	5.403060715918e-01
4.830729166667e+00	3.987301720253e+01	3.987301720253e+01	6.284066439656e-05	5.837830894933e-05	3.987308004319e+01	3.987307558084e+01	6.411362155243e-01	8.593053714877e-01	5.151922288367e-01
4.921875000000e+00	5.442680455457e+01	5.442680455457e+01	-5.781437633527e-05	-5.335214365922e-05	5.442674674019e+01	5.442675120243e+01	6.222343249316e-01	8.388364031985e-01	4.809171538349e-01
5.013020833333e+00	7.446978444790e+01	7.446978444790e+01	8.399484999050e-05	7.953133700978e-05	7.446986844275e+01	7.446986397925e+01	5.911960849928e-01	8.062234532819e-01	4.342717361005e-01
5.104166666667e+00	1.021097939708e+02	1.021097939708e+02	-4.199785549337e-05	-3.753605682566e-05	1.021097519729e+02	1.021097564347e+02	5.433391941257e-01	7.567995011859e-01	3.705889553055e-01
5.195312500000e+00	1.401846989572e+02	1.401846989572e+02	1.554114877053e-04	1.509446082550e-04	1.401848543687e+02	1.401848499018e+02	4.724252721477e-01	6.843108489063e-01	2.836151132250e-01
5.286458333333e+00	1.925791086008e+02	1.925791086008e+02	7.438662520122e-05	7.884362553067e-05	1.925791829875e+02	1.925791874445e+02	3.697432957990e-01	5.800618370602e-01	1.646545506937e-01
5.377604166667e+00	2.646071395669e+02	2.646071395669e+02	4.711888714354e-04	4.667079270639e-04	2.646076107558e+02	2.646076062749e+02	2.232730684294e-01	4.320168457351e-01	1.671647584574e-03
5.468750000000e+00	3.633299114378e+02	3.633299114378e+02	7.418165636990e-04	7.462450228864e-04	3.633306532544e+02	3.633306576829e+02	1.676881630393e-02	2.239456042306e-01	-2.215638665913e-01
5.559895833333e+00	4.978379793829e+02	4.978379793829e+02	2.173495114889e-03	2.168940588282e-03	4.978401528780e+02	4.978401483236e+02	-2.727103530108e-01	-6.710839686886e-02	-5.280085014582e-01
5.651041666667e+00	6.796047889843e+02	6.796047889843e+02	5.123900376932e-03	5.128146479306e-03	6.796099128847e+02	6.796099171309e+02	-6.749398478829e-01	-4.709047670835e-01	-9.474218663302e-01
5.742187500000e+00	9.228228161922e+02	9.228228161922e+02	1.542259607162e-02	1.541750092157e-02	9.228382387883e+02	9.228382336931e+02	-1.233329020413e+00	-1.030869065873e+00	-1.523229520871e+00
5.833333333333e+00	1.244304883942e+03	1.244304883942e+03	5.117959706477e-02	5.118205975059e-02	1.244356063539e+03	1.244356066001e+03	-1.987154130776e+00	-1.786261348688e+00	-2.294691520328e+00
5.924479166667e+00	1.662110825711e+03	1.662110825711e+03	1.999471342204e-01	1.999350156701e-01	1.662310772845e+03	1.662310760727e+03	-2.996154573996e+00	-2.796835667558e+00	-3.321561916933e+00
6.015625000000e+00	2.191866629680e+03	2.191866629680e+03	8.556325954768e-01	8.556088885120e-01	2.192722262276e+03	2.192722238569e+03	-4.455736567711e+00	-4.257981523529e+00	-4.799230211534e+00
6.106770833333e+00	2.840676356113e+03	2.840676356113e+03	3.381125257580e+00	3.381048009525e+00	2.844057481371e+03	2.844057404122e+03	-6.542859074650e+00	-6.346679538963e+00	-6.904677026684e+00
6.197916666667e+00	3.599412716646e+03	3.599412716646e+03	1.052907227439e+01	1.052895264546e+01	3.609941788920e+03	3.609941669291e+03	-9.300896067123e+00	-9.106295197051e+00	-9.681267845387e+00
6.289062500000e+00	4.436705215491e+03	4.436705215491e+03	2.581405755066e+01	2.581393306886e+01	4.462519273041e+03	4.462519148559e+03	-1.252605631267e+01	-1.233304586537e+01	-1.292522003541e+01
6.380208333333e+00	5.299296922009e+03	5.299296922009e+03	5.171400664626e+01	5.171400738821e+01	5.351010928655e+03	5.351010929397e+03	-1.575251857925e+01	-1.556107934572e+01	-1.617068139836e+01
6.471354166667e+00	6.121111421310e+03	6.121111421310e+03	8.725916349407e+01	8.725935951853e+01	6.208370584804e+03	6.208370780828e+03	-1.849377059861e+01	-1.830388723207e+01	-1.893114352840e+01
6.562500000000e+00	6.835248680395e+03	6.835248680395e+03	1.268540796704e+02	1.268544480257e+02	6.962102760066e+03	6.962103128422e+03	-2.051769946586e+01	-2.032935261602e+01	-2.097448951693e+01
6.653645833333e+00	7.383433284391e+03	7.383433284391e+03	1.617076719832e+02	1.617080109112e+02	7.545140956374e+03	7.545141295302e+03	-2.187106573323e+01	-2.168426438673e+01	-2.234750825330e+01
6.744791666667e+00	7.720533243162e+03	7.720533243162e+03	1.833436399964e+02	1.833437323584e+02	7.903876883158e+03	7.903876975519e+03	-2.272761692773e+01	-2.254236733240e+01	-2.322394452555e+01
6.835937500000e+00	7.816372430560e+03	7.816372430560e+03	1.872978518331e+02	1.872975316419e+02	8.003670282393e+03	8.003669962203e+03	-2.312932239349e+01	-2.294564286234e+01	-2.364577974314e+01
6.927083333333e+00	7.658842626381e+03	7.658842626381e+03	1.748649099271e+02	1.748642319890e+02	7.833707536308e+03	7.833706858370e+03	-2.290098387271e+01	-2.271886683497e+01	-2.343778976433e+01
7.018229166667e+00	7.258987592672e+03	7.258987592672e+03	1.519004799677e+02	1.518996383484e+02	7.410888072640e+03	7.410887231020e+03	-2.177527694983e+01	-2.159471806212e+01	-2.233265340112e+01
7.109375000000e+00	6.654038286348e+03	6.654038286348e+03	1.256057868901e+02	1.256050773924e+02	6.779644073238e+03	6.779643363740e+03	-1.964710503935e+01	-1.946808472231e+01	-2.022525883185e+01
7.200520833333e+00	5.903495398088e+03	5.903495398088e+03	1.013009727099e+02	1.013005771717e+02	6.004796370798e+03	6.004795975261e+03	-1.673839965689e+01	-1.656092312012e+01	-1.733756236128e+01
7.291666666667e+00	5.077632790673e+03	5.077632790673e+03	8.105261306797e+01	8.105258494958e+01	5.158685403741e+03	5.158685375623e+03	-1.354520302834e+01	-1.336927700827e+01	-1.416560774196e+01
7.382812500000e+00	4.243337566478e+03	4.243337566478e+03	6.447329664504e+01	6.447351250261e+01	4.307810863123e+03	4.307811078980e+03	-1.053164411095e+01	-1.035729619456e+01	-1.117354478185e+01
7.473958333333e+00	3.453569423188e+03	3.453569423188e+03	5.035355351117e+01	5.035389011310e+01	3.503922976699e+03	3.503923313301e+03	-7.960526052934e+00	-7.787761410443e+00	-8.624154212254e+00
7.565104166667e+00	2.743852651651e+03	2.743852651651e+03	3.796321827790e+01	3.796356898146e+01	2.781815869929e+03	2.781816220631e+03	-5.886751122292e+00	-5.715570833520e+00	-6.572334210915e+00
7.656250000000e+00	2.134121740434e+03	2.134121740434e+03	2.730363990328e+01	2.730399068018e+01	2.161425380337e+03	2.161425731114e+03	-4.201517855288e+00	-4.031904396411e+00	-4.909264710310e+00
7.747395833333e+00	1.631969397662e+03	1.631969397662e+03	1.858892101991e+01	1.858923787264e+01	1.650558318682e+03	1.650558635535e+03	-2.842492506909e+00	-2.674448812574e+00	-3.572632424042e+00
7.838541666667e+00	1.235065714841e+03	1.235065714841e+03	1.188390571433e+01	1.188418286284e+01	1.246949620556e+03	1.246949897704e+03	-1.795052174243e+00	-1.628574825819e+00	-2.547808095776e+00
7.929687500000e+00	9.330504797688e+02	9.330504797688e+02	7.053213980732e+00	7.053416113635e+00	9.401036937496e+02	9.401038958824e+02	-1.029330326839e+00	-8.644279527550e-01	-1.804937242263e+00
8.020833333333e+00	7.105061252153e+02	7.105061252153e+02	3.826014756453e+00	3.826155601788e+00	7.143321399718e+02	7.143322808171e+02	-4.953577790712e-01	-3.320228126083e-01	-1.294034482592e+00
8.111979166667e+00	5.509850389914e+02	5.509850389914e+02	1.880358861704e+00	1.880431926051e+00	5.528653978531e+02	5.528654709174e+02	-1.317162646414e-01	3.004344715852e-02	-9.536969643599e-01
8.203125000000e+00	4.405409368846e+02	4.405409368846e+02	8.546454422485e-01	8.546878923765e-01	4.413955823269e+02	4.413956247769e+02	1.152757065252e-01	2.754690282620e-01	-7.302264857175e-01
8.294270833333e+00	3.691797195488e+02	3.691797195488e+02	3.775754569732e-01	3.775880500372e-01	3.695572950058e+02	3.695573075988e+02	2.654700815328e-01	4.240892865682e-01	-6.037876909298e-01
8.385416666667e+00	3.298387162848e+02	3.298387162848e+02	1.693584410544e-01	1.693710524976e-01	3.300080747259e+02	3.300080873373e+02	3.477555740399e-01	5.048095606488e-01	-5.454752412994e-01
8.476562500000e+00	3.170127808384e+02	3.170127808384e+02	8.671315282999e-02	8.671539186736e-02	3.170994939912e+02	3.170994962302e+02	3.761748306715e-01	5.316554430667e-01	-5.412635444147e-01
8.567708333333e+00	3.266271260584e+02	3.266271260584e+02	9.580794912539e-02	9.582949059346e-02	3.267229340075e+02	3.267229555490e+02	3.541656153407e-01	5.080807042404e-01	-5.876988300088e-01
8.658854166667e+00	3.557704107173e+02	3.557704107173e+02	2.563994240227e-01	2.564420544072e-01	3.560268101413e+02	3.560268527717e+02	2.971346567994e-01	4.494797773016e-01	-6.693866672465e-01
8.750000000000e+00	4.025170250174e+02	4.025170250174e+02	6.599445160822e-01	6.600388004763e-01	4.031769695335e+02	4.031770638179e+02	2.305341280441e-01	3.813208040020e-01	-7.608589278679e-01
8.841145833333e+00	4.665347804914e+02	4.665347804914e+02	1.315453141813e+00	1.315572185805e+00	4.678502336332e+02	4.678503526772e+02	1.615903738456e-01	3.108151511943e-01	-8.549043120837e-01
8.932291666667e+00	5.503980432363e+02	5.503980432363e+02	2.092858422983e+00	2.092986527763e+00	5.524909016593e+02	5.524910297642e+02	7.962047672195e-02	2.272885332383e-01	-9.621973645955e-01
9.023437500000e+00	6.594511707052e+02	6.594511707052e+02	2.758020356999e+00	2.758095979811e+00	6.622091910622e+02	6.622092666851e+02	-3.816837635464e-02	1.079334205853e-01	-1.105546402936e+00
9.114583333333e+00	7.994105726792e+02	7.994105726792e+02	3.087169257521e+00	3.087178390332e+00	8.024977419367e+02	8.024977510691e+02	-2.145398072867e-01	-6.999983101503e-02	-1.307702942875e+00
9.205729166667e+00	9.725028614689e+02	9.725028614689e+02	2.984083579203e+00	2.984005266177e+00	9.754869450481e+02	9.754868667351e+02	-4.374613128154e-01	-2.944922087878e-01	-1.556651409490e+00
9.296875000000e+00	1.174158626003e+03	1.174158626003e+03	2.529464444245e+00	2.529343563726e+00	1.176688090447e+03	1.176687969567e+03	-6.906306551746e-01	-5.492250340664e-01	-1.836077893413e+00
9.388020833333e+00	1.393326980030e+03	1.393326980030e+03	1.929575284397e+00	1.929436475552e+00	1.395256555315e+03	1.395256416506e+03	-9.577534693183e-01	-8.179246260951e-01	-2.129713413646e+00
9.479166666667e+00	1.615186268959e+03	1.615186268959e+03	1.406252550762e+00	1.406150649425e+00	1.616592521510e+03	1.616592419609e+03	-1.237736627389e+00	-1.099485616600e+00	-2.436455164063e+00
9.570312500000e+00	1.824496043316e+03	1.824496043316e+03	1.088491860884e+00	1.088425932356e+00	1.825584535177e+03	1.825584469248e+03	-1.536354943198e+00	-1.399693308571e+00	-2.762087410844e+00
9.661458333333e+00	2.007679603749e+03	2.007679603749e+03	9.752232579140e-01	9.752059619184e-01	2.008654827007e+03	2.008654809711e+03	-1.833251142576e+00	-1.698172040937e+00	-3.086229811749e+00
9.752604166667e+00	2.153139929247e+03	2.153139929247e+03	9.738117493575e-01	9.738090307198e-01	2.154113740997e+03	2.154113738278e+03	-2.088077404212e+00	-1.954586049562e+00	-3.368539361676e+00
9.843750000000e+00	2.251875188394e+03	2.251875188394e+03	9.892365306174e-01	9.892536542159e-01	2.252864424925e+03	2.252864442048e+03	-2.257842205336e+00	-2.125924859037e+00	-3.565997431137e+00
9.934895833333e+00	2.299392716539e+03	2.299392716539e+03	9.759326292425e-01	9.759440632284e-01	2.300368649168e+03	2.300368660602e+03	-2.319542960393e+00	-2.189198869178e+00	-3.655607337323e+00
1.002604166667e+01	2.297571780434e+03	2.297571780434e+03	9.182229452131e-01	9.182385381988e-01	2.298490003379e+03	2.298490018972e+03	-2.285224918173e+00	-2.156445183722e+00	-3.649401925372e+00
1.011718750000e+01	2.254511838262e+03	2.254511838262e+03	8.185338492171e-01	8.185296072858e-01	2.255330372111e+03	2.255330367869e+03	-2.198314233420e+00	-2.071111880485e+00	-3.590828296452e+00
1.020833333333e+01	2.183012265254e+03	2.183012265254e+03	7.043816535313e-01	7.043748068536e-01	2.183716646907e+03	2.183716640060e+03	-2.082411241654e+00	-1.956783243168e+00	-3.503471987329e+00
1.029947916667e+01	2.097835510508e+03	2.097835510508e+03	6.192589168063e-01	6.192380136167e-01	2.098454769425e+03	2.098454748522e+03	-1.918482120736e+00	-1.794435018285e+00	-3.368310815378e+00
1.039062500000e+01	2.013009803937e+03	2.013009803937e+03	5.953305799545e-01	5.953223015119e-01	2.013605134517e+03	2.013605126239e+03	-1.701637803034e+00	-1.579159565756e+00	-3.180439346649e+00
1.048177083333e+01	1.940648900612e+03	1.940648900612e+03	6.290019657664e-01	6.289944717553e-01	1.941277902577e+03	1.941277895084e+03	-1.457256871594e+00	-1.336356318023e+00	-2.965259320524e+00
1.057291666667e+01	1.888172385341e+03	1.888172385341e+03	6.828339384134e-01	6.828447685688e-01	1.888855219279e+03	1.888855230109e+03	-1.246474186360e+00	-1.127148604829e+00	-2.783896431754e+00
1.066406250000e+01	1.855177441171e+03	1.855177441171e+03	7.127835552614e-01	7.127902497538e-01	1.855890224726e+03	1.855890231421e+03	-1.126073304254e+00	-1.008336274974e+00	-2.693152694689e+00
1.075520833333e+01	1.832767261429e+03	1.832767261429e+03	7.006645045369e-01	7.006798469546e-01	1.833467925933e+03	1.833467941276e+03	-1.082739798666e+00	-9.665827577077e-01	-2.679693483428e+00
1.084635416667e+01	1.806639161966e+03	1.806639161966e+03	6.609305285424e-01	6.609338286183e-01	1.807300092495e+03	1.807300095795e+03	-1.060791681002e+00	-9.462155499147e-01	-2.687849126801e+00
1.093750000000e+01	1.765649338508e+03	1.765649338508e+03	6.210513968306e-01	6.210599735772e-01	1.766270389905e+03	1.766270398481e+03	-1.003304325723e+00	-8.902967736468e-01	-2.660688991255e+00
1.102864583333e+01	1.708399298396e+03	1.708399298396e+03	5.959015443981e-01	5.958986274489e-01	1.708995199940e+03	1.708995197023e+03	-9.022407550970e-01	-7.908041433146e-01	-2.590209445309e+00
1.111979166667e+01	1.642123794610e+03	1.642123794610e+03	5.815329830061e-01	5.815369609275e-01	1.642705327593e+03	1.642705331572e+03	-7.889499471111e-01	-6.790746009284e-01	-2.507786031066e+00
1.121093750000e+01	1.575760798522e+03	1.575760798522e+03	5.651461825508e-01	5.651381301378e-01	1.576325944705e+03	1.576325936653e+03	-6.921867934320e-01	-5.838867534165e-01	-2.442258100068e+00
1.130208333333e+01	1.513009509492e+03	1.513009509492e+03	5.388516075585e-01	5.388478856252e-01	1.513548361100e+03	1.513548357378e+03	-6.182866496424e-01	-5.115637485788e-01	-2.400018123949e+00
1.139322916667e+01	1.452432359639e+03	1.452432359639e+03	5.027973891531e-01	5.027811490568e-01	1.452935157028e+03	1.452935140788e+03	-5.532250914821e-01	-4.480931003369e-01	-2.367104385543e+00
1.148437500000e+01	1.392914549661e+03	1.392914549661e+03	4.617345840370e-01	4.617276379745e-01	1.393376284246e+03	1.393376277300e+03	-4.728981377154e-01	-3.693468133624e-01	-2.319398284732e+00
1.157552083333e+01	1.337806789078e+03	1.337806789078e+03	4.154641819636e-01	4.154533112564e-01	1.338222253260e+03	1.338222242389e+03	-3.609807886951e-01	-2.590144044355e-01	-2.240555017378e+00
1.166666666667e+01	1.293871573772e+03	1.293871573772e+03	3.573539041661e-01	3.573594325361e-01	1.294228927676e+03	1.294228933204e+03	-2.539876631511e-01	-1.535992904876e-01	-2.167016710312e+00
1.175781250000e+01	1.268825366865e+03	1.268825366865e+03	2.866077492195e-01	2.866117226205e-01	1.269111974614e+03	1.269111978588e+03	-1.820095675119e-01	-8.320445160189e-02	-2.128821048872e+00
1.184895833333e+01	1.270261433631e+03	1.270261433631e+03	2.193797292339e-01	2.193978051192e-01	1.270480813360e+03	1.270480831436e+03	-1.882938848359e-01	-9.106153879665e-02	-2.169147273368e+00
1.194010416667e+01	1.306042750456e+03	1.306042750456e+03	1.906642807168e-01	1.906753310927e-01	1.306233414737e+03	1.306233425787e+03	-2.883847206296e-01	-1.927269598974e-01	-2.303517058321e+00
1.203125000000e+01	1.380394062497e+03	1.380394062497e+03	2.413200084720e-01	2.413381933010e-01	1.380635382506e+03	1.380635400691e+03	-4.293116066088e-01	-3.352171114740e-01	-2.478925437821e+00
1.212239583333e+01	1.487013672832e+03	1.487013672832e+03	3.829066552411e-01	3.829114944874e-01	1.487396579487e+03	1.487396584326e+03	-5.701162145647e-01	-4.775917702553e-01	-2.654418709525e+00
1.221354166667e+01	1.607540265476e+03	1.607540265476e+03	5.807467148203e-01	5.807553847412e-01	1.608121012191e+03	1.608121020861e+03	-7.022732843883e-01	-6.113097837307e-01	-2.821447713287e+00
1.230468750000e+01	1.717267023172e+03	1.717267023172e+03	7.689997218068e-01	7.689961063263e-01	1.718036022894e+03	1.718036019278e+03	-8.050942171097e-01	-7.156953696275e-01	-2.959333765908e+00
1.239583333333e+01	1.792896133955e+03	1.792896133955e+03	8.826991877477e-01	8.827035764251e-01	1.793778833143e+03	1.793778837532e+03	-8.545684487085e-01	-7.667227719226e-01	-3.044052989295e+00
1.248697916667e+01	1.819450006474e+03	1.819450006474e+03	8.857130449582e-01	8.857092585925e-01	1.820335719519e+03	1.820335715732e+03	-8.374680383336e-01	-7.511777669555e-01	-3.062397020606e+00
1.257812500000e+01	1.795497589772e+03	1.795497589772e+03	7.861254484233e-01	7.861307046752e-01	1.796283715220e+03	1.796283720476e+03	-7.605671811719e-01	-6.758235332248e-01	-3.021137960444e+00
1.266927083333e+01	1.734443462604e+03	1.734443462604e+03	6.317487471344e-01	6.317427247867e-01	1.735075211351e+03	1.735075205329e+03	-6.373350037541e-01	-5.541497044533e-01	-2.933776238403e+00
1.276041666667e+01	1.660663709463e+03	1.660663709463e+03	4.872339134538e-01	4.872324846925e-01	1.661150943377e+03	1.661150941948e+03	-4.789486686120e-01	-3.973208468339e-01	-2.811487279662e+00
1.285156250000e+01	1.599573081380e+03	1.599573081380e+03	4.016838292497e-01	4.016698698868e-01	1.599974765209e+03	1.599974751250e+03	-3.295684847083e-01	-2.495103795674e-01	-2.698453140068e+00
1.294270833333e+01	1.567430716694e+03	1.567430716694e+03	3.921151136706e-01	3.921100955909e-01	1.567822831808e+03	1.567822826790e+03	-2.327603718994e-01	-1.542656382414e-01	-2.638225271044e+00
1.303385416667e+01	1.565726110421e+03	1.565726110421e+03	4.439762614101e-01	4.439667412007e-01	1.566170086682e+03	1.566170077162e+03	-2.039660085533e-01	-1.270398599140e-01	-2.646254995384e+00
1.312500000000e+01	1.583995376027e+03	1.583995376027e+03	5.218264495354e-01	5.218320257050e-01	1.584517202476e+03	1.584517208052e+03	-2.272690324197e-01	-1.519063249855e-01	-2.706607698273e+00
1.321614583333e+01	1.608022117296e+03	1.608022117296e+03	5.871350119470e-01	5.871360267618e-01	1.608609252308e+03	1.608609253323e+03	-2.580544128986e-01	-1.842685088989e-01	-2.774674338262e+00
1.330729166667e+01	1.628281035882e+03	1.628281035882e+03	6.087438033248e-01	6.087538408239e-01	1.628889779685e+03	1.628889789723e+03	-2.591817556417e-01	-1.869670682693e-01	-2.813280120524e+00
1.339843750000e+01	1.643324844226e+03	1.643324844226e+03	5.722362554443e-01	5.722329054597e-01	1.643897080481e+03	1.643897077131e+03	-2.628757188170e-01	-1.922457451188e-01	-2.854651867546e+00
1.348958333333e+01	1.659469657023e+03	1.659469657023e+03	4.967361321448e-01	4.967350928010e-01	1.659966393155e+03	1.659966392116e+03	-2.978508262064e-01	-2.288011774095e-01	-2.927469145471e+00
1.358072916667e+01	1.686033660517e+03	1.686033660517e+03	4.326639920813e-01	4.326494105573e-01	1.686466324509e+03	1.686466309927e+03	-3.544283396282e-01	-2.869644074588e-01	-3.022046913821e+00
1.367187500000e+01	1.727680700730e+03	1.727680700730e+03	4.339917797966e-01	4.339861327885e-01	1.728114692510e+03	1.728114686863e+03	-3.982046840967e-01	-3.323149745020e-01	-3.103950262975e+00
1.376302083333e+01	1.779892352530e+03	1.779892352530e+03	5.214515444267e-01	5.214416135470e-01	1.780413804075e+03	1.780413794144e+03	-4.117154662652e-01	-3.474033459387e-01	-3.155716875475e+00
1.385416666667e+01	1.831846379136e+03	1.831846379136e+03	6.653262741460e-01	6.653317930561e-01	1.832511705410e+03	1.832511710928e+03	-3.906451882967e-01	-3.279010765061e-01	-3.173006893680e+00
1.394531250000e+01	1.872331102015e+03	1.872331102015e+03	7.980449515838e-01	7.980467979903e-01	1.873129146967e+03	1.873129148813e+03	-3.682454071821e-01	-3.070751859280e-01	-3.189076957614e+00
1.403645833333e+01	1.892834107028e+03	1.892834107028e+03	8.546973940376e-01	8.547091240174e-01	1.893688804422e+03	1.893688816152e+03	-3.728263283567e-01	-3.132218614587e-01	-3.232213509319e+00
1.412760416667e+01	1.887325312895e+03	1.887325312895e+03	8.143710331856e-01	8.143698120979e-01	1.888139683928e+03	1.888139682707e+03	-3.931490456518e-01	-3.351223960695e-01	-3.291188172383e+00
1.421875000000e+01	1.853596858663e+03	1.853596858663e+03	7.087635589631e-01	7.087645590876e-01	1.854305622222e+03	1.854305623223e+03	-3.713622513456e-01	-3.149092684596e-01	-3.308122864325e+00
1.430989583333e+01	1.796776363697e+03	1.796776363697e+03	5.916022116445e-01	5.915889708730e-01	1.797367965909e+03	1.797367952669e+03	-2.524100914107e-01	-1.975387700097e-01	-3.227960023324e+00
1.440104166667e+01	1.730216201505e+03	1.730216201505e+03	5.014448142624e-01	5.014396709151e-01	1.730717646320e+03	1.730717641177e+03	-4.865958001444e-02	4.642594283820e-03	-3.063023466252e+00
1.449218750000e+01	1.673188882475e+03	1.673188882475e+03	4.445855722082e-01	4.445751949721e-01	1.673633468047e+03	1.673633457671e+03	1.679000658607e-01	2.196276109198e-01	-2.885280298603e+00
1.458333333333e+01	1.643672064347e+03	1.643672064347e+03	4.090579792970e-01	4.090616695707e-01	1.644081122326e+03	1.644081126016e+03	3.064453026946e-01	3.566035596146e-01	-2.785480078952e+00
1.467447916667e+01	1.650066532378e+03	1.650066532378e+03	3.911958661363e-01	3.911940467950e-01	1.650457728245e+03	1.650457726425e+03	3.186598175280e-01	3.672336979427e-01	-2.811881804171e+00
1.476562500000e+01	1.689780094491e+03	1.689780094491e+03	4.060626816474e-01	4.060704467075e-01	1.690186157173e+03	1.690186164938e+03	2.452799541199e-01	2.922709480510e-01	-2.923666927512e+00
1.485677083333e+01	1.754815571867e+03	1.754815571867e+03	4.696773827528e-01	4.696755013227e-01	1.755285249250e+03	1.755285247369e+03	1.455058691494e-01	1.909033254424e-01	-3.061621186902e+00
1.494791666667e+01	1.838439257231e+03	1.838439257231e+03	5.766303399016e-01	5.766377466299e-01	1.839015887571e+03	1.839015894978e+03	4.074523651807e-02	8.455744596610e-02	-3.204328159099e+00
1.503906250000e+01	1.934720875906e+03	1.934720875906e+03	6.987245353973e-01	6.987265748028e-01	1.935419600442e+03	1.935419602481e+03	-6.102273793968e-02	-1.879537973243e-02	-3.343824195993e+00
1.513020833333e+01	2.030952129054e+03	2.030952129054e+03	8.010540507139e-01	8.010710849570e-01	2.031753183105e+03	2.031753200139e+03	-1.589509831957e-01	-1.182916369630e-01	-3.479215360518e+00
1.522135416667e+01	2.105413759061e+03	2.105413759061e+03	8.613267298915e-01	8.613407024765e-01	2.106275085790e+03	2.106275099763e+03	-2.440822785775e-01	-2.049880463076e-01	-3.601497924728e+00
1.531250000000e+01	2.135202307730e+03	2.135202307730e+03	8.831782707507e-01	8.832033954255e-01	2.136085486001e+03	2.136085511126e+03	-2.668936606650e-01	-2.293503443006e-01	-3.661081723854e+00
1.540364583333e+01	2.107606534651e+03	2.107606534651e+03	8.831282837780e-01	8.831413918390e-01	2.108489662934e+03	2.108489676043e+03	-1.665562891040e-01	-1.305646931331e-01	-3.597112844102e+00
1.549479166667e+01	2.024622884295e+03	2.024622884295e+03	8.678122389968e-01	8.678263497451e-01	2.025490696534e+03	2.025490710646e+03	6.237817119455e-02	9.683041352344e-02	-3.404078614453e+00
1.558593750000e+01	1.898265397031e+03	1.898265397031e+03	8.266288246704e-01	8.266239272184e-01	1.899092025856e+03	1.899092020959e+03	3.880328916825e-01	4.209408360212e-01	-3.113769211999e+00
1.567708333333e+01	1.741960601471e+03	1.741960601471e+03	7.425428582367e-01	7.425379390613e-01	1.742703144329e+03	1.742703139410e+03	7.552503028886e-01	7.866205420662e-01	-2.781145177563e+00
1.576822916667e+01	1.566550997024e+03	1.566550997024e+03	6.127355887094e-01	6.127168881043e-01	1.567163732613e+03	1.567163713912e+03	1.111294340145e+00	1.141116446805e+00	-2.458704637027e+00
1.585937500000e+01	1.382051178212e+03	1.382051178212e+03	4.617450313097e-01	4.617358615309e-01	1.382512923243e+03	1.382512914073e+03	1.457136965522e+00	1.485415869410e+00	-2.145206907028e+00
1.595052083333e+01	1.198873588205e+03	1.198873588205e+03	3.285479043829e-01	3.285346383025e-01	1.199202136109e+03	1.199202122843e+03	1.808849479250e+00	1.835574524155e+00	-1.824433063813e+00
1.604166666667e+01	1.026621046188e+03	1.026621046188e+03	2.413201771599e-01	2.413215523954e-01	1.026862366365e+03	1.026862367740e+03	2.165631168171e+00	2.190802639696e+00	-1.497098509233e+00
1.613281250000e+01	8.722979157625e+02	8.722979157625e+02	2.019648347630e-01	2.019610904718e-01	8.724998805973e+02	8.724998768529e+02	2.501903658405e+00	2.525508474743e+00	-1.188679556973e+00
1.622395833333e+01	7.397073043454e+02	7.397073043454e+02	1.920120633215e-01	1.920179706749e-01	7.398993164088e+02	7.398993223162e+02	2.789657136657e+00	2.811699934298e+00	-9.268936805025e-01
1.631510416667e+01	6.298903289715e+02	6.298903289715e+02	1.867160147791e-01	1.867111368047e-01	6.300770449863e+02	6.300770401082e+02	3.027317693572e+00	3.047790105032e+00	-7.129180220521e-01
1.640625000000e+01	5.408014019495e+02	5.408014019495e+02	1.661831013209e-01	1.661842648303e-01	5.409675850508e+02	5.409675862141e+02	3.207510747700e+00	3.226419099218e+00	-5.536465065935e-01
1.649739583333e+01	4.681903914423e+02	4.681903914423e+02	1.261801994531e-01	1.261706478320e-01	4.683165716417e+02	4.683165620902e+02	3.328406323869e+00	3.345745415686e+00	-4.504234023807e-01
1.658854166667e+01	4.093464532812e+02	4.093464532812e+02	7.899825630522e-02	7.899771187117e-02	4.094254515375e+02	4.094254509932e+02	3.406769076402e+00	3.422546531054e+00	-3.859775715574e-01
1.667968750000e+01	3.646091481257e+02	3.646091481257e+02	4.334195781041e-02	4.333436707721e-02	3.646524900835e+02	3.646524824930e+02	3.449390267509e+00	3.463597559152e+00	-3.531284251723e-01
1.677083333333e+01	3.353211948339e+02	3.353211948339e+02	3.492207380253e-02	3.492604009618e-02	3.353561169077e+02	3.353561208737e+02	3.464870793525e+00	3.477514276927e+00	-3.429682433848e-01
1.686197916667e+01	3.209206507415e+02	3.209206507415e+02	5.755641840440e-02	5.755365978233e-02	3.209782071599e+02	3.209782044015e+02	3.463026693830e+00	3.474097438883e+00	-3.454377737742e-01
1.695312500000e+01	3.173814221621e+02	3.173814221621e+02	1.010149662382e-01	1.010220094802e-01	3.174824371283e+02	3.174824441718e+02	3.450158524806e+00	3.459663136202e+00	-3.539462214909e-01
1.704427083333e+01	3.182397221121e+02	3.182397221121e+02	1.467656247945e-01	1.467633884210e-01	3.183864877369e+02	3.183864855007e+02	3.430530615933e+00	3.438462494911e+00	-3.640439558998e-01
1.713541666667e+01	3.168972019104e+02	3.168972019104e+02	1.765207962029e-01	1.765261741058e-01	3.170737227066e+02	3.170737280847e+02	3.414908601263e+00	3.421276714210e+00	-3.649712891117e-01
1.722656250000e+01	3.078670674934e+02	3.078670674934e+02	1.781014463223e-01	1.780962362442e-01	3.080451689397e+02	3.080451637296e+02	3.403139061106e+00	3.407935902155e+00	-3.571856839559e-01
1.731770833333e+01	2.876044467181e+02	2.876044467181e+02	1.508743251680e-01	1.508766528308e-01	2.877553210432e+02	2.877553233709e+02	3.392350320627e+00	3.395583818937e+00	-3.440343121220e-01
1.740885416667e+01	2.556396411310e+02	2.556396411310e+02	1.057532644398e-01	1.057461474375e-01	2.557453943954e+02	2.557453872783e+02	3.389954187699e+00	3.391617125179e+00	-3.187249194299e-01
1.750000000000e+01	2.150386034197e+02	2.150386034197e+02	5.930629933698e-02	5.930844755677e-02	2.150979097191e+02	2.150979118672e+02	3.403019584473e+00	3.403119262912e+00	-2.748358549771e-01
1.759114583333e+01	1.713060159630e+02	1.713060159630e+02	2.488385316362e-02	2.487796931359e-02	1.713308998162e+02	1.713308939322e+02	3.433015729007e+00	3.431543951459e+00	-2.116209980649e-01
1.768229166667e+01	1.301197340618e+02	1.301197340618e+02	6.925833303374e-03	6.929700654720e-03	1.301266598951e+02	1.301266637626e+02	3.471031205305e+00	3.467994156251e+00	-1.387092247164e-01
1.777343750000e+01	9.529055349059e+01	9.529055349059e+01	1.084124451581e-03	1.079543720069e-03	9.529163761504e+01	9.529163303424e+01	3.501554057457e+00	3.496942941232e+00	-7.228689351869e-02
1.786458333333e+01	6.805574427014e+01	6.805574427014e+01	1.304787097245e-04	1.349177910271e-04	6.805587474885e+01	6.805587918794e+01	3.512384996129e+00	3.506206519834e+00	-2.500231227199e-02
1.795572916667e+01	4.784408324207e+01	4.784408324207e+01	5.301031266331e-06	8.459196392806e-07	4.784408854311e+01	4.784408408800e+01	3.505512813755e+00	3.497759782168e+00	4.855899046149e-03
1.804687500000e+01	3.341584189940e+01	3.341584189940e+01	9.303866186576e-06	1.375704814608e-05	3.341585120327e+01	3.341585565644e+01	3.491519507587e+00	3.482199501511e+00	2.769844379390e-02
1.813802083333e+01	2.329842154949e+01	2.329842154949e+01	-7.050095584830e-06	-1.150345863478e-05	2.329841449939e+01	2.329841004601e+01	3.470769680641e+00	3.459874999535e+00	4.367476580340e-02
1.822916666667e+01	1.624347203048e+01	1.624347203048e+01	6.916926930698e-06	1.137027088102e-05	1.624347894741e+01	1.624348340076e+01	3.444730774141e+00	3.432268962486e+00	5.408758276836e-02
1.832031250000e+01	1.132259922711e+01	1.132259922711e+01	-6.520675852317e-06	-1.097404346851e-05	1.132259270643e+01	1.132258825307e+01	3.415213233554e+00	3.401176777483e+00	6.065006241778e-02
1.841145833333e+01	7.890542758176e+00	7.890542758176e+00	6.312138177282e-06	1.076552392627e-05	7.890549070314e+00	7.890553523700e+00	3.383341292183e+00	3.367737696672e+00	6.453755634860e-02
1.850260416667e+01	5.512738831721e+00	5.512738831721e+00	-6.013127989309e-06	-1.046654241985e-05	5.512732818593e+00	5.512728365178e+00	3.349868227559e+00	3.332689993547e+00	6.658952872540e-02
1.859375000000e+01	3.876402893147e+00	3.876402893147e+00	5.943088034565e-06	1.039652588504e-05	3.876408836235e+00	3.876413289673e+00	3.315387510942e+00	3.296642133576e+00	6.749563995381e-02
1.868489583333e+01	2.743288052792e+00	2.743288052791e+00	-5.569005189185e-06	-1.002247012382e-05	2.743282483787e+00	2.743278030322e+00	3.280215032709e+00	3.259895019600e+00	6.756243991089e-02
1.877604166667e+01	1.947618517401e+00	1.947618517401e+00	5.649088510222e-06	1.010257907230e-05	1.947624166489e+00	1.947628619980e+00	3.244675080276e+00	3.222787921784e+00	6.707886274524e-02
1.886718750000e+01	1.388102002552e+00	1.388102002552e+00	-5.247635815812e-06	-9.701153706458e-06	1.388096754916e+00	1.388092301398e+00	3.208881430506e+00	3.185419637811e+00	6.610524438563e-02
1.895833333333e+01	9.962737450814e-01	9.962737450816e-01	5.313045729704e-06	9.766587342784e-06	9.962790581271e-01	9.962835116691e-01	3.173032466949e+00	3.148003527672e+00	6.486786442394e-02
1.904947916667e+01	7.168257094303e-01	7.168257094302e-01	-5.044068873363e-06	-9.497638661052e-06	7.168206653614e-01	7.168162117911e-01	3.137146078894e+00	3.110542506362e+00	6.342063834038e-02
1.914062500000e+01	5.134811230711e-01	5.134811230714e-01	4.966616641738e-06	9.420208919257e-06	5.134860896878e-01	5.134905432808e-01	3.101358900706e+00	3.073188180833e+00	6.196758615969e-02
1.923177083333e+01	3.692792103698e-01	3.692792103696e-01	-4.850859179245e-06	-9.304479289293e-06	3.692743595106e-01	3.692699058903e-01	3.065644129071e+00	3.035898776557e+00	6.048455259825e-02
1.932291666667e+01	2.697905473339e-01	2.697905473341e-01	4.713271408474e-06	9.166913319107e-06	2.697952606053e-01	2.697997142475e-01	3.030107916435e+00	2.998795416080e+00	5.906689806160e-02
1.941406250000e+01	1.966829165143e-01	1.966829165146e-01	-4.560462960588e-06	-9.014131302163e-06	1.966783560514e-01	1.966739023834e-01	2.994699958502e+00	2.961812825913e+00	5.761093614426e-02
1.950520833333e+01	1.396746033872e-01	1.396746033877e-01	4.600136711929e-06	9.053828257378e-06	1.396792035239e-01	1.396836572161e-01	2.959509926821e+00	2.925055646059e+00	5.620036429823e-02
1.959635416667e+01	9.954917528481e-02	9.954917528520e-02	-4.194710111850e-06	-8.648424561118e-06	9.954498057470e-02	9.954052686067e-02	2.924478191236e+00	2.888449278514e+00	5.475404705432e-02
1.968750000000e+01	7.447071102706e-02	7.447071102729e-02	4.518317505703e-06	8.972057158329e-06	7.447522934457e-02	7.447968308449e-02	2.889685881903e+00	2.852089820785e+00	5.336209592521e-02
1.977864583333e+01	5.546930885365e-02	5.546930885387e-02	-3.892834603302e-06	-8.346595219576e-06	5.546541601905e-02	5.546096225867e-02	2.855067423986e+00	2.815896731088e+00	5.193669290636e-02
1.986979166667e+01	3.825791983101e-02	3.825791983122e-02	4.348061495013e-06	8.801846345757e-06	3.826226789250e-02	3.826672167758e-02	2.820697989549e+00	2.779960148109e+00	5.056354234801e-02
1.996093750000e+01	2.676598566885e-02	2.676598566950e-02	-3.698722420987e-06	-8.152529209744e-06	2.676228694643e-02	2.675783314038e-02	2.786511291764e+00	2.744198818659e+00	4.915932247290e-02
2.005208333333e+01	2.162564172166e-02	2.162564172220e-02	4.120135836418e-06	8.573965176918e-06	2.162976185750e-02	2.163421568744e-02	2.752579231000e+00	2.708699609264e+00	4.780967419439e-02
2.014322916667e+01	1.676783534990e-02	1.676783535030e-02	-3.534144900766e-06	-7.987995125214e-06	1.676430120500e-02	1.675984735522e-02	2.718834569124e+00	2.673380315788e+00	4.643176247139e-02
2.023437500000e+01	1.014213976448e-02	1.014213976472e-02	3.902650891753e-06	8.356524880231e-06	1.014604241538e-02	1.015049628967e-02	2.685346144405e+00	2.638324742390e+00	4.510983368333e-02
2.032552083333e+01	6.485411477142e-03	6.485411477391e-03	-3.370136454873e-06	-7.824029512650e-06	6.482041340687e-03	6.477587447953e-03	2.652048529683e+00	2.603452496099e+00	4.376565248032e-02
2.041666666667e+01	6.821611177669e-03	6.821611177735e-03	3.686498596477e-06	8.140414706632e-06	6.825297676266e-03	6.829751592511e-03	2.619008489739e+00	2.568845307462e+00	4.248432001976e-02
2.050781250000e+01	5.908890935882e-03	5.908890936186e-03	-3.215978449929e-06	-7.669914733691e-06	5.905674957432e-03	5.901221021557e-03	2.586160997013e+00	2.534423183171e+00	4.118941058975e-02
2.059895833333e+01	2.356589354388e-03	2.356589354474e-03	3.484634897091e-06	7.938591894155e-06	2.360073989285e-03	2.364527946463e-03	2.553570427737e+00	2.500265465208e+00	3.996224564891e-02
2.069010416667e+01	9.031842225071e-04	9.031842226862e-04	-3.039456322655e-06	-7.493434378114e-06	9.001447661845e-04	8.956907884332e-04	2.521174260344e+00	2.466294666234e+00	3.872742014668e-02
2.078125000000e+01	2.591183333555e-03	2.591183333446e-03	3.318793422636e-06	7.772791391313e-06	2.594502126978e-03	2.598956124934e-03	2.489035078583e+00	2.432588335810e+00	3.756447815235e-02
2.087239583333e+01	2.673438991524e-03	2.673438991317e-03	-2.848162036605e-06	-7.302180334132e-06	2.670590829487e-03	2.666136811092e-03	2.457091270479e+00	2.399069896091e+00	3.639927828290e-02
2.096354166667e+01	1.018228845225e-04	1.018228844539e-04	3.151578601024e-06	7.605616792880e-06	1.049744631235e-04	1.094285013672e-04	2.425403230032e+00	2.365814707021e+00	3.530700821097e-02
2.105468750000e+01	-6.074242544964e-04	-6.074242545642e-04	-2.688417984891e-06	-7.142476000217e-06	-6.101126724813e-04	-6.145667304613e-04	2.393912019579e+00	2.332748864908e+00	3.421288344742e-02
2.114583333333e+01	1.408645796351e-03	1.408645796240e-03	2.944357355408e-06	7.398435242390e-06	1.411590153706e-03	1.416044231562e-03	2.362676245295e+00	2.299945942053e+00	3.318861650548e-02
2.123697916667e+01	1.694363285213e-03	1.694363285244e-03	-2.574231425860e-06	-7.028327893881e-06	1.691789053787e-03	1.687334957443e-03	2.331638050551e+00	2.267333115595e+00	3.216083215664e-02
2.132812500000e+01	-5.509115631628e-04	-5.509115631832e-04	2.730179468035e-06	7.184296260184e-06	-5.481813836948e-04	-5.437272668493e-04	2.300853911093e+00	2.234981827623e+00	3.119998151926e-02
2.141927083333e+01	-9.947750698639e-04	-9.947750700836e-04	-2.384916460184e-06	-6.839051569632e-06	-9.971599863241e-04	-1.001614121608e-03	2.270268672349e+00	2.202821957101e+00	3.023536632262e-02
2.151041666667e+01	1.062088609033e-03	1.062088609130e-03	2.725433788523e-06	7.179589527240e-06	1.064814042822e-03	1.069268198714e-03	2.239937016347e+00	2.170923152652e+00	2.933540938224e-02
2.160156250000e+01	1.365102592673e-03	1.365102592791e-03	-1.943999140263e-06	-6.398167823511e-06	1.363158593533e-03	1.358704425014e-03	2.209804946852e+00	2.139216451309e+00	2.843086932695e-02
2.169270833333e+01	-7.223690473665e-04	-7.223690475141e-04	2.827407669163e-06	7.281605505319e-06	-7.195416396974e-04	-7.150874419989e-04	2.179925071090e+00	2.107769427173e+00	2.758831318869e-02
2.178385416667e+01	-1.041053047946e-03	-1.041053047824e-03	-1.672198111414e-06	-6.126406120789e-06	-1.042725246057e-03	-1.047179453907e-03	2.150246077338e+00	2.076515801500e+00	2.674096141879e-02
2.187500000000e+01	9.705928958550e-04	9.705928959734e-04	2.565881865828e-06	7.020106382223e-06	9.731587777208e-04	9.776130024095e-04	2.120818757444e+00	2.045521333307e+00	2.595349051820e-02
2.196614583333e+01	1.228547098277e-03	1.228547098404e-03	-1.753326976769e-06	-6.207580341622e-06	1.226793771300e-03	1.222339518099e-03	2.091592973422e+00	2.014720917285e+00	2.516065319977e-02
2.205729166667e+01	-7.668366549972e-04	-7.668366548214e-04	2.172380061637e-06	6.626641722810e-06	-7.646642749355e-04	-7.602100130428e-04	2.062617479672e+00	1.984178275316e+00	2.442514808042e-02
2.214843750000e+01	-1.004121824062e-03	-1.004121823746e-03	-1.705048911875e-06	-6.159333046717e-06	-1.005826872973e-03	-1.010281156736e-03	2.033844800208e+00	1.953830963771e+00	2.368421765719e-02
2.223958333333e+01	9.558199325617e-04	9.558199324338e-04	2.088208358269e-06	6.542508004115e-06	9.579081409200e-04	9.623624404717e-04	2.005321863005e+00	1.923740878433e+00	2.299883681989e-02
2.233072916667e+01	1.162798546452e-03	1.162798546603e-03	-1.308079468150e-06	-5.762398213217e-06	1.161490466984e-03	1.157036148446e-03	1.977002372393e+00	1.893846755655e+00	2.230780010845e-02
2.242187500000e+01	-7.712489900105e-04	-7.712489900067e-04	2.239729678931e-06	6.694069604917e-06	-7.690092603315e-04	-7.645549203652e-04	1.948931277889e+00	1.864208513102e+00	2.166979824916e-02
2.251302083333e+01	-9.537880225215e-04	-9.537880223482e-04	-9.404392992859e-07	-5.394788774913e-06	-9.547284618208e-04	-9.591828110542e-04	1.921064896119e+00	1.834767499079e+00	2.102535229828e-02
2.260416666667e+01	9.563118562614e-04	9.563118561501e-04	2.080251106960e-06	6.534622033662e-06	9.583921073683e-04	9.628464782035e-04	1.893446361119e+00	1.805581816117e+00	2.043125882167e-02
2.269531250000e+01	1.118464725078e-03	1.118464725274e-03	-1.022915628956e-06	-5.477310005066e-06	1.117441809449e-03	1.112987415331e-03	1.866033174278e+00	1.776593996936e+00	1.982981945317e-02
2.278645833333e+01	-7.666253630046e-04	-7.666253628782e-04	1.582464514913e-06	6.036864954041e-06	-7.650428984897e-04	-7.605884978573e-04	1.838866509007e+00	1.747860183790e+00	1.927610638467e-02
2.287760416667e+01	-9.062862731603e-04	-9.062862727969e-04	-1.156719196286e-06	-5.611144112134e-06	-9.074429923566e-04	-9.118974168229e-04	1.811906435148e+00	1.719325477503e+00	1.871469671311e-02
2.296875000000e+01	9.601217337348e-04	9.601217339587e-04	1.288528832995e-06	5.742969956042e-06	9.614102625678e-04	9.658647040193e-04	1.785192319789e+00	1.691044214359e+00	1.819884906100e-02
2.305989583333e+01	1.082592266516e-03	1.082592266635e-03	-1.021300471684e-06	-5.475756551531e-06	1.081570966044e-03	1.077116510175e-03	1.758685405878e+00	1.662962667928e+00	1.767468381632e-02
2.315104166667e+01	-7.647870943725e-04	-7.647870942012e-04	1.200123561753e-06	5.654598695097e-06	-7.635869708107e-04	-7.591324953858e-04	1.732423163158e+00	1.635133277516e+00	1.719370551614e-02
2.324218750000e+01	-8.700528722601e-04	-8.700528719820e-04	-7.747661878631e-07	-5.229256499093e-06	-8.708276384480e-04	-8.752821283652e-04	1.706369358971e+00	1.607504840716e+00	1.670433618476e-02
2.333333333333e+01	9.618335570657e-04	9.618335571524e-04	1.153249744997e-06	5.607758011699e-06	9.629868068107e-04	9.674413153145e-04	1.680559657558e+00	1.580127991702e+00	1.625629574899e-02
2.342447916667e+01	1.052753827869e-03	1.052753828121e-03	-5.376760353060e-07	-4.992200406961e-06	1.052216151834e-03	1.047761627875e-03	1.654958992333e+00	1.552952693773e+00	1.579947761459e-02
2.351562500000e+01	-7.653749301327e-04	-7.653749301119e-04	1.059471171091e-06	5.514011868509e-06	-7.643154589616e-04	-7.598609180634e-04	1.629601168316e+00	1.526027722248e+00	1.538182110968e-02
2.360677083333e+01	-8.449446619412e-04	-8.449446619111e-04	-3.674648411852e-07	-4.822023363801e-06	-8.453121267824e-04	-8.497666851132e-04	1.604453614003e+00	1.499305535138e+00	1.495547552307e-02
2.369791666667e+01	9.584743841302e-04	9.584743841308e-04	9.189235102106e-07	5.373496752433e-06	9.593933076404e-04	9.638478810833e-04	1.579548352250e+00	1.472833125970e+00	1.456664175077e-02
2.378906250000e+01	1.024813023535e-03	1.024813023344e-03	-1.980273982201e-07	-4.652618710763e-06	1.024614996137e-03	1.020160404797e-03	1.554853949665e+00	1.446564090496e+00	1.416893502534e-02
2.388020833333e+01	-7.693130722984e-04	-7.693130723870e-04	8.289768627841e-07	5.283584135845e-06	-7.684840954357e-04	-7.640294880664e-04	1.530400593077e+00	1.420543586587e+00	1.380680190986e-02
2.397135416667e+01	-8.281693275890e-04	-8.281693277771e-04	4.931272183188e-08	-4.405309331818e-06	-8.281200148672e-04	-8.325746369395e-04	1.506159303228e+00	1.394727663753e+00	1.343605075249e-02
2.406250000000e+01	9.531190818686e-04	9.531190823133e-04	8.067669530950e-07	5.261407951335e-06	9.539258488217e-04	9.583804904821e-04	1.482158497156e+00	1.369159710453e+00	1.309936641529e-02
2.415364583333e+01	9.999547875055e-04	9.999547876713e-04	3.097259843414e-07	-4.144929825075e-06	1.000264513490e-03	9.958098580195e-04	1.458370340370e+00	1.343796920589e+00	1.275399682334e-02
2.424479166667e+01	-7.765959340350e-04	-7.765959337870e-04	7.271090554835e-07	5.181780645295e-06	-7.758688249795e-04	-7.714141529528e-04	1.434821449892e+00	1.318680882979e+00	1.244090364860e-02
2.433593750000e+01	-8.199899544262e-04	-8.199899541182e-04	4.652219435242e-07	-3.989466756377e-06	-8.195247324827e-04	-8.239794207051e-04	1.411486408483e+00	1.293771208395e+00	1.211951105484e-02
2.442708333333e+01	9.455105921120e-04	9.455105926659e-04	5.374559075936e-07	4.992160060419e-06	9.460480480196e-04	9.505027529326e-04	1.388390082260e+00	1.269107735136e+00	1.182905344555e-02
2.451822916667e+01	9.788239011301e-04	9.788239018181e-04	5.327092855723e-07	-3.922011971571e-06	9.793566104156e-04	9.749018900152e-04	1.365508169818e+00	1.244651189424e+00	1.153035246606e-02
2.460937500000e+01	-7.851226147379e-04	-7.851226146704e-04	2.996448875322e-07	4.754380758540e-06	-7.848229698504e-04	-7.803682337619e-04	1.342863756735e+00	1.220439629401e+00	1.126091177695e-02
2.470052083333e+01	-8.184017384816e-04	-8.184017382169e-04	6.066618303269e-07	-3.848090669550e-06	-8.177950766513e-04	-8.222498287447e-04	1.320434957136e+00	1.196436196435e+00	1.098371082416e-02
2.479166666667e+01	9.357380363379e-04	9.357380364585e-04	1.221779079759e-07	4.576947401686e-06	9.358602142459e-04	9.403149840195e-04	1.298243117198e+00	1.172677209653e+00	1.073453357127e-02
2.488281250000e+01	9.606228027511e-04	9.606228029797e-04	7.597708813941e-07	-3.695013326800e-06	9.613825736325e-04	9.569277897817e-04	1.276267451577e+00	1.149126910570e+00	1.047773517542e-02
2.497395833333e+01	-7.938476246236e-04	-7.938476243223e-04	-7.541676431503e-09	4.447258340813e-06	-7.938551663000e-04	-7.894003658203e-04	1.254527553396e+00	1.125819865642e+00	1.024739650732e-02
2.506510416667e+01	-8.199417526973e-04	-8.199417523621e-04	9.040680003144e-07	-3.550749146445e-06	-8.190376846970e-04	-8.234925013805e-04	1.233005009823e+00	1.102722688509e+00	1.001001132923e-02
2.515625000000e+01	9.275440052619e-04	9.275440053181e-04	-1.924463675825e-07	4.262385666927e-06	9.273515588944e-04	9.318063911096e-04	1.211717683500e+00	1.079868215536e+00	9.797977735035e-03
2.524739583333e+01	9.474436825667e-04	9.474436826601e-04	9.675657227278e-07	-3.487283009640e-06	9.484112482894e-04	9.439563997321e-04	1.190648255676e+00	1.057224154054e+00	9.579143126386e-03
2.533854166667e+01	-8.024462480291e-04	-8.024462478970e-04	-4.667340213945e-07	3.988129430556e-06	-8.029129820505e-04	-7.984581183846e-04	1.169812858130e+00	1.034821609956e+00	9.384162509982e-03
2.542968750000e+01	-8.251785596683e-04	-8.251785593570e-04	9.613741955850e-07	-3.493506729031e-06	-8.242171854727e-04	-8.286720660391e-04	1.149196546034e+00	1.012630664105e+00	9.182978761009e-03
2.552083333333e+01	9.207170550027e-04	9.207170552374e-04	-7.550637122581e-07	3.699831221305e-06	9.199619912905e-04	9.244168865362e-04	1.128813735610e+00	9.906807072257e-01	9.004610679739e-03
2.561197916667e+01	9.408016376511e-04	9.408016378596e-04	1.038440661164e-06	-3.416472115859e-06	9.418400783122e-04	9.373851657749e-04	1.108650546248e+00	9.689428840107e-01	8.820395727461e-03
2.570312500000e+01	-8.076094154251e-04	-8.076094150705e-04	-8.240475395382e-07	3.630879820416e-06	-8.084334629646e-04	-8.039785351903e-04	1.088719673772e+00	9.474448651785e-01	8.657633276511e-03
2.579427083333e+01	-8.311235652682e-04	-8.311235648096e-04	1.446740343451e-06	-3.008200639735e-06	-8.296768249248e-04	-8.341317654250e-04	1.069009593378e+00	9.261601508335e-01	8.489666958832e-03
2.588541666667e+01	9.157531757618e-04	9.157531760882e-04	-6.194829265856e-07	3.835482565205e-06	9.151336928353e-04	9.195886586863e-04	1.049531301183e+00	9.051147123809e-01	8.342113088519e-03
2.597656250000e+01	9.392926265087e-04	9.392926267809e-04	1.872231344957e-06	-2.582737724256e-06	9.411648578536e-04	9.367098890737e-04	1.030274354010e+00	8.842831311571e-01	8.189761902733e-03
2.606770833333e+01	-8.099348087479e-04	-8.099348081944e-04	-6.964008489134e-07	3.758590727628e-06	-8.106312095969e-04	-8.061762173818e-04	1.011248017187e+00	8.636896481773e-01	8.056582425350e-03
2.615885416667e+01	-8.360453418154e-04	-8.360453412197e-04	1.877514988961e-06	-2.577497078384e-06	-8.341678268264e-04	-8.386228382398e-04	9.924441912531e-01	8.433111880916e-01	7.919361672329e-03
2.625000000000e+01	9.155770971425e-04	9.155770973835e-04	-1.091989830670e-06	3.363028037464e-06	9.144851073119e-04	9.189401255103e-04	9.738704451265e-01	8.231702959078e-01	7.800303723582e-03
2.634114583333e+01	9.448750493277e-04	9.448750497191e-04	1.823414239451e-06	-2.631625515291e-06	9.466984635671e-04	9.422434242849e-04	9.555197362288e-01	8.032449527578e-01	7.677579797161e-03
2.643229166667e+01	-8.095318316031e-04	-8.095318313042e-04	-1.304979803625e-06	3.150075105349e-06	-8.108368114067e-04	-8.063817560659e-04	9.373979306122e-01	7.835560011847e-01	7.571853389381e-03
2.652343750000e+01	-8.415088986755e-04	-8.415088985222e-04	2.090269738927e-06	-2.364800342313e-06	-8.394186289365e-04	-8.438736987326e-04	9.195003314394e-01	7.640837676594e-01	7.463365482073e-03
2.661458333333e+01	9.189777427558e-04	9.189777432348e-04	-1.195157526094e-06	3.259931464420e-06	9.177825852297e-04	9.222376748733e-04	9.018311142882e-01	7.448474046535e-01	7.370950090279e-03
2.670572916667e+01	9.582932613503e-04	9.582932616114e-04	2.529626806025e-06	-1.925470007216e-06	9.608228881564e-04	9.563677917592e-04	8.843866404778e-01	7.258282963881e-01	7.276110874475e-03
2.679687500000e+01	-8.040112715199e-04	-8.040112713478e-04	-1.180994045373e-06	3.274128238048e-06	-8.051922655653e-04	-8.007371429398e-04	8.671693744553e-01	7.070438846135e-01	7.196155647470e-03
2.688802083333e+01	-8.457323597749e-04	-8.457323597599e-04	2.632119776432e-06	-1.823016420498e-06	-8.431002399985e-04	-8.475553760230e-04	8.501780188063e-01	6.884778944066e-01	7.114803253925e-03
2.697916666667e+01	9.253676597613e-04	9.253676598878e-04	-1.580248470153e-06	2.874897127647e-06	9.237874112911e-04	9.282425571901e-04	8.334133487576e-01	6.701460787098e-01	7.047575638757e-03
2.707031250000e+01	9.774750047459e-04	9.774750049411e-04	2.470677544627e-06	-1.984491068065e-06	9.799456822905e-04	9.754905140418e-04	8.168751187038e-01	6.520332139934e-01	6.979296292098e-03
2.716145833333e+01	-7.944431240060e-04	-7.944431237192e-04	-1.991866265409e-06	2.463317968320e-06	-7.964349902715e-04	-7.919798055522e-04	8.005623814984e-01	6.341533312440e-01	6.923821643484e-03
2.725260416667e+01	-8.476340680173e-04	-8.476340680725e-04	2.459876078831e-06	-1.995320166664e-06	-8.451741919385e-04	-8.496293880865e-04	7.844772481392e-01	6.164935631175e-01	6.868278365269e-03
2.734375000000e+01	9.366656572975e-04	9.366656573342e-04	-2.245412571729e-06	2.209803721126e-06	9.344202447258e-04	9.388754612210e-04	7.686170982240e-01	5.990662677635e-01	6.824876903449e-03
2.743489583333e+01	1.003073218949e-03	1.003073218850e-03	2.555862657553e-06	-1.899367725544e-06	1.005629081606e-03	1.001173851252e-03	7.529850903789e-01	5.818596250457e-01	6.781766901091e-03
2.752604166667e+01	-7.822169859171e-04	-7.822169857829e-04	-2.441983889175e-06	2.013263892520e-06	-7.846589698063e-04	-7.802037217499e-04	7.375768775554e-01	5.648842668896e-01	6.749259627078e-03
2.761718750000e+01	-8.496396829848e-04	-8.496396828662e-04	2.687255533355e-06	-1.768007727264e-06	-8.469524274514e-04	-8.514076904688e-04	7.223979774668e-01	5.481307318221e-01	6.717654290472e-03
2.770833333333e+01	9.510547065049e-04	9.510547066974e-04	-2.620000787564e-06	1.835279189883e-06	9.484347057173e-04	9.528899860513e-04	7.074423514086e-01	5.316079605387e-01	6.695581512846e-03
2.779947916667e+01	1.034590694013e-03	1.034590694055e-03	2.831170564969e-06	-1.624126483873e-06	1.037421864578e-03	1.032966567691e-03	6.927165630037e-01	5.153075370458e-01	6.674325717561e-03
2.789062500000e+01	-7.674374230961e-04	-7.674374228439e-04	-2.779502488911e-06	1.675809359780e-06	-7.702169255850e-04	-7.657616133329e-04	6.782128379375e-01	4.992366668634e-01	6.660510233443e-03
2.798177083333e+01	-8.530396066027e-04	-8.530396065070e-04	3.020257652864e-06	-1.435073079376e-06	-8.500193489499e-04	-8.544746794704e-04	6.639401268535e-01	4.833893205821e-01	6.647509125123e-03
2.807291666667e+01	9.657560261501e-04	9.657560265489e-04	-2.885448100602e-06	1.569896609963e-06	9.628705780495e-04	9.673259233019e-04	6.498889806729e-01	4.677710293952e-01	6.640279061951e-03
2.816406250000e+01	1.069425655066e-03	1.069425655307e-03	3.251327880122e-06	-1.204035360715e-06	1.072676982946e-03	1.068221620041e-03	6.360693975706e-01	4.523768109850e-01	6.633306411784e-03
2.825520833333e+01	-7.505257033274e-04	-7.505257030175e-04	-2.985994423281e-06	1.469384905142e-06	-7.535116977506e-04	-7.490563179942e-04	6.224701682633e-01	4.372104367831e-01	6.629794304749e-03
2.834635416667e+01	-8.560104859604e-04	-8.560104858086e-04	3.460314982181e-06	-9.950815281152e-07	-8.525501709782e-04	-8.570055672530e-04	6.091036756230e-01	4.222693087228e-01	6.626653350529e-03
2.843750000000e+01	9.825837904901e-04	9.825837908205e-04	-3.128280285554e-06	1.327131861240e-06	9.794555102046e-04	9.839109227891e-04	5.959570039866e-01	4.075554923046e-01	6.625523939474e-03
2.852864583333e+01	1.106790601254e-03	1.106790601547e-03	3.637498190379e-06	-8.179319081028e-07	1.110428099444e-03	1.105972669710e-03	5.830436110071e-01	3.930674637910e-01	6.624450420329e-03
2.861979166667e+01	-7.354117341450e-04	-7.354117336983e-04	-3.289813071331e-06	1.165634633060e-06	-7.387015472164e-04	-7.342460989586e-04	5.703488165607e-01	3.788055246775e-01	6.623428482590e-03
2.871093750000e+01	-8.635637943310e-04	-8.635637939149e-04	3.798562086553e-06	-6.569008516423e-07	-8.597652322444e-04	-8.642206946868e-04	5.578884961713e-01	3.647705686385e-01	6.623302503878e-03
2.880208333333e+01	9.982713523486e-04	9.982713523914e-04	-3.501390458941e-06	9.540908233028e-07	9.947699618896e-04	9.992254432952e-04	5.456462776423e-01	3.509612055591e-01	6.622729693725e-03
2.889322916667e+01	1.146204042996e-03	1.146204043034e-03	3.885778847468e-06	-5.697200513341e-07	1.150089821843e-03	1.145634323051e-03	5.336390974947e-01	3.373793896451e-01	6.623536986221e-03
2.898437500000e+01	-7.213053810391e-04	-7.213053811212e-04	-3.783119338398e-06	6.723956210177e-07	-7.250885003775e-04	-7.206329854351e-04	5.218487636185e-01	3.240219113363e-01	6.622310581760e-03
2.907552083333e+01	-8.759266700525e-04	-8.759266698456e-04	3.954600602975e-06	-5.009336271371e-07	-8.719720694495e-04	-8.764276033910e-04	5.102946576057e-01	3.108931694380e-01	6.623387114692e-03
2.916666666667e+01	1.010821278874e-03	1.010821278918e-03	-4.031142086400e-06	4.244065386137e-07	1.006790136787e-03	1.011245685546e-03	4.989568758215e-01	2.979882433410e-01	6.621962462013e-03
2.925781250000e+01	1.185031264598e-03	1.185031264834e-03	4.104002380119e-06	-3.515680181147e-07	1.189135266978e-03	1.184679696885e-03	4.878558867396e-01	2.853126182521e-01	6.623661011344e-03
2.934895833333e+01	-7.100979690280e-04	-7.100979689867e-04	-4.181008042863e-06	2.745766176101e-07	-7.142789770709e-04	-7.098233922902e-04	4.769699499811e-01	2.728595373033e-01	6.621800463480e-03
2.944010416667e+01	-8.941210250252e-04	-8.941210248058e-04	4.363239660856e-06	-9.236452123570e-08	-8.897577853644e-04	-8.942133892543e-04	4.663220197387e-01	2.606369709305e-01	6.624334448160e-03
2.953125000000e+01	1.019083161851e-03	1.019083162008e-03	-4.246040834309e-06	2.095809020020e-07	1.014837121017e-03	1.019292742994e-03	4.558886340251e-01	2.486364411510e-01	6.622713349522e-03
2.962239583333e+01	1.221165607436e-03	1.221165608115e-03	4.666323511654e-06	2.106840803021e-07	1.225831930948e-03	1.221376292251e-03	4.456938394490e-01	2.368670103193e-01	6.625917165182e-03
2.971354166667e+01	-7.044535699942e-04	-7.044535696307e-04	-4.334387557677e-06	1.212709193304e-07	-7.087879575519e-04	-7.043322986332e-04	4.357123076810e-01	2.253183346121e-01	6.623551116316e-03
2.980468750000e+01	-9.199406621719e-04	-9.199406617106e-04	4.894992229798e-06	4.393166175531e-07	-9.150456699421e-04	-9.195013450604e-04	4.259705903917e-01	2.140019809398e-01	6.627156361305e-03
2.989583333333e+01	1.023181667377e-03	1.023181667379e-03	-4.533498881404e-06	-7.780414612264e-08	1.018648168496e-03	1.023103863245e-03	4.164416120506e-01	2.029058587885e-01	6.624635966521e-03
2.998697916667e+01	1.256005261358e-03	1.256005261145e-03	5.036607455847e-06	5.808941932808e-07	1.261041868814e-03	1.256586155330e-03	4.071530433375e-01	1.920426535617e-01	6.628671463609e-03
3.007812500000e+01	-7.037308626291e-04	-7.037308621534e-04	-4.769122833341e-06	-3.133908746053e-07	-7.084999854624e-04	-7.040442530009e-04	3.980758856632e-01	1.813983522089e-01	6.625250817972e-03
3.016927083333e+01	-9.551338885593e-04	-9.551338886274e-04	5.212726343310e-06	7.569768606330e-07	-9.499211622160e-04	-9.543769117822e-04	3.892403708696e-01	1.709882007675e-01	6.629618399766e-03
3.026041666667e+01	1.019152706394e-03	1.019152706440e-03	-4.941888792534e-06	-4.861175937137e-07	1.014210817602e-03	1.018666588840e-03	3.806157423159e-01	1.607964286705e-01	6.626005071595e-03
3.035156250000e+01	1.285171070370e-03	1.285171069749e-03	5.447296267133e-06	9.915093429780e-07	1.290618366638e-03	1.286162579050e-03	3.722333764229e-01	1.508394259932e-01	6.630799476466e-03
3.044270833333e+01	-7.104668645906e-04	-7.104668642061e-04	-5.112626281508e-06	-6.568172123655e-07	-7.155794908722e-04	-7.111236813961e-04	3.640605601643e-01	1.410994663294e-01	6.626276579856e-03
3.053385416667e+01	-9.989392938955e-04	-9.989392933591e-04	5.638182134652e-06	1.182355903219e-06	-9.933011117608e-04	-9.977569374697e-04	3.561312800573e-01	1.315955492997e-01	6.631434669964e-03
3.062500000000e+01	1.010634480112e-03	1.010634480033e-03	-5.367720344761e-06	-9.118731765240e-07	1.005266759767e-03	1.009722606810e-03	3.484110288351e-01	1.223081548130e-01	6.626754946445e-03
3.071614583333e+01	1.312687180260e-03	1.312687179919e-03	5.751718269629e-06	1.295851731332e-06	1.318438898530e-03	1.313983031622e-03	3.409349426539e-01	1.132574315668e-01	6.632384854084e-03
3.080729166667e+01	-7.231619193663e-04	-7.231619193620e-04	-5.680438475380e-06	-1.224552265354e-06	-7.288423578417e-04	-7.243864716338e-04	3.336664902968e-01	1.044218360887e-01	6.626782136790e-03
3.089843750000e+01	-1.053208342248e-03	-1.053208342316e-03	5.858722611068e-06	1.402816891631e-06	-1.047349619637e-03	-1.051805525420e-03	3.266434784995e-01	9.582418708009e-02	6.632764314048e-03
3.098958333333e+01	9.943514589848e-04	9.943514591745e-04	-5.970306150253e-06	-1.514378327346e-06	9.883811528345e-04	9.928370808684e-04	3.198275619669e-01	8.744112757398e-02	6.626975568150e-03
3.108072916667e+01	1.336560885799e-03	1.336560885801e-03	6.026958979135e-06	1.571013547795e-06	1.342587844778e-03	1.338131899371e-03	3.132577486954e-01	7.929667694119e-02	6.633434151664e-03
3.117187500000e+01	-7.413535084311e-04	-7.413535085646e-04	-6.189714746758e-06	-1.733745694820e-06	-7.475432231778e-04	-7.430872542483e-04	3.068936221579e-01	7.136540758310e-02	6.626713554712e-03
3.126302083333e+01	-1.115880663483e-03	-1.115880663789e-03	6.275041384430e-06	1.819054825198e-06	-1.109605622099e-03	-1.114061608915e-03	3.007769147203e-01	6.367406263041e-02	6.633555847324e-03
3.135416666667e+01	9.721584895563e-04	9.721584894996e-04	-6.371275808942e-06	-1.915264540502e-06	9.657872137473e-04	9.702432250262e-04	2.948653569859e-01	5.619536223198e-02	6.626682212265e-03
3.144531250000e+01	1.357284099135e-03	1.357284098659e-03	6.508318709189e-06	2.052289899075e-06	1.363792417844e-03	1.359336388638e-03	2.892018988511e-01	4.895726642350e-02	6.634051676875e-03
3.153645833333e+01	-7.651395229799e-04	-7.651395230515e-04	-6.650962622436e-06	-2.194910051812e-06	-7.717904856023e-04	-7.673344329837e-04	2.837421187182e-01	4.193034378684e-02	6.626233806936e-03
3.162760416667e+01	-1.185401448716e-03	-1.185401449185e-03	6.611496370506e-06	2.155422511446e-06	-1.178789952346e-03	-1.183246026564e-03	2.785317658912e-01	3.514535312317e-02	6.633986443106e-03
3.171875000000e+01	9.481685565279e-04	9.481685564677e-04	-7.056158159163e-06	-2.600063932874e-06	9.411123983688e-04	9.455684926444e-04	2.735245235694e-01	2.857096846194e-02	6.625984552931e-03
3.180989583333e+01	1.378980586651e-03	1.378980586360e-03	6.678943616204e-06	2.222825114964e-06	1.385659530267e-03	1.381203411601e-03	2.687674227139e-01	2.223922960183e-02	6.634267018493e-03
3.190104166667e+01	-7.940223485722e-04	-7.940223484707e-04	-7.399704776150e-06	-2.943565560211e-06	-8.014220533484e-04	-7.969659138561e-04	2.642119401603e-01	1.611660487967e-02	6.625303072576e-03
3.199218750000e+01	-1.264790809482e-03	-1.264790810046e-03	6.911529884491e-06	2.455367850857e-06	-1.257879279597e-03	-1.262335442092e-03	2.599079791192e-01	1.023800566169e-02	6.634003205290e-03
3.208333333333e+01	9.204299741458e-04	9.204299739879e-04	-7.556134135292e-06	-3.099948525870e-06	9.128738400105e-04	9.173300255656e-04	2.558050782836e-01	4.567962833795e-03	6.624899159596e-03
3.217447916667e+01	1.404757968260e-03	1.404757967884e-03	7.322140274116e-06	2.865932747928e-06	1.412080108534e-03	1.407623900710e-03	2.519544443010e-01	-8.573095038159e-04	6.634204196974e-03
3.226562500000e+01	-8.210253541911e-04	-8.210253542205e-04	-7.607628850154e-06	-3.151396892427e-06	-8.286329830413e-04	-8.241767510222e-04	2.483032985738e-01	-6.075597042421e-03	6.624133447203e-03
3.235677083333e+01	-1.348121808903e-03	-1.348121809385e-03	7.775990049371e-06	3.319735377411e-06	-1.340345818853e-03	-1.344802073979e-03	2.449058022257e-01	-1.104773193135e-02	6.633853956924e-03
3.244791666667e+01	8.903630175621e-04	8.903630175311e-04	-7.708659883496e-06	-3.252380724545e-06	8.826543576786e-04	8.871106368543e-04	2.417072062698e-01	-1.581346951138e-02	6.623611172962e-03
3.253906250000e+01	1.432616663872e-03	1.432616663381e-03	8.133219114210e-06	3.676915638309e-06	1.440749882986e-03	1.436293579010e-03	2.387630513219e-01	-2.033226319048e-02	6.633950915614e-03
3.263020833333e+01	-8.472506841366e-04	-8.472506841636e-04	-7.953015460386e-06	-3.496688798941e-06	-8.552036995970e-04	-8.507473729472e-04	2.360161935417e-01	-2.464626240093e-02	6.622724509005e-03
3.272135416667e+01	-1.432080507762e-03	-1.432080508246e-03	8.366215832179e-06	3.909862091894e-06	-1.423714291930e-03	-1.428170646191e-03	2.335252206205e-01	-2.871187424979e-02	6.633524104474e-03
3.281250000000e+01	8.648324519481e-04	8.648324520137e-04	-8.309796576029e-06	-3.853420423695e-06	8.565226553721e-04	8.609790315662e-04	2.312309477278e-01	-3.257328837051e-02	6.622160795855e-03
3.290364583333e+01	1.468110828407e-03	1.468110828410e-03	8.548380814381e-06	4.091976194454e-06	1.476659209221e-03	1.472202804581e-03	2.291933734953e-01	-3.618550173650e-02	6.633636896315e-03
3.299479166667e+01	-8.722335719932e-04	-8.722335719784e-04	-8.687162016162e-06	-4.230735121598e-06	-8.809207340093e-04	-8.764643071151e-04	2.273508076769e-01	-3.959520857370e-02	6.621258879913e-03
3.308593750000e+01	-1.519513663772e-03	-1.519513663924e-03	8.773012443040e-06	4.316555630014e-06	-1.510740651329e-03	-1.515197108346e-03	2.257664185199e-01	-4.275423707836e-02	6.633197863405e-03
3.317708333333e+01	8.429093077099e-04	8.429093077649e-04	-9.000144227463e-06	-4.543664216747e-06	8.339091634824e-04	8.383656435216e-04	2.243764195249e-01	-4.571137687517e-02	6.620664896487e-03
3.326822916667e+01	1.514729448851e-03	1.514729448955e-03	9.116663385329e-06	4.660154040320e-06	1.523846112236e-03	1.519389602976e-03	2.232454726751e-01	-4.841696329428e-02	6.633323986861e-03
3.335937500000e+01	-8.903229534309e-04	-8.903229533859e-04	-9.196590749961e-06	-4.740055906051e-06	-8.995195441808e-04	-8.950630093219e-04	2.223071754929e-01	-5.092240105138e-02	6.619771069112e-03
3.345052083333e+01	-1.605869786769e-03	-1.605869786415e-03	9.590264015692e-06	5.133700312836e-06	-1.596279522753e-03	-1.600736086120e-03	2.216294634830e-01	-5.317475286150e-02	6.632942789454e-03
3.354166666667e+01	8.268310181048e-04	8.268310183734e-04	-9.321991372339e-06	-4.865400220437e-06	8.175090267325e-04	8.219656181382e-04	2.211437524515e-01	-5.522760423145e-02	6.619254268636e-03
3.363281250000e+01	1.572570664939e-03	1.572570664913e-03	1.009974197413e-05	5.643121454550e-06	1.582670406913e-03	1.578213786321e-03	2.209195346031e-01	-5.702646212122e-02	6.633197929988e-03
3.372395833333e+01	-9.025045838203e-04	-9.025045836203e-04	-9.493274097812e-06	-5.036627197349e-06	-9.119978579181e-04	-9.075412108400e-04	2.208854851428e-01	-5.862765167340e-02	6.618449237027e-03
3.381510416667e+01	-1.690598724320e-03	-1.690598724058e-03	1.055322031514e-05	6.096538801076e-06	-1.680045504005e-03	-1.684502185284e-03	2.211144979785e-01	-5.997327913165e-02	6.632901350280e-03
3.390625000000e+01	8.207691013781e-04	8.207691014518e-04	-9.745981580323e-06	-5.289278061755e-06	8.110231197978e-04	8.154798233487e-04	2.215330011246e-01	-6.112191582031e-02	6.617983531205e-03
3.399739583333e+01	1.647252560005e-03	1.647252560297e-03	1.097323460216e-05	6.516490912583e-06	1.658225794607e-03	1.653769051163e-03	2.222155361513e-01	-6.201402135141e-02	6.633235591723e-03
3.408854166667e+01	-9.065782246607e-04	-9.065782243023e-04	-1.005549332484e-05	-5.598728684095e-06	-9.166337179855e-04	-9.121769529927e-04	2.230856460575e-01	-6.271105100910e-02	6.617202814228e-03
3.417968750000e+01	-1.776102471596e-03	-1.776102471728e-03	1.132083628067e-05	6.864033109703e-06	-1.764781635315e-03	-1.769238438674e-03	2.242214236861e-01	-6.314991421467e-02	6.632975220140e-03
3.427083333333e+01	8.218521777297e-04	8.218521780447e-04	-1.053205743983e-05	-6.075224297757e-06	8.113201202899e-04	8.157769537255e-04	2.255440717301e-01	-6.339440545120e-02	6.616758874665e-03
3.436197916667e+01	1.739161389418e-03	1.739161389586e-03	1.151217047440e-05	7.055308938803e-06	1.750673559892e-03	1.746216698483e-03	2.271334203818e-01	-6.337969792489e-02	6.633380032100e-03
3.445312500000e+01	-8.995850019357e-04	-8.995850017487e-04	-1.113113061339e-05	-6.674227282079e-06	-9.107161325491e-04	-9.062592290643e-04	2.289076338773e-01	-6.317262341136e-02	6.616007447748e-03
3.454427083333e+01	-1.859322948370e-03	-1.859322948158e-03	1.174237757318e-05	7.285451251219e-06	-1.847580570796e-03	-1.852037496957e-03	2.309502524719e-01	-6.270464624920e-02	6.633176260477e-03
3.463541666667e+01	8.318707117628e-04	8.318707118022e-04	-1.160769527293e-05	-7.150725034742e-06	8.202630164899e-04	8.247199867018e-04	2.331770050407e-01	-6.204503234792e-02	6.615621075132e-03
3.472656250000e+01	1.847857890277e-03	1.847857890030e-03	1.216915172121e-05	7.712153499282e-06	1.860027041999e-03	1.855570043436e-03	2.356732597429e-01	-3.853410583929e-02	2.922300112550e-02
3.481770833333e+01	-8.842670341191e-04	-8.842670338434e-04	-1.198443374784e-05	-7.527396001190e-06	-8.962514678669e-04	-8.917944298955e-04	2.383515364459e-01	2.736583984259e-02	9.399300947499e-02
3.490885416667e+01	-1.942285461562e-03	-1.942285461464e-03	1.262100591984e-05	8.163933647502e-06	-1.929664455642e-03	-1.934121527897e-03	2.413010900135e-01	1.264944556812e-01	1.917653032093e-01
