# units: z_A in Angstrom; densities in e/A^3; diff = reproduction - DFT
z_A	RHOB_DFT_e_per_A3	RHOB_repro_e_per_A3	RHOB_diff_e_per_A3	RHOION_DFT_e_per_A3	RHOION_repro_e_per_A3	RHOION_diff_e_per_A3
0.000000000000	5.8097719158554729e-11	5.8097849858879270e-11	1.3070032454027501e-16	-5.7716286527483799e-20	-2.0168893008633692e-20	3.7547393518850110e-20
0.091145833333	-5.5809497587689252e-11	-5.5809625119837083e-11	-1.2753214783095390e-16	-4.3944387571667887e-20	-7.0064854306722109e-21	3.6937902140995679e-20
0.182291666667	5.3537778731401189e-11	5.3537903808071152e-11	1.2507666996325788e-16	-2.8880058891547315e-20	4.9067313642382845e-21	3.3786790255785598e-20
0.273437500000	-5.1281800084957234e-11	-5.1281922103925260e-11	-1.2201896802626819e-16	-9.2923446388759864e-20	-5.9420374665477831e-20	3.3503071723282033e-20
0.364583333333	4.9040820443034415e-11	4.9040940117019580e-11	1.1967398516451685e-16	-7.1915244067758058e-20	-3.9462641691991696e-20	3.2452602375766361e-20
0.455729166667	-4.6814127186192652e-11	-4.6814243902586938e-11	-1.1671639428627564e-16	-7.1850681812996666e-20	-3.9416737336548312e-20	3.2433944476448354e-20
0.546875000000	4.4601027149535648e-11	4.4601141648976504e-11	1.1449944085645986e-16	-3.9556819659971859e-20	-8.5604219026654287e-21	3.0996397757306431e-20
0.638020833333	-4.2400846888048996e-11	-4.2400958526675552e-11	-1.1163862655559567e-16	-4.0991700964906255e-20	-1.1985479135115283e-20	2.9006221829790971e-20
0.729166666667	4.0212934096861638e-11	4.0213043553079073e-11	1.0945621743539337e-16	-3.4214441154456165e-20	-5.7333059198664667e-21	2.8481135234589699e-20
0.820312500000	-3.8036655736537986e-11	-3.8036762512436467e-11	-1.0677589848075692e-16	-5.1176544737038926e-20	-2.5134263485019334e-20	2.6042281252019592e-20
0.911458333333	3.5871390783915676e-11	3.5871495382933531e-11	1.0459901785449037e-16	-6.4795034298355467e-20	-4.2085705410797080e-20	2.2709328887558387e-20
1.002604166667	-3.3716541697213304e-11	-3.3716643766044542e-11	-1.0206883123752940e-16	-4.1202564842926009e-20	-2.1244831869473220e-20	1.9957732973452789e-20
1.093750000000	3.1571518679436337e-11	3.1571618632849020e-11	9.9953412683403213e-17	-6.4518423537011371e-20	-4.5832981602959638e-20	1.8685441934051734e-20
1.184895833333	-2.9435751688512397e-11	-2.9435849138136098e-11	-9.7449623700384894e-17	-4.2473967410915877e-20	-2.7937094582968030e-20	1.4536872827947848e-20
1.276041666667	2.7308679425940501e-11	2.7308774939374641e-11	9.5513434140360937e-17	-3.1599521756787455e-20	-1.6607307338287907e-20	1.4992214418499548e-20
1.367187500000	-2.5189757460156524e-11	-2.5189850451118143e-11	-9.2990961619153360e-17	-5.3460508539540603e-20	-4.0552203780895953e-20	1.2908304758644650e-20
1.458333333333	2.3078447508030109e-11	2.3078538678717385e-11	9.1170687275897766e-17	-5.6264524266001769e-20	-4.4341090050080125e-20	1.1923434215921643e-20
1.549479166667	-2.0974227066934871e-11	-2.0974315766483830e-11	-8.8699548959888596e-17	-5.8452829314916093e-20	-4.6901220378317349e-20	1.1551608936598744e-20
1.640625000000	1.8876580870038104e-11	1.8876667842317803e-11	8.6972279699549993e-17	-8.1441582456562565e-20	-6.9366515789025175e-20	1.2075066667537390e-20
1.731770833333	-1.6785002891948164e-11	-1.6785087402144161e-11	-8.4510195996562687e-17	-8.6370081370003225e-20	-7.4960479778234133e-20	1.1409601591769092e-20
1.822916666667	1.4698996793956073e-11	1.4699079681263002e-11	8.2887306929043918e-17	-2.7645675964960625e-20	-1.4450543023920380e-20	1.3195132941040245e-20
1.914062500000	-1.2618074664346749e-11	-1.2618155140393083e-11	-8.0476046333802863e-17	-8.0602125065608586e-20	-6.7672645072022440e-20	1.2929479993586146e-20
2.005208333333	1.0541752794199123e-11	1.0541831681506015e-11	7.8887306891191940e-17	-6.8373797082179077e-20	-5.3823301026230147e-20	1.4550496055948930e-20
2.096354166667	-8.4695589074463686e-12	-8.4696354636359969e-12	-7.6556189628302646e-17	-9.5011354169562196e-20	-8.1531169988917083e-20	1.3480184180645113e-20
2.187500000000	6.4010228536964118e-12	6.4010978543257950e-12	7.5000629383145996e-17	-4.3227983469052366e-20	-2.6606016352788883e-20	1.6621967116263484e-20
2.278645833333	-4.3356823896355151e-12	-4.3357551412209449e-12	-7.2751585429767437e-17	-3.9761020002444520e-20	-2.4102303958238483e-20	1.5658716044206036e-20
2.369791666667	2.2730792589485411e-12	2.2731504350868679e-12	7.1176138326831946e-17	-5.2920466009054453e-20	-3.7208737838195518e-20	1.5711728170858935e-20
2.460937500000	-2.1276089545080345e-13	-2.1282997433402340e-13	-6.9078883219948910e-17	-7.5477866287812586e-20	-6.1421804563849098e-20	1.4056061723963488e-20
2.552083333333	-1.8457230781103963e-12	-1.8456556301014538e-12	6.7448008942500703e-17	-8.8034484452088212e-20	-7.3514492580753829e-20	1.4519991871334383e-20
2.643229166667	3.9028180482208127e-12	3.9027525444027353e-12	-6.5503818077336218e-17	-7.8318457420114851e-20	-6.6386878883105580e-20	1.1931578537009271e-20
2.734375000000	-5.9589651157623701e-12	-5.9589013150015864e-12	6.3800760783691335e-17	-5.7720284648581799e-20	-4.6523768113369322e-20	1.1196516535212478e-20
2.825520833333	8.0146072461372478e-12	8.0145452257451452e-12	-6.2020392102610233e-17	-6.4728695100593270e-20	-5.6368623497807433e-20	8.3600716027858374e-21
2.916666666667	-1.0070179677981710e-11	-1.0070119440773240e-11	6.0237208470166857e-17	-5.3152801279201865e-20	-4.7917927812665042e-20	5.2348734665368229e-21
3.007812500000	1.2126120084456062e-11	1.2126061491904201e-11	-5.8592551860485418e-17	-7.8768616260885838e-20	-7.6593490204436022e-20	2.1751260564498155e-21
3.098958333333	-1.4182863315591758e-11	-1.4182806533555308e-11	5.6782036450309470e-17	-8.2274080154675497e-20	-7.8757658447026415e-20	3.5164217076490815e-21
3.190104166667	1.6240843487140559e-11	1.6240788258942699e-11	-5.5228197859621020e-17	-9.0141938603974047e-20	-9.2030384556644709e-20	-1.8884459526706619e-21
3.281250000000	-1.8300494160545277e-11	-1.8300440718817283e-11	5.3441727993700335e-17	-7.2770397786386700e-20	-7.5355553392277560e-20	-2.5851556058908602e-21
3.372395833333	2.0362250125609797e-11	2.0362198240726887e-11	-5.1884882910062397e-17	-8.7542567455750561e-20	-9.2005285239743347e-20	-4.4627177839927860e-21
3.463541666667	-2.2426545117016010e-11	-2.2426494935845865e-11	5.0181170144444519e-17	-8.6779296487084897e-20	-9.1749405477626970e-20	-4.9701089905420737e-21
3.554687500000	2.4493815220273224e-11	2.4493766592031560e-11	-4.8628241664071792e-17	-9.2179129476226767e-20	-9.8878351882348283e-20	-6.6992224061215157e-21
3.645833333333	-2.6564496743212382e-11	-2.6564449753959783e-11	4.6989252598679534e-17	-1.0400135199225748e-19	-1.1104752247858184e-19	-7.0461704863243517e-21
3.736979166667	2.8639029351212053e-11	2.8638983926595504e-11	-4.5424616549652378e-17	-1.2024349758665009e-19	-1.2920965476025516e-19	-8.9661571736050721e-21
3.828125000000	-3.0717852339700788e-11	-3.0717808429938749e-11	4.3909762039346253e-17	-6.7657022783268432e-20	-7.7293457585982765e-20	-9.6364348027143330e-21
3.919270833333	3.2801411245746706e-11	3.2801368981505438e-11	-4.2264241268262767e-17	-8.4650222864584486e-20	-9.5767221209907897e-20	-1.1116998345323411e-20
4.010416666667	-3.4890151130458492e-11	-3.4890110261700475e-11	4.0868758016103608e-17	-7.8751068950779139e-20	-8.9865327842571788e-20	-1.1114258891792650e-20
4.101562500000	3.6984524014255274e-11	3.6984484799300220e-11	-3.9214955053900495e-17	-9.2538294038126436e-20	-1.0456049665760332e-19	-1.2022202619476884e-20
4.192708333333	-3.9084982033301376e-11	-3.9084944181267881e-11	3.7852033495135847e-17	-8.4326226962077835e-20	-9.8931845264250096e-20	-1.4605618302172261e-20
4.283854166667	4.1191987579133470e-11	4.1191951344897322e-11	-3.6234236147571170e-17	-1.1032830488325300e-19	-1.2863692388638915e-19	-1.8308619003136149e-20
4.375000000000	-4.3305999434453877e-11	-4.3305964529541842e-11	3.4904912035112572e-17	-1.8873501712885484e-20	-3.9884110310435910e-20	-2.1010608597550427e-20
4.466145833333	4.5427492265983899e-11	4.5427458949586074e-11	-3.3316397824735158e-17	-1.5307177528423498e-20	-3.9151158428186817e-20	-2.3843980899763319e-20
4.557291666667	-4.7556937063835755e-11	-4.7556905095330613e-11	3.1968505142498925e-17	-1.3065712274290244e-20	-3.9152824312027397e-20	-2.6087112037737153e-20
4.648437500000	4.9694817991977590e-11	4.9694787470702497e-11	-3.0521275093267930e-17	1.7384423651269437e-22	-3.1165355401023694e-20	-3.1339199637536389e-20
4.739583333333	-5.1841621636826887e-11	-5.1841592562193601e-11	2.9074633285774735e-17	-3.2036649683592514e-20	-6.5148349756627985e-20	-3.3111700073035471e-20
4.830729166667	5.3997846022225017e-11	5.3997818238467907e-11	-2.7783757109798970e-17	-1.1881824138819110e-20	-5.2331113316109535e-20	-4.0449289177290425e-20
4.921875000000	-5.6163992985168278e-11	-5.6163966731191471e-11	2.6253976807117096e-17	7.3218187369841697e-21	-3.5029835778164595e-20	-4.2351654515148765e-20
5.013020833333	5.8340576945114233e-11	5.8340551827777750e-11	-2.5117336482588724e-17	1.6965805546577654e-20	-2.9511169739817054e-20	-4.6476975286394708e-20
5.104166666667	-6.0528117991277389e-11	-6.0528094519100614e-11	2.3472176775842617e-17	6.8456721078979542e-21	-4.1848927783417388e-20	-4.8694599891315340e-20
5.195312500000	6.2727149008089983e-11	6.2727126476305196e-11	-2.2531784786686161e-17	7.5417524271712911e-21	-4.4249799613864249e-20	-5.1791552041035540e-20
5.286458333333	-6.4938210220394957e-11	-6.4938189482426021e-11	2.0737968936540547e-17	-2.8025775134046776e-20	-8.0102193316511825e-20	-5.2076418182465049e-20
5.377604166667	6.7161855451910038e-11	6.7161835483237088e-11	-1.9968672949838514e-17	-1.1513904431645918e-20	-6.7101617101458086e-20	-5.5587712669812172e-20
5.468750000000	-6.9398649574586695e-11	-6.9398631434001032e-11	1.8140585662746332e-17	5.3037299997295544e-21	-4.9736651897790630e-20	-5.5040381897520185e-20
5.559895833333	7.1649167785285178e-11	7.1649150378752115e-11	-1.7406533063135313e-17	1.4332922367860028e-20	-4.2124511249724976e-20	-5.6457433617585004e-20
5.651041666667	-7.3914001252922798e-11	-7.3913985587718597e-11	1.5665204201000449e-17	-2.3280333720318245e-21	-5.6610123442701683e-20	-5.4282090070669863e-20
5.742187500000	7.6193754287518836e-11	7.6193739400747478e-11	-1.4886771358197914e-17	2.3818400327411735e-20	-3.1460290884886028e-20	-5.5278691212297759e-20
5.833333333333	-7.8489043379581281e-11	-7.8489030154994377e-11	1.3224586904427577e-17	-3.2404141351089232e-20	-8.6583758161927194e-20	-5.4179616810837962e-20
5.924479166667	8.0800505263714468e-11	8.0800492808216328e-11	-1.2455498139393686e-17	9.2991783489444813e-21	-4.4897295702687171e-20	-5.4196474051631649e-20
6.015625000000	-8.3128787862923118e-11	-8.3128776898160457e-11	1.0964762661554784e-17	5.6531720614094797e-21	-4.4464789085102862e-20	-5.0117961146512338e-20
6.106770833333	8.5474560761182236e-11	8.5474550726159312e-11	-1.0035022923381027e-17	3.9883457839297856e-21	-4.5801972736189680e-20	-4.9790318520119466e-20
6.197916666667	-8.7838508537631760e-11	-8.7838499797993774e-11	8.7396379862190399e-18	6.1901598477035125e-21	-3.9082879386800411e-20	-4.5273039234503923e-20
6.289062500000	9.0221338689883775e-11	9.0221330937015882e-11	-7.7528678929719022e-18	2.6196299373464855e-20	-1.7879987608013722e-20	-4.4076286981478580e-20
6.380208333333	-9.2623774371453513e-11	-9.2623767799042057e-11	6.5724114559674270e-18	-2.2292482024478737e-20	-6.3134561068446249e-20	-4.0842079043967511e-20
6.471354166667	9.5046565254906341e-11	9.5046559687419603e-11	-5.5674867386780993e-18	1.3605503534707203e-20	-2.6944060271464192e-20	-4.0549563806171395e-20
6.562500000000	-9.7490480781375043e-11	-9.7490476272891066e-11	4.5084839773191693e-18	-2.6062166509744490e-20	-6.3111356914999370e-20	-3.7049190405254881e-20
6.653645833333	9.9956314793719374e-11	9.9956311288752757e-11	-3.5049666173692211e-18	-2.1671542329866796e-20	-5.8598071904139855e-20	-3.6926529574273058e-20
6.744791666667	-1.0244488738979334e-10	-1.0244488488658023e-10	2.5032131037532686e-18	-3.0046378213970524e-20	-6.4404516994719673e-20	-3.4358138780749149e-20
6.835937500000	1.0495704658827433e-10	1.0495704499304726e-10	-1.5952270653916168e-18	3.9569424880802056e-21	-2.9661302125950199e-20	-3.3618244614030407e-20
6.927083333333	-1.0749366434817144e-10	-1.0749366374706057e-10	6.0111087159727517e-19	-4.4899325767735945e-20	-7.4993862763418538e-20	-3.0094536995682593e-20
7.018229166667	1.1005565012148185e-10	1.1005565031033274e-10	1.8885089146559681e-19	-9.0468458466326442e-21	-3.8790693455532430e-20	-2.9743847608899785e-20
7.109375000000	-1.1264393721918658e-10	-1.1264393837729826e-10	-1.1581116778706095e-18	-2.2010110402478773e-20	-5.0434312455795206e-20	-2.8424202053316435e-20
7.200520833333	1.1525949975015865e-10	1.1525950157333394e-10	1.8231752947443860e-18	-1.3289762507044663e-20	-4.2031865088653365e-20	-2.8742102581608702e-20
7.291666666667	-1.1790334207921025e-10	-1.1790334485258436e-10	-2.7733741045987234e-18	-3.1154926826800487e-20	-5.8774150404417352e-20	-2.7619223577616866e-20
7.382812500000	1.2057651166142271e-10	1.2057651493654971e-10	3.2751270007717582e-18	2.7060534697433339e-20	1.2696390698637540e-21	-2.5790895627569584e-20
7.473958333333	-1.2328009143055598e-10	-1.2328009564267986e-10	-4.2121238788027785e-18	-2.2781222093389212e-20	-5.0205316262589503e-20	-2.7424094169200288e-20
7.565104166667	1.2601521023640451e-10	1.2601521480570898e-10	4.5693044739592679e-18	1.6085186986967190e-20	-1.1605950560004067e-20	-2.7691137546971260e-20
7.656250000000	-1.2878304438898607e-10	-1.2878304979616236e-10	-5.4071762925319669e-18	-3.2437915660209402e-20	-6.0076541363817419e-20	-2.7638625703608016e-20
7.747395833333	1.3158481237320630e-10	1.3158481802192869e-10	5.6487223888781305e-18	-2.9025790590619864e-20	-5.7935854645408425e-20	-2.8910064054788560e-20
7.838541666667	-1.3442179213359245e-10	-1.3442179851301993e-10	-6.3794274790230266e-18	-5.2593709634253518e-20	-8.1959972553463505e-20	-2.9366262919209987e-20
7.929687500000	1.3729531524395665e-10	1.3729532171710889e-10	6.4731522381535072e-18	-2.2195371428019682e-20	-5.0177829744357156e-20	-2.7982458316337471e-20
8.020833333333	-1.4020670586907310e-10	-1.4020671291942150e-10	-7.0503484005883823e-18	-3.7618402733052283e-20	-6.6143187808868279e-20	-2.8524785075815996e-20
8.111979166667	1.4315944310002898e-10	1.4315945010437241e-10	7.0043434325021444e-18	-2.0567339514466742e-20	-4.8822039107171051e-20	-2.8254699592704312e-20
8.203125000000	-1.4610506492069637e-10	-1.4610507229766270e-10	-7.3769663264722625e-18	-2.9210828451110524e-20	-5.7455258425562046e-20	-2.8244429974451523e-20
8.294270833333	1.5001032374628330e-10	1.5001033087927953e-10	7.1329962290398005e-18	-2.9241249497061325e-20	-5.7285913525821641e-20	-2.8044664028760317e-20
8.385416666667	-1.4025843499355763e-10	-1.4025844339188974e-10	-8.3983321114660883e-18	-4.5020536952995296e-20	-6.9778176311232170e-20	-2.4757639358236875e-20
8.476562500000	2.9133978142950433e-10	2.9133977270018109e-10	-8.7293232378509597e-18	-6.2421278880489902e-21	-2.9607394112270780e-20	-2.3365266224221791e-20
8.567708333333	1.0466803375518783e-09	1.0466801564841301e-09	-1.8106774828399167e-16	-4.2549046270936876e-20	-6.3469430995120668e-20	-2.0920384724183792e-20
8.658854166667	8.5553805578844913e-09	8.5553790706778200e-09	-1.4872066712688179e-15	5.7586679801827218e-21	-1.3115999616615101e-20	-1.8874667596797822e-20
8.750000000000	4.5927982042910272e-08	4.5927972218876355e-08	-9.8240339178014215e-15	-9.2959281401612193e-21	-2.5055337609310634e-20	-1.5759409469149417e-20
8.841145833333	2.0049763311895494e-07	2.0049758406404194e-07	-4.9054913006080334e-14	-1.9892948600878134e-20	-3.2445494604633000e-20	-1.2552546003754866e-20
8.932291666667	6.9147996180534602e-07	6.9147977906016643e-07	-1.8274517958961672e-13	-4.9341251752796173e-20	-5.6345865838985472e-20	-7.0046140861892991e-21
9.023437500000	1.9045356347384577e-06	1.9045351475651337e-06	-4.8717332408347634e-13	1.2861880449913973e-20	8.6573556659298363e-21	-4.2045247839841364e-21
9.114583333333	4.1992844014816401e-06	4.1992835622856848e-06	-8.3919595532784769e-13	-1.3040650403715736e-20	-1.3619203355601248e-20	-5.7855295188551201e-22
9.205729166667	7.4537166349726076e-06	7.4537160377864616e-06	-5.9718614602022324e-13	-2.3043528063431876e-20	-2.1953010041690955e-20	1.0905180217409212e-21
9.296875000000	1.0705697107647864e-05	1.0705698062992689e-05	9.5534482560076517e-13	-4.2428385340563480e-21	7.5465280357318735e-22	4.9974913376295356e-21
9.388020833333	1.2498874129921197e-05	1.2498876714887511e-05	2.5849663138770339e-12	8.5758488147775643e-21	1.7589865526583998e-20	9.0140167118064341e-21
9.479166666667	1.1807750670844259e-05	1.1807750605752199e-05	-6.5092059482263834e-14	6.0635646012885449e-21	1.6122316820262704e-20	1.0058752218974159e-20
9.570312500000	8.6285573775162333e-06	8.6285475357544504e-06	-9.8417617829096643e-12	-1.7883528651846514e-20	-7.2386590734331032e-21	1.0644869578413410e-20
9.661458333333	3.7193872878473299e-06	3.7193668771262375e-06	-2.0410721092410531e-11	3.2571924625839259e-20	4.4369169446247944e-20	1.1797244820408685e-20
9.752604166667	-1.8180408706585838e-06	-1.8180597909587039e-06	-1.8920300120101109e-11	-2.8887327700462028e-20	-1.4766320214441256e-20	1.4121007486020772e-20
9.843750000000	-6.6369285236878824e-06	-6.6369302052989020e-06	-1.6816110195611868e-12	-1.1951537519578223e-20	3.0180189261849451e-21	1.4969556445763168e-20
9.934895833333	-9.4966093506514904e-06	-9.4965914995623685e-06	1.7851089121904344e-11	-4.3928055619461770e-20	-2.7423420991542329e-20	1.6504634627919442e-20
10.026041666667	-1.0077279412291808e-05	-1.0077256096087872e-05	2.3316203936186411e-11	-3.4977263260100566e-20	-1.7634382007686693e-20	1.7342881252413873e-20
10.117187500000	-9.1554963629377612e-06	-9.1554827193808975e-06	1.3643556863644313e-11	-6.9615906702478810e-20	-4.8420032730357248e-20	2.1195873972121562e-20
10.208333333333	-7.7428277033214329e-06	-7.7428265931594489e-06	1.1101619840428456e-12	-3.2624336492880026e-20	-9.8450775023731188e-21	2.2779258990506909e-20
10.299479166667	-6.2793637161503954e-06	-6.2793682345782772e-06	-4.5184278817415532e-12	-5.7727466459492252e-20	-3.1059960481890483e-20	2.6667505977601770e-20
10.390625000000	-4.7443332078009166e-06	-4.7443367105950271e-06	-3.5027941105384569e-12	-2.1580303860924344e-20	7.7502100285834298e-21	2.9330513889507774e-20
10.481770833333	-3.1522462165698630e-06	-3.1522469723090575e-06	-7.5573919452166208e-13	-7.1430731000011469e-20	-3.8862331185437228e-20	3.2568399814574241e-20
10.572916666667	-1.7045033321832418e-06	-1.7045026089251907e-06	7.2325805110417987e-13	-1.4724340292617361e-20	1.9929005731743637e-20	3.4653346024360998e-20
10.664062500000	-4.6195387917407837e-07	-4.6195304987620638e-07	8.2929787198985229e-13	-7.0074923649392124e-20	-3.1137368552349836e-20	3.8937555097042288e-20
10.755208333333	1.2369604808196928e-06	1.2369608891197208e-06	4.0830002796147320e-13	-2.9666652234459944e-20	9.3905503439035002e-21	3.9057202578363443e-20
10.846354166667	5.6597947298249129e-06	5.6597948959094146e-06	1.6608450166777323e-13	1.9972836987338356e-21	4.6250267002192604e-20	4.4252983303458765e-20
10.937500000000	1.7532551769623990e-05	1.7532553476321575e-05	1.7066975850426550e-12	-4.0730490374575898e-20	5.8627265865725179e-21	4.6593216961148415e-20
11.028645833333	4.2997669477304027e-05	4.2997679890306477e-05	1.0413002450864080e-11	-5.3747780957838850e-20	-4.6200512604204461e-21	4.9127729697418407e-20
11.119791666667	8.4162566890275849e-05	8.4162601648797147e-05	3.4758521297198301e-11	-2.4402163054588488e-20	2.8029495608238648e-20	5.2431658662827136e-20
11.210937500000	1.3194158936654889e-04	1.3194165982136500e-04	7.0454816107753601e-11	-9.0659621271396458e-21	4.9012820730109672e-20	5.8078782857249311e-20
11.302083333333	1.6712164313226918e-04	1.6712172762439555e-04	8.4492126375913454e-11	2.5291819079322621e-20	8.5219214754940979e-20	5.9927395675618358e-20
11.393229166667	1.7347661332756540e-04	1.7347666906704617e-04	5.5739480766441377e-11	6.8030847123503616e-20	1.3193207919731611e-19	6.3901232073812490e-20
11.484375000000	1.4960579700537503e-04	1.4960583788375733e-04	4.0878382303504227e-11	-1.0974991000479757e-20	5.6540542713209141e-20	6.7515533713688901e-20
11.575520833333	1.0747104574943716e-04	1.0747115844268020e-04	1.1269324304296908e-10	1.6499506142247363e-20	8.8604290774555826e-20	7.2104784632308466e-20
11.666666666667	6.3049801114237325e-05	6.3050016360703876e-05	2.1524646655172747e-10	-6.0451205495809625e-20	1.4641416295676445e-20	7.5092621791486070e-20
11.757812500000	2.7944330333512618e-05	2.7944535595000238e-05	2.0526148761986223e-10	-1.0599484238500138e-20	6.8165302461838243e-20	7.8764786700338382e-20
11.848958333333	5.1479285717046491e-06	5.1479975133521576e-06	6.8941647508509744e-11	-6.3813950377308959e-20	1.9337876096166252e-20	8.3151826473475208e-20
11.940104166667	-8.7233271494339478e-06	-8.7233607812523253e-06	-3.3631818377528508e-11	-2.3695246975049075e-20	6.3474173489680522e-20	8.7169420464729597e-20
12.031250000000	-1.7569611036137596e-05	-1.7569604877534590e-05	6.1586030058232571e-12	-6.4091020696460168e-20	2.5866956229908835e-20	8.9957976926368997e-20
12.122395833333	-2.2895034636609092e-05	-2.2894941395829886e-05	9.3240779206198339e-11	-5.0221841045131494e-20	4.1764078765590097e-20	9.1985919810721585e-20
12.213541666667	-2.4812384691041845e-05	-2.4812307337749148e-05	7.7353292696170309e-11	-8.8979275085728722e-20	5.3183897778746350e-21	9.4297664863603354e-20
12.304687500000	-2.3511929624219718e-05	-2.3511963290109581e-05	-3.3665889862785668e-11	-9.0163474132703320e-21	8.9045564901639727e-20	9.8061912314910064e-20
12.395833333333	-1.9561192745599241e-05	-1.9561292789306473e-05	-1.0004370723233451e-10	-5.2553236867958083e-20	4.6401899453778847e-20	9.8955136321736924e-20
12.486979166667	-1.3563346552337380e-05	-1.3563393656870429e-05	-4.7104533049460977e-11	-7.1811165013574392e-20	2.8316175712075640e-20	1.0012734072565004e-19
12.578125000000	-6.2827054205156548e-06	-6.2826519142938974e-06	5.3506221757371132e-11	-6.6750201138577581e-20	3.3914433979709486e-20	1.0066463511828707e-19
12.669270833333	1.0702117355430551e-06	1.0703089238536307e-06	9.7188310575612935e-11	-4.4498052561765442e-20	5.7504238020942009e-20	1.0200229058270745e-19
12.760416666667	6.9497768346376824e-06	6.9498439331304439e-06	6.7098492761504425e-11	-7.7585920304964443e-20	2.2845265011234781e-20	1.0043118531619923e-19
12.851562500000	9.7806912593229245e-06	9.7807125564194063e-06	2.1297096481780230e-11	-2.3438252089467956e-20	7.7877183293582668e-20	1.0131543538305062e-19
12.942708333333	8.5002674134395296e-06	8.5002751386969582e-06	7.7252574285236863e-12	-5.7940885966303277e-20	4.1424682691988284e-20	9.9365568658291561e-20
13.033854166667	3.1633828199837526e-06	3.1634066626360085e-06	2.3842652255904554e-11	-6.6993544979864646e-20	3.0530246431424265e-20	9.7523791411288917e-20
13.125000000000	-5.2605480290896732e-06	-5.2605046787643245e-06	4.3350325348658655e-11	-9.8330051563114638e-20	-2.4980854090622122e-21	9.5831966154052421e-20
13.216145833333	-1.5615698436553122e-05	-1.5615646268938601e-05	5.2167614520738648e-11	-5.1366955689740023e-20	4.3048216090010181e-20	9.4415171779750210e-20
13.307291666667	-2.6943603802967860e-05	-2.6943552593191423e-05	5.1209776436716981e-11	-1.0431900061792191e-19	-1.3683051816155918e-20	9.0635948801765997e-20
13.398437500000	-3.8366162517145437e-05	-3.8366121667296665e-05	4.0849848772172258e-11	-5.6103556551907323e-20	3.3148867793246945e-20	8.9252424345154268e-20
13.489583333333	-4.9102859557432560e-05	-4.9102841239235205e-05	1.8318197355033164e-11	-3.8197741731330281e-20	4.5481887322868647e-20	8.3679629054198922e-20
13.580729166667	-5.8711705905485880e-05	-5.8711716050891331e-05	-1.0145405450804040e-11	-7.4115945355997196e-20	5.1599457121525233e-21	7.9275891068149722e-20
13.671875000000	-6.7198000139535277e-05	-6.7198026417374489e-05	-2.6277839211791103e-11	-6.4502628185552375e-20	1.1046957183546138e-20	7.5549585369098516e-20
13.763020833333	-7.4770357702140319e-05	-7.4770375288077474e-05	-1.7585937155291387e-11	-7.1204271380530740e-21	3.7500600691971462e-20	4.4621027830024533e-20
13.854166666667	-8.1655034046048658e-05	-8.1655029202220859e-05	4.8438277992562603e-12	-7.0249614505867733e-20	-1.2331538743927849e-20	5.7918075761939888e-20
13.945312500000	-8.8106427636265984e-05	-8.8106411543815776e-05	1.6092450207680700e-11	-2.2929622335161392e-20	3.1120191438518142e-20	5.4049813773679531e-20
14.036458333333	-9.4492820458554207e-05	-9.4492813121703381e-05	7.3368508263140647e-12	-2.7317742444495390e-20	1.9493876865351075e-20	4.6811619309846462e-20
14.127604166667	-1.0139970876811857e-04	-1.0139971169631374e-04	-2.9281951619301513e-12	-2.8569419036953847e-20	1.1910107145010637e-20	4.0479526181964485e-20
14.218750000000	-1.1031473456292514e-04	-1.1031472836913561e-04	6.1937895269462487e-12	-7.5122982885969956e-21	2.6256921133396284e-20	3.3769219421993281e-20
14.309895833333	-1.2488754865999513e-04	-1.2488751830044684e-04	3.0359548290051150e-11	5.1681666121077144e-20	7.9719576812136839e-20	2.8037910691059695e-20
14.401041666667	-1.5115824846539068e-04	-1.5115820093621017e-04	4.7529180515360619e-11	-2.3366602705151526e-20	1.7103074378900509e-22	2.3537633448940532e-20
14.492187500000	-1.9358688362518551e-04	-1.9358683650393441e-04	4.7121251101371261e-11	4.1499102784517848e-20	6.1980801150755876e-20	2.0481698366238028e-20
14.583333333333	-2.4692346796197589e-04	-2.4692343032818896e-04	3.7633786928795154e-11	1.8327447410189924e-20	3.3186405709712799e-20	1.4858958299522874e-20
14.674479166667	-2.9237200114473003e-04	-2.9237197425449650e-04	2.6890233529447416e-11	3.0236491347990758e-20	4.5858451116260612e-20	1.5621959768269855e-20
14.765625000000	-3.0975223424409271e-04	-3.0975222405610152e-04	1.0187991184192058e-11	-1.1002028949428095e-20	1.1777243651420592e-21	1.2179753314570154e-20
14.856770833333	-3.0045160327668872e-04	-3.0045162296579958e-04	-1.9689110856025566e-11	-5.7889665688764005e-21	3.5355978820177897e-21	9.3245644508941909e-21
14.947916666667	-2.9298306478189087e-04	-2.9298313031337329e-04	-6.5531482421488790e-11	-2.4050478091633096e-20	-2.0156630252380031e-20	3.8938478392530644e-21
15.039062500000	-3.1383376196096672e-04	-3.1383388660353778e-04	-1.2464257105821233e-10	4.9075310255621294e-21	5.5320671486390194e-21	6.2453612307688997e-22
15.130208333333	-3.5645145593158283e-04	-3.5645162457992725e-04	-1.6864834442159582e-10	-7.3107327387930600e-21	-9.6126959576415454e-21	-2.3019632188484855e-21
15.221354166667	-3.9436317690502644e-04	-3.9436331549593515e-04	-1.3859090871454205e-10	2.7247985261399229e-20	1.9690229043877607e-20	-7.5577562175216218e-21
15.312500000000	-4.1929528331658534e-04	-4.1929529991457633e-04	-1.6597990993780232e-11	4.0392562432315552e-20	2.8802632311238576e-20	-1.1589930121076976e-20
15.403645833333	-4.5082122046434070e-04	-4.5082111564426897e-04	1.0482007173047772e-10	8.2158378100045340e-20	6.5832842928346387e-20	-1.6325535171698953e-20
15.494791666667	-5.1818414612152719e-04	-5.1818404690071301e-04	9.9220814181975869e-11	2.9669717792359520e-20	9.8713984674205682e-21	-1.9798319324938952e-20
15.585937500000	-6.4202581418220837e-04	-6.4202585616230062e-04	-4.1980092253986190e-11	4.8647614585703843e-20	2.8022165719127146e-20	-2.0625448866576697e-20
15.677083333333	-8.1583084454870736e-04	-8.1583104419280202e-04	-1.9964409465889066e-10	2.2644502090146236e-20	-2.1849941047184049e-21	-2.4829496194864640e-20
15.768229166667	-9.9026440519300505e-04	-9.9026467540096132e-04	-2.7020795627039074e-10	2.0504205179969223e-20	-7.1570072930181909e-21	-2.7661212472987413e-20
15.859375000000	-1.0992884167681178e-03	-1.0992886747451631e-03	-2.5797704532488919e-10	2.3412162882498714e-20	-5.9174693814344411e-21	-2.9329632263933155e-20
15.950520833333	-1.1402191082567671e-03	-1.1402193351395834e-03	-2.2688281635374619e-10	1.9405429322672536e-20	-1.0950483997746758e-20	-3.0355913320419293e-20
16.041666666667	-1.2090738496278667e-03	-1.2090740742890140e-03	-2.2466114732444531e-10	1.8127676494444557e-20	-1.3906567156617404e-20	-3.2034243651061958e-20
16.132812500000	-1.3941140195447151e-03	-1.3941142742098574e-03	-2.5466514227273640e-10	6.1616102813323644e-20	3.0001013636296163e-20	-3.1615089177027481e-20
16.223958333333	-1.6722620187689797e-03	-1.6722622904933883e-03	-2.7172440859868363e-10	1.4398680361659283e-20	-1.8317850776174689e-20	-3.2716531137833969e-20
16.315104166667	-1.9827165898054044e-03	-1.9827168076206460e-03	-2.1781524153774434e-10	2.5458584534717351e-20	-4.1529744434440936e-21	-2.9611558978161444e-20
16.406250000000	-2.3148900663377001e-03	-2.3148901739201895e-03	-1.0758248935802128e-10	4.9932243604764197e-20	1.8488377127302272e-20	-3.1443866477461924e-20
16.497395833333	-2.6491775449024673e-03	-2.6491775949625583e-03	-5.0060091055098566e-11	5.5438948581450605e-20	2.7178858285475333e-20	-2.8260090295975271e-20
16.588541666667	-2.9208622445354221e-03	-2.9208623639392999e-03	-1.1940387784417639e-10	4.6997901497391777e-20	2.0188899232613948e-20	-2.6809002264777829e-20
16.679687500000	-3.1092657523964871e-03	-3.1092660004013090e-03	-2.4800482197398499e-10	8.3246663467655964e-20	5.8441297696341764e-20	-2.4805365771314200e-20
16.770833333333	-3.2773408105429909e-03	-3.2773411409963561e-03	-3.3045336519238466e-10	1.1820629849304513e-20	-1.2130567208159411e-20	-2.3951197057463922e-20
16.861979166667	-3.4661286932178982e-03	-3.4661290652173099e-03	-3.7199941174334561e-10	1.5634204950628626e-21	-1.8765274790857746e-20	-2.0328695285920607e-20
16.953125000000	-3.6075850964872205e-03	-3.6075855405479818e-03	-4.4406076125241833e-10	3.0344762156675295e-20	1.0007668346192774e-20	-2.0337093810482522e-20
17.044270833333	-3.5957743489258192e-03	-3.5957748871361691e-03	-5.3821034998527417e-10	3.7098422021963060e-20	1.8010330927845896e-20	-1.9088091094117164e-20
17.135416666667	-3.4002274179995413e-03	-3.4002279697999244e-03	-5.5180038316393620e-10	3.0836426979822500e-20	1.3092049290862524e-20	-1.7744377688959977e-20
17.226562500000	-3.0682347505649990e-03	-3.0682351628155743e-03	-4.1225057525670628e-10	9.1983404435742061e-21	-6.9092093812589148e-21	-1.6107549824833119e-20
17.317708333333	-2.6629390982300326e-03	-2.6629392560449830e-03	-1.5781495034394855e-10	-4.3567149564983489e-19	-4.5180259372640756e-19	-1.6131098076572675e-20
17.408854166667	-2.2225194801919644e-03	-2.2225193777263633e-03	1.0246560110810377e-10	-3.2053402264709322e-18	-3.2203248250742499e-18	-1.4984598603317727e-20
17.500000000000	-1.7513127110828643e-03	-1.7513124405975394e-03	2.7048532489325205e-10	-2.4256357404572629e-17	-2.4269997840499331e-17	-1.3640435926702694e-20
17.591145833333	-1.2587720923619248e-03	-1.2587717793734686e-03	3.1298845611614501e-10	-1.8555443889469348e-16	-1.8556647242954569e-16	-1.2033534852217830e-20
17.682291666667	-8.1189080753098545e-04	-8.1189053148926103e-04	2.7604172441776653e-10	-1.4234892681681073e-15	-1.4235003196338158e-15	-1.1051465708474978e-20
17.773437500000	-5.0234193530516731e-04	-5.0234168904353838e-04	2.4626162892747716e-10	-1.0827201074628646e-14	-1.0827211687904700e-14	-1.0613276053809889e-20
17.864583333333	-3.3555106575513540e-04	-3.3555079400683364e-04	2.7174830175826989e-10	-8.0268744284274074e-14	-8.0268753518251410e-14	-9.2339773356258695e-21
17.955729166667	-2.1766162911040804e-04	-2.1766131383289404e-04	3.1527751400252726e-10	-5.7268713198679782e-13	-5.7268713668776076e-13	-4.7009629427281477e-21
18.046875000000	-8.1942710834363846e-05	-8.1942411502014696e-05	2.9933234914987419e-10	-3.8636869955968247e-12	-3.8636869824951990e-12	1.3101625672728608e-20
18.138020833333	4.2972636628417499e-05	4.2972836375912939e-05	1.9974749544020894e-10	-2.4383564683373201e-11	-2.4383564549295848e-11	1.3407735329072507e-19
18.229166666667	9.8850222120584245e-05	9.8850294595984452e-05	7.2475400206555192e-11	-1.4159408789606484e-10	-1.4159408694928089e-10	9.4678394979177706e-19
18.320312500000	7.1534236690883184e-05	7.1534215953832816e-05	-2.0737050368969251e-11	-7.5046866431616384e-10	-7.5046865851191492e-10	5.8042489134997449e-18
18.411458333333	-9.7014759458855925e-07	-9.7023142203590477e-07	-8.3827447345519225e-11	-3.5766706614190245e-09	-3.5766706300213693e-09	3.1397655161422345e-17
18.502604166667	-5.8486306444479732e-05	-5.8486456281360069e-05	-1.4983688033674619e-10	-1.5249357207313975e-08	-1.5249357073571837e-08	1.3374213816654219e-16
18.593750000000	-6.0905824835102686e-05	-6.0906015620688488e-05	-1.9078558580242020e-10	-5.7443573096173134e-08	-5.7443572627884994e-08	4.6828814044228503e-16
18.684895833333	-2.2763121927002618e-05	-2.2763250785280677e-05	-1.2885827805855137e-10	-1.9100477476996146e-07	-1.9100477346645300e-07	1.3035084522409606e-15
18.776041666667	5.5370262762319986e-06	5.5370747636863346e-06	4.8487454336000244e-11	-5.5659947819866830e-07	-5.5659947497481432e-07	3.2238539840619661e-15
18.867187500000	-3.2623909192101481e-06	-3.2621481354107770e-06	2.4278379937113577e-10	-1.4312576030375077e-06	-1.4312575965701365e-06	6.4673712027197303e-15
18.958333333333	-3.7508439172486735e-05	-3.7508107066858235e-05	3.3210562849983949e-10	-3.2585459254951753e-06	-3.2585459163796316e-06	9.1155436911032842e-15
19.049479166667	-7.1165442788693448e-05	-7.1165172022962011e-05	2.7076573143704815e-10	-6.6980215314449502e-06	-6.6980215297250565e-06	1.7198936231362788e-15
19.140625000000	-7.7631515670891610e-05	-7.7631419648312223e-05	9.6022579387029967e-11	-1.2612639066846949e-05	-1.2612639100474696e-05	-3.3627746718950177e-14
19.231770833333	-4.8807425850595471e-05	-4.8807556441405216e-05	-1.3059080974529760e-10	-2.2185953045007653e-05	-2.2185953161989371e-05	-1.1698171795940411e-13
19.322916666667	-6.9875758001811762e-06	-6.9879194264242081e-06	-3.4362624303184419e-10	-3.6452325754006753e-05	-3.6452326023307346e-05	-2.6930059338113946e-13
19.414062500000	2.5914698884190645e-05	2.5914239304460789e-05	-4.5957972985636837e-10	-5.5877307070264012e-05	-5.5877307562943864e-05	-4.9267985118050042e-13
19.505208333333	5.2993903307893633e-05	5.2993464576247696e-05	-4.3873164593633907e-10	-7.9576877878438697e-05	-7.9576878653978526e-05	-7.7553982929644966e-13
19.596354166667	8.4075468586582456e-05	8.4075099396028406e-05	-3.6919055405046711e-10	-1.0668630950623446e-04	-1.0668631057978010e-04	-1.0735456441998345e-12
19.687500000000	1.1930732201711468e-04	1.1930692389495379e-04	-3.9812216088945529e-10	-1.3674320051541025e-04	-1.3674320187930907e-04	-1.3638988213566378e-12
19.778645833333	1.5658857564722410e-04	1.5658802202096631e-04	-5.5362625779337843e-10	-1.7116116715805226e-04	-1.7116116873680949e-04	-1.5787572258622179e-12
19.869791666667	1.9842357162543216e-04	1.9842286750849003e-04	-7.0411694213351993e-10	-2.1172538138291753e-04	-2.1172538302903886e-04	-1.6461213360290106e-12
19.960937500000	2.4894451970889920e-04	2.4894379075696143e-04	-7.2895193776578021e-10	-2.6141768408347943e-04	-2.6141768543799961e-04	-1.3545201744090407e-12
20.052083333333	3.1155967562967232e-04	3.1155901637780085e-04	-6.5925187146343225e-10	-3.2361273386822875e-04	-3.2361273434707748e-04	-4.7884873149994789e-13
20.143229166667	3.8918568534824713e-04	3.8918509455565167e-04	-5.9079259545494547e-10	-4.0144372250162935e-04	-4.0144372126276590e-04	1.2388634497602358e-12
20.234375000000	4.8226047632028528e-04	4.8225995661554629e-04	-5.1970473898769326e-10	-4.9604510644874606e-04	-4.9604510252051852e-04	3.9282275349217244e-12
20.325520833333	5.8625264931449280e-04	5.8625229289585308e-04	-3.5641863971921234e-10	-6.0225168740770806e-04	-6.0225167972000743e-04	7.6877006279993387e-12
20.416666666667	6.9336382327007300e-04	6.9336374029844311e-04	-8.2971629892202026e-11	-7.1198327707794069e-04	-7.1198326442421312e-04	1.2653727566626360e-11
20.507812500000	7.9664693955984944e-04	7.9664713159207159e-04	1.9203222215505300e-10	-8.1630814672023228e-04	-8.1630812798454361e-04	1.8735688673242323e-11
20.598958333333	8.9132764710649027e-04	8.9132799885131202e-04	3.5174482174594318e-10	-9.1256064165952649e-04	-9.1256061614696155e-04	2.5512564933924398e-11
20.690104166667	9.7295246649719126e-04	9.7295285180375082e-04	3.8530655955323206e-10	-9.9527051143483624e-04	-9.9527047915826615e-04	3.2276570088515810e-11
20.781250000000	1.0366550211570824e-03	1.0366553897096168e-03	3.6855253441117619e-10	-1.0610371680556715e-03	-1.0610371292390744e-03	3.8816597072027781e-11
20.872395833333	1.0793290424349733e-03	1.0793294295073446e-03	3.8707237133388250e-10	-1.1032198342369977e-03	-1.1032197887931121e-03	4.5443885633711378e-11
20.963541666667	1.1020237270177038e-03	1.1020242305024798e-03	5.0348477600645203e-10	-1.1255924327979281e-03	-1.1255923802273038e-03	5.2570624286055190e-11
21.054687500000	1.1097727886981109e-03	1.1097735318241627e-03	7.4312605179670255e-10	-1.1317128617035616e-03	-1.1317128018277836e-03	5.9875777946860609e-11
21.145833333333	1.1091037557860518e-03	1.1091048133213997e-03	1.0575353479209959e-09	-1.1310360620723468e-03	-1.1310359957614564e-03	6.6310890372428544e-11
21.236979166667	1.1051530580190789e-03	1.1051543878077190e-03	1.3297886400972375e-09	-1.1261414699325076e-03	-1.1261413988352374e-03	7.1097270215245145e-11
21.328125000000	1.1002375212162802e-03	1.1002389952473953e-03	1.4740311150493457e-09	-1.1211391272120718e-03	-1.1211390530524350e-03	7.4159636764825621e-11
21.419270833333	1.0945474657943406e-03	1.0945489954036702e-03	1.5296093296059826e-09	-1.1142926859341645e-03	-1.1142926098401769e-03	7.6093987664768714e-11
21.510416666667	1.0878587185485971e-03	1.0878603338282421e-03	1.6152796450657342e-09	-1.1077728910267337e-03	-1.1077728141410895e-03	7.6885644118701579e-11
21.601562500000	1.0803427952295924e-03	1.0803445798939907e-03	1.7846643982511595e-09	-1.0992681586375055e-03	-1.0992680825068180e-03	7.6130687474626479e-11
21.692708333333	1.0721738910895199e-03	1.0721758452942121e-03	1.9542046921644518e-09	-1.0910770114327382e-03	-1.0910769380701212e-03	7.3362616979585904e-11
21.783854166667	1.0632705204962250e-03	1.0632724848403951e-03	1.9643441701803349e-09	-1.0810999639679240e-03	-1.0810998952697070e-03	6.8698217036908260e-11
21.875000000000	1.0537370904191144e-03	1.0537387639450379e-03	1.6735259235258620e-09	-1.0718521156509763e-03	-1.0718520538198276e-03	6.1831148708002548e-11
21.966145833333	1.0439013535918449e-03	1.0439023696575441e-03	1.0160656992424383e-09	-1.0609646444346521e-03	-1.0609645923376145e-03	5.2097037621379183e-11
22.057291666667	1.0334931658302737e-03	1.0334932292325491e-03	6.3402275400289976e-11	-1.0507005171600376e-03	-1.0507004776295075e-03	3.9530530107981243e-11
22.148437500000	1.0211936815788273e-03	1.0211927550415581e-03	-9.2653726921701485e-10	-1.0374088720247877e-03	-1.0374088456620348e-03	2.6362752909500631e-11
22.239583333333	1.0054753555316972e-03	1.0054737543888034e-03	-1.6011428938342981e-09	-1.0221600917880078e-03	-1.0221600762988850e-03	1.5489122788189813e-11
22.330729166667	9.8577891249421418e-04	9.8577715143898870e-04	-1.7610552254746642e-09	-1.0012676476330096e-03	-1.0012676391335370e-03	8.4994726100989793e-12
22.421875000000	9.6280713425964245e-04	9.6280560822821373e-04	-1.5260314287180929e-09	-9.7805682286517329e-04	-9.7805681844785760e-04	4.4173156885790599e-12
22.513020833333	9.3799413265885541e-04	9.3799292407660345e-04	-1.2085822519635955e-09	-9.5201363547928641e-04	-9.5201363467763763e-04	8.0164878641514337e-13
22.604166666667	9.1284184432451640e-04	9.1284080324764586e-04	-1.0410768705448881e-09	-9.2708919318270006e-04	-9.2708919652184077e-04	-3.3391407043906196e-12
22.695312500000	8.8833875964781418e-04	8.8833768821226333e-04	-1.0714355508497850e-09	-9.0153284903866568e-04	-9.0153285547167378e-04	-6.4330080975713577e-12
22.786458333333	8.6467380740232278e-04	8.6467256516667304e-04	-1.2422356497404294e-09	-8.7783978349846353e-04	-8.7783979116931078e-04	-7.6708472473291378e-12
22.877604166667	8.4158804862471406e-04	8.4158666306295563e-04	-1.3855617584258156e-09	-8.5369887056467250e-04	-8.5369887909365189e-04	-8.5289793890636068e-12
22.968750000000	8.1903382682806472e-04	8.1903270790625318e-04	-1.1189218115416344e-09	-8.3140069731083965e-04	-8.3140070669415343e-04	-9.3833137874282935e-12
23.059895833333	7.9723280870791274e-04	7.9723279157731730e-04	-1.7130595444773966e-11	-8.0864662818315718e-04	-8.0864663524131809e-04	-7.0581609133701928e-12
23.151041666667	7.7620578490679481e-04	7.7620761958614194e-04	1.8346793471393438e-09	-7.8767083865346154e-04	-7.8767083787740404e-04	7.7605749517623002e-13
23.242187500000	7.5571516061139789e-04	7.5571868725459596e-04	3.5266431980653448e-09	-7.6624815607538436e-04	-7.6624814685965180e-04	9.2157325607550300e-12
23.333333333333	7.3572325185448538e-04	7.3572713710089426e-04	3.8852464088849625e-09	-7.4655530703748656e-04	-7.4655529825829825e-04	8.7791883138232940e-12
23.424479166667	7.1643867409472038e-04	7.1644119141117896e-04	2.5173164585820529e-09	-7.2640961323143917e-04	-7.2640961726264282e-04	-4.0312036478015734e-12
23.515625000000	6.9787304164288446e-04	6.9787322530270185e-04	1.8365981738904802e-10	-7.0792616363236493e-04	-7.0792618563828285e-04	-2.2005917921230633e-11
23.606770833333	6.7978973955648992e-04	6.7978780101477919e-04	-1.9385417107274303e-09	-6.8900285901001012e-04	-6.8900289441467489e-04	-3.5404664768499960e-11
23.697916666667	6.6215333172235256e-04	6.6215013738083731e-04	-3.1943415152585475e-09	-6.7169173850268877e-04	-6.7169178074375283e-04	-4.2241064053712141e-11
23.789062500000	6.4516924647138217e-04	6.4516570276462986e-04	-3.5437067523024640e-09	-6.5393882245199872e-04	-6.5393886902028288e-04	-4.6568284168060914e-11
23.880208333333	6.2884762600304690e-04	6.2884461665166391e-04	-3.0093513829964821e-09	-6.3772984923783822e-04	-6.3772989847759903e-04	-4.9239760814730194e-11
23.971354166667	6.1295966811638226e-04	6.1295816826441806e-04	-1.4998519641973990e-09	-6.2109606410623640e-04	-6.2109611017346130e-04	-4.6067224904536297e-11
24.062500000000	5.9747852031550750e-04	5.9747921961140679e-04	6.9929589929015185e-10	-6.0595562039584736e-04	-6.0595565648275524e-04	-3.6086907875994279e-11
24.153645833333	5.8260770376520937e-04	5.8261027143291641e-04	2.5676677070348222e-09	-5.9039254245677440e-04	-5.9039256853201229e-04	-2.6075237889028324e-11
24.244791666667	5.6835087568373366e-04	5.6835368072794131e-04	2.8050442076521173e-09	-5.7625523961595448e-04	-5.7625526367509566e-04	-2.4059141181045907e-11
24.335937500000	5.5447975056788776e-04	5.5448053280650605e-04	7.8223861828090324e-10	-5.6171576965958244e-04	-5.6171580120055497e-04	-3.1540972524751743e-11
24.427083333333	5.4097377321022245e-04	5.4097098741441542e-04	-2.7857958070356612e-09	-5.4855247640557190e-04	-5.4855252073986453e-04	-4.4334292638968653e-11
24.518229166667	5.2803798652728909e-04	5.2803207741489351e-04	-5.9091123955773428e-09	-5.3499283247331422e-04	-5.3499288852542108e-04	-5.6052106857905348e-11
24.609375000000	5.1567121509689872e-04	5.1566490805178631e-04	-6.3070451124117369e-09	-5.2274283542826409e-04	-5.2274289293019157e-04	-5.7501927481704018e-11
24.700520833333	5.0364304445737996e-04	5.0363992734004314e-04	-3.1171173368177429e-09	-5.1012080587770515e-04	-5.1012084522061418e-04	-3.9342909030452844e-11
24.791666666667	4.9193726405811588e-04	4.9193912605668662e-04	1.8619985707370862e-09	-4.9876011286219095e-04	-4.9876011773072968e-04	-4.8685387318836426e-12
24.882812500000	4.8076320298795830e-04	4.8076832268604874e-04	5.1196980904396651e-09	-4.8703633761075835e-04	-4.8703631387030794e-04	2.3740450414994757e-11
24.973958333333	4.7012184338445347e-04	4.7012635051736970e-04	4.5071329162361257e-09	-4.7650940165837107e-04	-4.7650937692525746e-04	2.4733113614897745e-11
25.065104166667	4.5978568704494534e-04	4.5978713496542769e-04	1.4479204823504045e-09	-4.6564664035327269e-04	-4.6564663550670440e-04	4.8465682964300705e-12
25.156250000000	4.4974107254983151e-04	4.4974050991644735e-04	-5.6263338416408584e-10	-4.5593411831027452e-04	-4.5593412360864119e-04	-5.2983666716174826e-12
25.247395833333	4.4019583615783860e-04	4.4019608009348307e-04	2.4393564447035276e-10	-4.4589799718572853e-04	-4.4589798728419136e-04	9.9015371639657457e-12
25.338541666667	4.3114743798937816e-04	4.3114980696110945e-04	2.3689717312922083e-09	-4.3694942603264098e-04	-4.3694939618079152e-04	2.9851849453737395e-11
25.429687500000	4.2236758502035317e-04	4.2237106419080675e-04	3.4791704535798787e-09	-4.2770748526033185e-04	-4.2770745724502222e-04	2.8015309635944646e-11
25.520833333333	4.1384615211947966e-04	4.1384933110316267e-04	3.1789836830108630e-09	-4.1950853791503990e-04	-4.1950852747129925e-04	1.0443740653103689e-11
25.611979166667	4.0579566104600231e-04	4.0579807037542784e-04	2.4093294255294814e-09	-4.1103104584139623e-04	-4.1103104277189455e-04	3.0695016840776024e-12
25.703125000000	3.9821741770406386e-04	3.9821861006991775e-04	1.1923658538933075e-09	-4.0353606956618302e-04	-4.0353606273578230e-04	6.8304007198524697e-12
25.794270833333	3.9088445989493423e-04	3.9088335713180673e-04	-1.1027631275045517e-09	-3.9579540922365383e-04	-3.9579541380640201e-04	-4.5827481891767829e-12
25.885416666667	3.8378422169978963e-04	3.8378076038147942e-04	-3.4613183102051928e-09	-3.8899442677852168e-04	-3.8899446291403196e-04	-3.6135510274142024e-11
25.976562500000	3.7712465865774429e-04	3.7712111167384797e-04	-3.5469838963208579e-09	-3.8196568961464491e-04	-3.8196574217674113e-04	-5.2562096222816962e-11
26.067708333333	3.7090570962274011e-04	3.7090439775232063e-04	-1.3118704194790484e-09	-3.7581777947764581e-04	-3.7581781045576936e-04	-3.0978123549425113e-11
26.158854166667	3.6490522473460479e-04	3.6490506364967852e-04	-1.6108492626809925e-10	-3.6947720039977495e-04	-3.6947720595484958e-04	-5.5550746294596998e-12
26.250000000000	3.5911915129789958e-04	3.5911671243547366e-04	-2.4388624259236505e-09	-3.6397605724107642e-04	-3.6397607953866961e-04	-2.2297593188069093e-11
26.341145833333	3.5375797311888144e-04	3.5375278487594005e-04	-5.1882429413872139e-09	-3.5830012740645456e-04	-3.5830018991285913e-04	-6.2506404566176066e-11
26.432291666667	3.4881326804932819e-04	3.4880985765761810e-04	-3.4103917100829044e-09	-3.5340219078165203e-04	-3.5340225103863487e-04	-6.0256982834395317e-11
26.523437500000	3.4404948577942100e-04	3.4405212561705627e-04	2.6398376352715011e-09	-3.4835625287610474e-04	-3.4835625519138996e-04	-2.3152852248256584e-12
26.614583333333	3.3945027426835850e-04	3.3945702504465031e-04	6.7507762918162309e-09	-3.4402568534673539e-04	-3.4402564430286283e-04	4.1043872564972689e-11
26.705729166667	3.3520494787564519e-04	3.3520953856354673e-04	4.5906879015409144e-09	-3.3952140106178650e-04	-3.3952138683950294e-04	1.4222283561352717e-11
26.796875000000	3.3125277811567457e-04	3.3125207536209702e-04	-7.0275357755278378e-10	-3.3558579598640169e-04	-3.3558583579097322e-04	-3.9804571531215638e-11
26.888020833333	3.2725490427758307e-04	3.2725181897750292e-04	-3.0853000801433529e-09	-3.3135290090495576e-04	-3.3135294465930774e-04	-4.3754351975334310e-11
26.979166666667	3.2303447559689822e-04	3.2303315201301570e-04	-1.3235838825236164e-09	-3.2737544255550068e-04	-3.2737544575184367e-04	-3.1963429841276592e-12
27.070312500000	3.1855690328832993e-04	3.1855807290155690e-04	1.1696132269623481e-09	-3.2269298583662188e-04	-3.2269297608654142e-04	9.7500804630522298e-12
27.161458333333	3.1346089825785557e-04	3.1346331055140945e-04	2.4122935538754657e-09	-3.1757420360690406e-04	-3.1757422364488125e-04	-2.0037977191151440e-11
27.252604166667	3.0703056534009626e-04	3.0703373271214710e-04	3.1673720508364200e-09	-3.1093154156269760e-04	-3.1093157058252927e-04	-2.9019831676579955e-11
27.343750000000	2.9867881162057568e-04	2.9868146330891355e-04	2.6516883378738948e-09	-3.0273268075916904e-04	-3.0273267797855719e-04	2.7806118410404757e-12
27.434895833333	2.8800940524575621e-04	2.8800802025822351e-04	-1.3849875327002527e-09	-2.9182478103763744e-04	-2.9182477676378512e-04	4.2738523223923020e-12
27.526041666667	2.7445674053834578e-04	2.7445014066450514e-04	-6.5998738406369307e-09	-2.7808834047490414e-04	-2.7808839561678641e-04	-5.5141882271229903e-11
27.617187500000	2.5738323412407909e-04	2.5737728685535619e-04	-5.9472687229046757e-09	-2.6071182688078341e-04	-2.6071191307895945e-04	-8.6198176038349700e-11
27.708333333333	2.3667894839895522e-04	2.3668127726182692e-04	2.3288628716992311e-09	-2.3994196791927657e-04	-2.3994199323252698e-04	-2.5313250410705090e-11
27.799479166667	2.1286825213726043e-04	2.1287790628436330e-04	9.6541471028652615e-09	-2.1575629655483876e-04	-2.1575625669543975e-04	3.9859399011661981e-11
27.890625000000	1.8667679247578658e-04	1.8668460394923424e-04	7.8114734476566593e-09	-1.8911954031597582e-04	-1.8911952828886048e-04	1.2027115333388197e-11
27.981770833333	1.5894104934154437e-04	1.5894147275804561e-04	4.2341650124217908e-10	-1.6093551385701850e-04	-1.6093556451392938e-04	-5.0656910876309760e-11
28.072916666667	1.3095319438716257e-04	1.3094974755018793e-04	-3.4468369746409010e-09	-1.3268543553211768e-04	-1.3268548375859745e-04	-4.8226479775793918e-11
28.164062500000	1.0429399853301707e-04	1.0429076570047903e-04	-3.2328325380326936e-09	-1.0563620031502875e-04	-1.0563620898525441e-04	-8.6702256566753219e-12
28.255208333333	8.0173423871130964e-05	8.0168757897975955e-05	-4.6659731550089930e-09	-8.1074915193096644e-05	-8.1074922501159842e-05	-7.3080631986504468e-12
28.346354166667	5.9228865345145688e-05	5.9222482376892373e-05	-6.3829682533142040e-09	-5.9841676393699980e-05	-5.9841704307164529e-05	-2.7913464549218607e-11
28.437500000000	4.1908765188650397e-05	4.1907209426573567e-05	-1.5557620768304951e-09	-4.2419632465643078e-05	-4.2419653723972119e-05	-2.1258329040781294e-11
28.528645833333	2.8475717908155850e-05	2.8482606649383319e-05	6.8887412274685968e-09	-2.8830161684090226e-05	-2.8830162022237224e-05	-3.3814699765310000e-13
28.619791666667	1.8630785935349878e-05	1.8637989032278193e-05	7.2030969283149891e-09	-1.8764225634970582e-05	-1.8764222491722086e-05	3.1432484958219490e-12
28.710937500000	1.1630964573967769e-05	1.1628978325415491e-05	-1.9862485522784270e-09	-1.1684273953231926e-05	-1.1684278183159005e-05	-4.2299270792430345e-12
28.802083333333	6.8592492409170328e-06	6.8510864449280973e-06	-8.1627959889355456e-09	-6.9532152960585641e-06	-6.9532206175435846e-06	-5.3214850205207339e-12
28.893229166667	3.8747904713460794e-06	3.8703458217743898e-06	-4.4446495716896230e-09	-3.9525523923837239e-06	-3.9525539338596789e-06	-1.5414759549912168e-12
28.984375000000	2.1356338185241652e-06	2.1375120762426868e-06	1.8782577185216821e-09	-2.1438283116962886e-06	-2.1438279730504792e-06	3.3864580942650742e-13
29.075520833333	1.0745862771945304e-06	1.0778335859656487e-06	3.2473087711183686e-09	-1.1095654993954556e-06	-1.1095653969728650e-06	1.0242259061310369e-13
29.166666666667	4.1746371268754188e-07	4.1858016621261951e-07	1.1164535250776269e-09	-5.4732308035492810e-07	-5.4732330582698397e-07	-2.2547205587758094e-13
29.257812500000	7.9400114846985010e-08	7.9013244637117886e-08	-3.8687020986712360e-10	-2.5741817366878537e-07	-2.5741835673950662e-07	-1.8307072124454263e-13
29.348958333333	-3.0704798772332408e-08	-3.1159938753856189e-08	-4.5513998152378090e-10	-1.1527913879120076e-07	-1.1527920351497576e-07	-6.4723774996337372e-14
29.440104166667	-3.6390993594974662e-08	-3.6534933653087143e-08	-1.4394005811248063e-10	-4.9198184783817470e-08	-4.9198191278560926e-08	-6.4947434562220572e-15
29.531250000000	-1.7867097047668878e-08	-1.7868200925574659e-08	-1.1038779057803583e-12	-1.9978377970431645e-08	-1.9978370465267592e-08	7.5051640529046449e-15
29.622395833333	-6.4438958834700821e-09	-6.4294314000000002e-09	1.4464483470081886e-11	-7.7278059189505432e-09	-7.7277991039211672e-09	6.8150293759350044e-15
29.713541666667	-1.2118328404725188e-09	-1.2060871770285542e-09	5.7456634439646273e-12	-2.8423129927081841e-09	-2.8423090723015627e-09	3.9204066214011463e-15
29.804687500000	-5.5237548602727266e-10	-5.5110495888182093e-10	1.2705271454517359e-12	-9.9556597593296550e-10	-9.9556411282828368e-10	1.8631046818224018e-15
29.895833333333	2.3639642076993393e-10	2.3658723177509746e-10	1.9081100516353062e-13	-3.3143114157620628e-10	-3.3143035801944518e-10	7.8355676109801337e-16
29.986979166667	-2.6873051572042626e-10	-2.6871072886231185e-10	1.9786858114410839e-14	-1.0504993950150226e-10	-1.0504963966055237e-10	2.9984094988499787e-16
30.078125000000	2.5711478699641211e-10	2.5711712060958132e-10	2.3336131692094279e-15	-3.1630780624111866e-11	-3.1630674742353686e-11	1.0588175817922909e-16
30.169270833333	-2.5014484169278343e-10	-2.5014538190834187e-10	-5.4021555843532510e-16	-9.0671473316442017e-12	-9.0671125454829585e-12	3.4786161243204378e-17
30.260416666667	2.4317353868432953e-10	2.4317415084166065e-10	6.1215733111392027e-16	-2.4683474106041115e-12	-2.4683367226879600e-12	1.0687916151526851e-17
30.351562500000	-2.3652420242017917e-10	-2.3652477896758240e-10	-5.7654740323288368e-16	-6.3964180870515922e-13	-6.3963872609374457e-13	3.0826114146472675e-18
30.442708333333	2.3015766106745229e-10	2.3015820967655550e-10	5.4860910321314665e-16	-1.5735162470181841e-13	-1.5735078495288820e-13	8.3974893021179859e-19
30.533854166667	-2.2405526589526794e-10	-2.2405578928006016e-10	-5.2338479221822496e-16	-3.6847552427200266e-14	-3.6847334186088283e-14	2.1824111198321601e-19
30.625000000000	2.1819816857563327e-10	2.1819866834388146e-10	4.9976824819168483e-16	-8.1893132460582529e-15	-8.1892550745125409e-15	5.8171545711983683e-20
30.716145833333	-2.1256864113723390e-10	-2.1256911961015668e-10	-4.7847292278705695e-16	-1.7324306377439335e-15	-1.7324102952494891e-15	2.0342494444334460e-20
30.807291666667	2.0715020817385555e-10	2.0715066654377449e-10	4.5836991893691409e-16	-3.4773376670716200e-16	-3.4772104505479676e-16	1.2721652365236955e-20
30.898437500000	-2.0192767779567810e-10	-2.0192811786443886e-10	-4.4006876075393911e-16	-6.6401113529697515e-17	-6.6388376900650467e-17	1.2736629047048238e-20
30.989583333333	1.9688711252473313e-10	1.9688753529896715e-10	4.2277423402035110e-16	-1.2009164294270532e-17	-1.1995590401583561e-17	1.3573892686970924e-20
31.080729166667	-1.9201576138881315e-10	-1.9201616824095832e-10	-4.0685214517073425e-16	-2.0469458227639350e-18	-2.0305198627552997e-18	1.6425960008635343e-20
31.171875000000	1.8730197317338433e-10	1.8730236502073497e-10	3.9184735063583681e-16	-3.4595787012913615e-19	-3.2990567301115131e-19	1.6052197117984840e-20
31.263020833333	-1.8273510071397275e-10	-1.8273547852611460e-10	-3.7781214185300284e-16	-2.3220885482444750e-20	2.1450534032295222e-20	4.4671419514739972e-20
31.354166666667	1.7830541904001631e-10	1.7830578375300842e-10	3.6471299210633101e-16	-2.4378615113451159e-20	2.4579181222380011e-21	2.6836533235689159e-20
31.445312500000	-1.7400402973653011e-10	-1.7400438197513798e-10	-3.5223860786966440e-16	6.8321217572956754e-21	3.2897178406270418e-20	2.6065056648974742e-20
31.536458333333	1.6982278481709011e-10	1.6982312556120756e-10	3.4074411745136095e-16	2.3799573972069492e-20	5.1575245759367007e-20	2.7775671787297512e-20
31.627604166667	-1.6575421382801820e-10	-1.6575454333538882e-10	-3.2950737061826716e-16	-3.1445656962368245e-20	-1.1208917223238603e-21	3.0324765240044384e-20
31.718750000000	1.6179145666922950e-10	1.6179177606702325e-10	3.1939779375118036e-16	-2.4479104352456172e-20	6.1683634664781279e-21	3.0647467818934298e-20
31.809895833333	-1.5792819933908423e-10	-1.5792850854300208e-10	-3.0920391784804312e-16	1.0235869819158165e-21	3.3787912514873907e-20	3.2764325532958093e-20
31.901041666667	1.5415862853835016e-10	1.5415892876577482e-10	3.0022742466795762e-16	-1.4539715680147780e-20	2.0730417199723930e-20	3.5270132879871710e-20
31.992187500000	-1.5047737697767097e-10	-1.5047766795068334e-10	-2.9097301237298622e-16	-2.2615830053652266e-20	1.4066323074139470e-20	3.6682153127791736e-20
32.083333333333	1.4687947955662163e-10	1.4687976245399652e-10	2.8289737489560807e-16	2.2992638131192550e-22	3.7432543145657990e-20	3.7202616764346065e-20
32.174479166667	-1.4336034407255002e-10	-1.4336061857345492e-10	-2.7450090489694780e-16	-4.6403733670879441e-20	-7.2503626809431344e-21	3.9153370989936306e-20
32.265625000000	1.3991570318993548e-10	1.3991597036713768e-10	2.6717720220353330e-16	-9.5002831074396887e-22	3.9285336299995280e-20	4.0235364610739249e-20
32.356770833333	-1.3654159809566184e-10	-1.3654185758940336e-10	-2.5949374152357116e-16	-4.9666020167163157e-20	-8.9887976982083213e-21	4.0677222468954836e-20
32.447916666667	1.3323433849710122e-10	1.3323459131717753e-10	2.5282007631053780e-16	-2.0378593195677458e-20	1.8873407270694457e-20	3.9252000466371918e-20
32.539062500000	-1.2999048969282482e-10	-1.2999073550081477e-10	-2.4580798995051427e-16	-3.3667437045322825e-20	5.1728946580508056e-21	3.8840331703373629e-20
32.630208333333	1.2680683893539176e-10	1.2680707858075884e-10	2.3964536707872807e-16	1.4082352502838216e-20	5.4186655847958340e-20	4.0104303345120124e-20
32.721354166667	-1.2368038605462821e-10	-1.2368061926333614e-10	-2.3320870792955008e-16	-7.8337879218950416e-20	-4.0872358111875702e-20	3.7465521107074714e-20
32.812500000000	1.2060832143688171e-10	1.2060854898502316e-10	2.2754814145167353e-16	-4.4182914689092994e-20	-7.0519692756343996e-21	3.7130945413458593e-20
32.903645833333	-1.1758800522629486e-10	-1.1758822678208014e-10	-2.2155578528207888e-16	-2.3749628435090978e-20	1.2779974554379044e-20	3.6529602989470018e-20
32.994791666667	1.1461696348255916e-10	1.1461717984586209e-10	2.1636330292912853e-16	-2.0420903281981235e-20	1.4633373682808253e-20	3.5054276964789492e-20
33.085937500000	-1.1169286775852577e-10	-1.1169307851295391e-10	-2.1075442814387785e-16	-3.2122364235496510e-20	1.2802871952455357e-21	3.3402651430742044e-20
33.177083333333	1.0881352150422040e-10	1.0881372748439363e-10	2.0598017323294390e-16	-5.2249618492122755e-20	-2.1018977562609300e-20	3.1230640929513458e-20
33.268229166667	-1.0597685858945687e-10	-1.0597705931668326e-10	-2.0072722639413427e-16	-8.0906809749782883e-20	-5.0412385007599325e-20	3.0494424742183557e-20
33.359375000000	1.0318092488570596e-10	1.0318112117266512e-10	1.9628695916182704e-16	-3.1204370342893251e-20	-1.6530397875538435e-21	2.9551330555339406e-20
33.450520833333	-1.0042387245427334e-10	-1.0042406379622958e-10	-1.9134195624590730e-16	-2.2081858029353304e-20	7.4682591839880989e-21	2.9550117213341403e-20
33.541666666667	9.7703952590361442e-11	9.7704139836482221e-11	1.8724612077803847e-16	7.1746647984419345e-21	3.6480149646525186e-20	2.9305484848083251e-20
33.632812500000	-9.5019510382066104e-11	-9.5019692922701183e-11	-1.8254063507829276e-16	-5.8832738879336168e-20	-2.8325393602955939e-20	3.0507345276380229e-20
33.723958333333	9.2368968402838159e-11	9.2369147163814479e-11	1.7876097631977888e-16	-6.6969957197174411e-20	-3.7538953040829129e-20	2.9431004156345282e-20
33.815104166667	-8.9750836910382217e-11	-8.9751011184250445e-11	-1.7427386822752703e-16	-1.0818736804629035e-19	-7.5294396945219133e-20	3.2892971101071215e-20
33.906250000000	8.7163690757865420e-11	8.7163861521329468e-11	1.7076346404792831e-16	1.2626504396932596e-20	4.7813976659740865e-20	3.5187472262808268e-20
33.997395833333	-8.4606179284002967e-11	-8.4606345787769498e-11	-1.6650376653055577e-16	-3.2399703019063668e-20	4.7479911414673872e-21	3.7147694160531057e-20
34.088541666667	8.2077008641135163e-11	8.2077171808802538e-11	1.6316766737474848e-16	-1.3686980277251618e-20	2.6463416693945529e-20	4.0150396971197144e-20
34.179687500000	-7.9574951560982425e-11	-7.9575110744130056e-11	-1.5918314763108835e-16	-9.9411970867822944e-20	-5.6122961157300625e-20	4.3289009710522320e-20
34.270833333333	7.7098826131233295e-11	7.7098982137479128e-11	1.5600624583359073e-16	-3.9364965428549131e-20	5.4717991722736015e-21	4.4836764600822732e-20
34.361979166667	-7.4647511954452728e-11	-7.4647664181834659e-11	-1.5222738193102203e-16	-7.2296172951665372e-20	-2.4539579963956488e-20	4.7756592987708884e-20
34.453125000000	7.2219927032870284e-11	7.2220076239409065e-11	1.4920653878084914e-16	-1.1627958489034247e-19	-6.6914927050206056e-20	4.9364657840136411e-20
34.544270833333	-6.9815041790884067e-11	-6.9815187406452712e-11	-1.4561556864422913e-16	-1.0442129539181618e-19	-5.7076587122583714e-20	4.7344708269232469e-20
34.635416666667	6.7431862183113162e-11	6.7432004904624467e-11	1.4272151130517727e-16	-1.2636781446784738e-19	-8.0413769130359964e-20	4.5954045337487413e-20
34.726562500000	-6.5069439741574018e-11	-6.5069579093258097e-11	-1.3935168407961299e-16	-1.1896181838128407e-19	-7.3834342284080838e-20	4.5127476097203234e-20
34.817708333333	6.2726855928313136e-11	6.2726992480646008e-11	1.3655233287194022e-16	-1.3681435564110131e-19	-9.1875050141764123e-20	4.4939305499337186e-20
34.908854166667	-6.0403231418031985e-11	-6.0403364731539065e-11	-1.3331350708009126e-16	-1.4993436285255247e-19	-1.0928435099383434e-19	4.0650011858718128e-20
