z_A	RHOB_DFT_e_A3	RHOB_step05_e_A3	RHOB_step05_minus_DFT_e_A3	RHOION_DFT_e_A3	RHOION_step05_e_A3	RHOION_step05_minus_DFT_e_A3
0.000000000000e+00	5.809771915855e-11	5.808781430810e-11	-9.90485e-15	-5.771628652748e-20	2.268563631526e-22	5.79431e-20
9.114583333333e-02	-5.580949758769e-11	-5.579978029906e-11	9.71729e-15	-4.394438757167e-20	1.513599870617e-20	5.90804e-20
1.822916666667e-01	5.353777873140e-11	5.352824690839e-11	-9.53182e-15	-2.888005889155e-20	3.069135591129e-20	5.95714e-20
2.734375000000e-01	-5.128180008496e-11	-5.127244918060e-11	9.3509e-15	-9.292344638876e-20	-3.341837078346e-20	5.95051e-20
3.645833333333e-01	4.904082044303e-11	4.903164877085e-11	-9.17167e-15	-7.191524406776e-20	-1.102741081282e-20	6.08878e-20
4.557291666667e-01	-4.681412718619e-11	-4.680513025023e-11	8.99694e-15	-7.185068181300e-20	-1.170472217390e-20	6.0146e-20
5.468750000000e-01	4.460102714954e-11	4.459220354948e-11	-8.8236e-15	-3.955681965997e-20	2.059772853589e-20	6.01545e-20
6.380208333333e-01	-4.240084688805e-11	-4.239219231480e-11	8.65457e-15	-4.099170096491e-20	1.793112971867e-20	5.89228e-20
7.291666666667e-01	4.021293409686e-11	4.020444725134e-11	-8.48685e-15	-3.421444115446e-20	2.588887185756e-20	6.01033e-20
8.203125000000e-01	-3.803665573654e-11	-3.802833264388e-11	8.32309e-15	-5.117654473704e-20	7.297311734366e-21	5.84739e-20
9.114583333333e-01	3.587139078392e-11	3.586323013433e-11	-8.16065e-15	-6.479503429836e-20	-6.042493965738e-21	5.87525e-20
1.002604166667e+00	-3.371654169721e-11	-3.370853984323e-11	8.00185e-15	-4.120256484293e-20	1.469798230781e-20	5.59005e-20
1.093750000000e+00	3.157151867944e-11	3.156367431121e-11	-7.84437e-15	-6.451842353701e-20	-6.874991664011e-21	5.76434e-20
1.184895833333e+00	-2.943575168851e-11	-2.942806150564e-11	7.69018e-15	-4.247396741092e-20	1.238321816347e-20	5.48572e-20
1.276041666667e+00	2.730867942594e-11	2.730114203897e-11	-7.53739e-15	-3.159952175679e-20	2.436129337031e-20	5.59608e-20
1.367187500000e+00	-2.518975746016e-11	-2.518236990101e-11	7.38756e-15	-5.346050853954e-20	7.682316005911e-22	5.42287e-20
1.458333333333e+00	2.307844750803e-11	2.307120835128e-11	-7.23916e-15	-5.626452426600e-20	-1.935831093827e-21	5.43287e-20
1.549479166667e+00	-2.097422706693e-11	-2.096713364265e-11	7.09342e-15	-5.845282931492e-20	-5.000168939413e-21	5.34527e-20
1.640625000000e+00	1.887658087004e-11	1.886963172801e-11	-6.94914e-15	-8.144158245656e-20	-2.810027716275e-20	5.33413e-20
1.731770833333e+00	-1.678500289195e-11	-1.677819557173e-11	6.80732e-15	-8.637008137000e-20	-3.594577574855e-20	5.04243e-20
1.822916666667e+00	1.469899679396e-11	1.469232992315e-11	-6.66687e-15	-2.764567596496e-20	2.407846330912e-20	5.17241e-20
1.914062500000e+00	-1.261807466435e-11	-1.261154587978e-11	6.52878e-15	-8.060212506561e-20	-2.977845155158e-20	5.08237e-20
2.005208333333e+00	1.054175279420e-11	1.053536086782e-11	-6.39193e-15	-6.837379708218e-20	-1.858800623760e-20	4.97858e-20
2.096354166667e+00	-8.469558907446e-12	-8.463301527262e-12	6.25738e-15	-9.501135416956e-20	-4.867668238502e-20	4.63347e-20
2.187500000000e+00	6.401022853696e-12	6.394898930862e-12	-6.12392e-15	-4.322798346905e-20	4.301386186273e-21	4.75294e-20
2.278645833333e+00	-4.335682389636e-12	-4.329689684604e-12	5.99271e-15	-3.976102000244e-20	4.531500277842e-21	4.42925e-20
2.369791666667e+00	2.273079258949e-12	2.267216762644e-12	-5.8625e-15	-5.292046600905e-20	-9.116753075228e-21	4.38037e-20
2.460937500000e+00	-2.127608954508e-13	-2.070264558103e-13	5.73444e-15	-7.547786628781e-20	-3.419800443355e-20	4.12799e-20
2.552083333333e+00	-1.845723078110e-12	-1.851330363837e-12	-5.60729e-15	-8.803448445209e-20	-4.640189945351e-20	4.16326e-20
2.643229166667e+00	3.902818048221e-12	3.908300264849e-12	5.48222e-15	-7.831845742011e-20	-3.928376278410e-20	3.90347e-20
2.734375000000e+00	-5.958965115762e-12	-5.964323160455e-12	-5.35804e-15	-5.772028464858e-20	-1.860000060143e-20	3.91203e-20
2.825520833333e+00	8.014607246137e-12	8.019842993803e-12	5.23575e-15	-6.472869510059e-20	-2.782677605122e-20	3.69019e-20
2.916666666667e+00	-1.007017967798e-11	-1.007529410674e-11	-5.11443e-15	-5.315280127920e-20	-1.711773415536e-20	3.60351e-20
3.007812500000e+00	1.212612008446e-11	1.213111490494e-11	4.99482e-15	-7.876861626089e-20	-4.454706733537e-20	3.42215e-20
3.098958333333e+00	-1.418286331559e-11	-1.418773953386e-11	-4.87622e-15	-8.227408015468e-20	-4.592094027102e-20	3.63531e-20
3.190104166667e+00	1.624084348714e-11	1.624560261994e-11	4.75913e-15	-9.014193860397e-20	-5.750009182092e-20	3.26418e-20
3.281250000000e+00	-1.830049416055e-11	-1.830513732335e-11	-4.64316e-15	-7.277039778639e-20	-3.839854911634e-20	3.43718e-20
3.372395833333e+00	2.036225012561e-11	2.036677864676e-11	4.52852e-15	-8.754256745575e-20	-5.514097814609e-20	3.24016e-20
3.463541666667e+00	-2.242654511702e-11	-2.243096017473e-11	-4.41506e-15	-8.677929648708e-20	-5.272559461616e-20	3.40537e-20
3.554687500000e+00	2.449381522027e-11	2.449811802300e-11	4.3028e-15	-9.217912947623e-20	-5.899257568804e-20	3.31866e-20
3.645833333333e+00	-2.656449674321e-11	-2.656868843968e-11	-4.1917e-15	-1.040013519923e-19	-6.982555934359e-20	3.41758e-20
3.736979166667e+00	2.863902935121e-11	2.864311113053e-11	4.08178e-15	-1.202434975867e-19	-8.766658325483e-20	3.25769e-20
3.828125000000e+00	-3.071785233970e-11	-3.072182531302e-11	-3.97297e-15	-6.765702278327e-20	-3.403711707153e-20	3.36199e-20
3.919270833333e+00	3.280141124575e-11	3.280527656827e-11	3.86532e-15	-8.465022286458e-20	-5.078509904756e-20	3.38651e-20
4.010416666667e+00	-3.489015113046e-11	-3.489390986586e-11	-3.75874e-15	-7.875106895078e-20	-4.348963829527e-20	3.52614e-20
4.101562500000e+00	3.698452401426e-11	3.698817732748e-11	3.65331e-15	-9.253829403813e-20	-5.513890504615e-20	3.73994e-20
4.192708333333e+00	-3.908498203330e-11	-3.908853092487e-11	-3.54889e-15	-8.432622696208e-20	-4.795768690756e-20	3.63685e-20
4.283854166667e+00	4.119198757913e-11	4.119543324325e-11	3.44566e-15	-1.103283048833e-19	-7.385707234326e-20	3.64712e-20
4.375000000000e+00	-4.330599943445e-11	-4.330934280322e-11	-3.34337e-15	-1.887350171289e-20	1.822388104366e-20	3.70974e-20
4.466145833333e+00	4.542749226598e-11	4.543073453360e-11	3.24227e-15	-1.530717752842e-20	1.976767413388e-20	3.50749e-20
4.557291666667e+00	-4.755693706384e-11	-4.756007922541e-11	-3.14216e-15	-1.306571227429e-20	2.195820036126e-20	3.50239e-20
4.648437500000e+00	4.969481799198e-11	4.969786109330e-11	3.0431e-15	1.738442365127e-22	3.427056293088e-20	3.40967e-20
4.739583333333e+00	-5.184162163683e-11	-5.184456683691e-11	-2.9452e-15	-3.203664968359e-20	1.545495993731e-21	3.35821e-20
4.830729166667e+00	5.399784602223e-11	5.400069420763e-11	2.84819e-15	-1.188182413882e-20	1.794519718235e-20	2.9827e-20
4.921875000000e+00	-5.616399298517e-11	-5.616674549383e-11	-2.75251e-15	7.321818736984e-21	3.556891579782e-20	2.82471e-20
5.013020833333e+00	5.834057694511e-11	5.834323449082e-11	2.65755e-15	1.696580554658e-20	4.338228133477e-20	2.64165e-20
5.104166666667e+00	-6.052811799128e-11	-6.053068214062e-11	-2.56415e-15	6.845672107898e-21	3.103556453787e-20	2.41899e-20
5.195312500000e+00	6.272714900809e-11	6.272962025786e-11	2.47125e-15	7.541752427171e-21	2.907911350372e-20	2.15374e-20
5.286458333333e+00	-6.493821022039e-11	-6.494059041498e-11	-2.38019e-15	-2.802577513405e-20	-8.778967356251e-21	1.92468e-20
5.377604166667e+00	6.716185545191e-11	6.716414487707e-11	2.28943e-15	-1.151390443165e-20	3.138747324986e-21	1.46527e-20
5.468750000000e+00	-6.939864957459e-11	-6.940085031341e-11	-2.20074e-15	5.303729999730e-21	1.811076752895e-20	1.2807e-20
5.559895833333e+00	7.164916778529e-11	7.165128003988e-11	2.11225e-15	1.433292236786e-20	2.372392620226e-20	9.391e-21
5.651041666667e+00	-7.391400125292e-11	-7.391602722097e-11	-2.02597e-15	-2.328033372032e-21	4.035587473938e-21	6.36362e-21
5.742187500000e+00	7.619375428752e-11	7.619569423026e-11	1.93994e-15	2.381840032741e-20	2.752283553939e-20	3.70444e-21
5.833333333333e+00	-7.848904337958e-11	-7.849089953276e-11	-1.85615e-15	-3.240414135109e-20	-3.027231612806e-20	2.13183e-21
5.924479166667e+00	8.080050526371e-11	8.080227798940e-11	1.77273e-15	9.299178348944e-21	7.105303579301e-21	-2.19387e-21
6.015625000000e+00	-8.312878786292e-11	-8.313047936930e-11	-1.69151e-15	5.653172061409e-21	2.833827961934e-21	-2.81934e-21
6.106770833333e+00	8.547456076118e-11	8.547617174499e-11	1.61098e-15	3.988345783930e-21	-4.926910828803e-22	-4.48104e-21
6.197916666667e+00	-8.783850853763e-11	-8.784004107835e-11	-1.53254e-15	6.190159847704e-21	2.611576079334e-21	-3.57858e-21
6.289062500000e+00	9.022133868988e-11	9.022279374528e-11	1.45506e-15	2.619629937346e-20	2.013143182463e-20	-6.06487e-21
6.380208333333e+00	-9.262377437145e-11	-9.262515406928e-11	-1.3797e-15	-2.229248202448e-20	-2.910041356925e-20	-6.80793e-21
6.471354166667e+00	9.504656525491e-11	9.504787074469e-11	1.30549e-15	1.360550353471e-20	6.116676706623e-21	-7.48883e-21
6.562500000000e+00	-9.749048078138e-11	-9.749171430477e-11	-1.23352e-15	-2.606216650974e-20	-3.369780160358e-20	-7.63564e-21
6.653645833333e+00	9.995631479372e-11	9.995747770783e-11	1.16291e-15	-2.167154232987e-20	-3.110157406879e-20	-9.43003e-21
6.744791666667e+00	-1.024448873898e-10	-1.024459821340e-10	-1.09474e-15	-3.004637821397e-20	-3.852934752274e-20	-8.48297e-21
6.835937500000e+00	1.049570465883e-10	1.049580746556e-10	1.02807e-15	3.956942488080e-21	-4.309257232855e-21	-8.2662e-21
6.927083333333e+00	-1.074936643482e-10	-1.074946285243e-10	-9.64176e-16	-4.489932576774e-20	-5.253519034446e-20	-7.63586e-21
7.018229166667e+00	1.100556501215e-10	1.100565520551e-10	9.01934e-16	-9.046845846633e-21	-1.779414197018e-20	-8.7473e-21
7.109375000000e+00	-1.126439372192e-10	-1.126447800253e-10	-8.42806e-16	-2.201011040248e-20	-3.012295752260e-20	-8.11285e-21
7.200520833333e+00	1.152594997502e-10	1.152602853552e-10	7.85605e-16	-1.328976250704e-20	-2.181984872737e-20	-8.53009e-21
7.291666666667e+00	-1.179033420792e-10	-1.179040739733e-10	-7.31894e-16	-3.115492682680e-20	-3.761852281524e-20	-6.4636e-21
7.382812500000e+00	1.205765116614e-10	1.205771920857e-10	6.80424e-16	2.706053469743e-20	1.996017035130e-20	-7.10036e-21
7.473958333333e+00	-1.232800914306e-10	-1.232807243698e-10	-6.32939e-16	-2.278122209339e-20	-2.964353639213e-20	-6.86231e-21
7.565104166667e+00	1.260152102364e-10	1.260157982941e-10	5.88058e-16	1.608518698697e-20	1.031056699992e-20	-5.77462e-21
7.656250000000e+00	-1.287830443890e-10	-1.287835921157e-10	-5.47727e-16	-3.243791566021e-20	-3.627355083795e-20	-3.83564e-21
7.747395833333e+00	1.315848123732e-10	1.315853228540e-10	5.10481e-16	-2.902579059062e-20	-3.458953455094e-20	-5.56374e-21
7.838541666667e+00	-1.344217921336e-10	-1.344222706144e-10	-4.78481e-16	-5.259370963425e-20	-5.557706199023e-20	-2.98335e-21
7.929687500000e+00	1.372953152440e-10	1.372957654018e-10	4.50158e-16	-2.219537142802e-20	-2.518477906513e-20	-2.98941e-21
8.020833333333e+00	-1.402067058691e-10	-1.402071337232e-10	-4.27854e-16	-3.761840273305e-20	-3.981967852102e-20	-2.20128e-21
8.111979166667e+00	1.431594431000e-10	1.431598531711e-10	4.10071e-16	-2.056733951447e-20	-2.199083428228e-20	-1.42349e-21
8.203125000000e+00	-1.461050649207e-10	-1.461054626549e-10	-3.97734e-16	-2.921082845111e-20	-3.095603943651e-20	-1.74521e-21
8.294270833333e+00	1.500103237463e-10	1.500107519039e-10	4.28158e-16	-2.924124949706e-20	-3.130485947367e-20	-2.06361e-21
8.385416666667e+00	-1.402584349936e-10	-1.402581985626e-10	2.36431e-16	-4.502053695300e-20	-4.564274737994e-20	-6.2221e-22
8.476562500000e+00	2.913397814295e-10	2.913490702726e-10	9.28884e-15	-6.242127888049e-21	-9.083055392703e-21	-2.84093e-21
8.567708333333e+00	1.046680337552e-09	1.046775065751e-09	9.47282e-14	-4.254904627094e-20	-4.661572605497e-20	-4.06668e-21
8.658854166667e+00	8.555380557884e-09	8.556158707714e-09	7.7815e-13	5.758667980183e-21	6.822947154072e-23	-5.69044e-21
8.750000000000e+00	4.592798204291e-08	4.593282629261e-08	4.84425e-12	-9.295928140161e-21	-1.447157018031e-20	-5.17564e-21
8.841145833333e+00	2.004976331190e-07	2.005205693610e-07	2.29362e-11	-1.989294860088e-20	-2.824643070748e-20	-8.35348e-21
8.932291666667e+00	6.914799618053e-07	6.915619449556e-07	8.19832e-11	-4.934125175280e-20	-5.840583686875e-20	-9.06459e-21
9.023437500000e+00	1.904535634738e-06	1.904754112718e-06	2.18478e-10	1.286188044991e-20	1.622156929835e-21	-1.12397e-20
9.114583333333e+00	4.199284401482e-06	4.199708172178e-06	4.23771e-10	-1.304065040372e-20	-2.567733769542e-20	-1.26367e-20
9.205729166667e+00	7.453716634973e-06	7.454288700680e-06	5.72066e-10	-2.304352806343e-20	-4.032356704715e-20	-1.728e-20
9.296875000000e+00	1.070569710765e-05	1.070619622176e-05	4.99114e-10	-4.242838534056e-21	-2.202509445967e-20	-1.77823e-20
9.388020833333e+00	1.249887412992e-05	1.249917716302e-05	3.03033e-10	8.575848814778e-21	-1.100451904001e-20	-1.95804e-20
9.479166666667e+00	1.180775067084e-05	1.180819997714e-05	4.49306e-10	6.063564601289e-21	-1.773300033751e-20	-2.37966e-20
9.570312500000e+00	8.628557377516e-06	8.629762777485e-06	1.2054e-09	-1.788352865185e-20	-4.542549828126e-20	-2.7542e-20
9.661458333333e+00	3.719387287847e-06	3.721361049694e-06	1.97376e-09	3.257192462584e-20	1.879922160896e-21	-3.0692e-20
9.752604166667e+00	-1.818040870659e-06	-1.816341188704e-06	1.69968e-09	-2.888732770046e-20	-6.198044375184e-20	-3.30931e-20
9.843750000000e+00	-6.636928523688e-06	-6.636781349215e-06	1.47174e-10	-1.195153751958e-20	-4.527967289985e-20	-3.33281e-20
9.934895833333e+00	-9.496609350651e-06	-9.498224795601e-06	-1.61544e-09	-4.392805561946e-20	-7.899275397653e-20	-3.50647e-20
1.002604166667e+01	-1.007727941229e-05	-1.007954839917e-05	-2.26899e-09	-3.497726326010e-20	-7.059578653478e-20	-3.56185e-20
1.011718750000e+01	-9.155496362938e-06	-9.157087218415e-06	-1.59086e-09	-6.961590670248e-20	-1.051018967683e-19	-3.5486e-20
1.020833333333e+01	-7.742827703321e-06	-7.743339479623e-06	-5.11776e-10	-3.262433649288e-20	-6.794562790899e-20	-3.53213e-20
1.029947916667e+01	-6.279363716150e-06	-6.279334810781e-06	2.89054e-11	-5.772746645949e-20	-9.312474068967e-20	-3.53973e-20
1.039062500000e+01	-4.744333207801e-06	-4.744409473529e-06	-7.62657e-11	-2.158030386092e-20	-5.380686430578e-20	-3.22266e-20
1.048177083333e+01	-3.152246216570e-06	-3.152610780733e-06	-3.64564e-10	-7.143073100001e-20	-1.016979898982e-19	-3.02673e-20
1.057291666667e+01	-1.704503332183e-06	-1.704973816103e-06	-4.70484e-10	-1.472434029262e-20	-4.236764700073e-20	-2.76433e-20
1.066406250000e+01	-4.619538791741e-07	-4.623176147244e-07	-3.63736e-10	-7.007492364939e-20	-9.527967253183e-20	-2.52047e-20
1.075520833333e+01	1.236960480820e-06	1.236800739136e-06	-1.59742e-10	-2.966665223446e-20	-5.293690273026e-20	-2.32703e-20
1.084635416667e+01	5.659794729825e-06	5.659896270378e-06	1.01541e-10	1.997283698734e-21	-1.785945969279e-20	-1.98567e-20
1.093750000000e+01	1.753255176962e-05	1.753306178080e-05	5.10011e-10	-4.073049037458e-20	-5.688882350071e-20	-1.61583e-20
1.102864583333e+01	4.299766947730e-05	4.299892454173e-05	1.25506e-09	-5.374778095784e-20	-6.643278323891e-20	-1.2685e-20
1.111979166667e+01	8.416256689028e-05	8.416540864420e-05	2.84175e-09	-2.440216305459e-20	-3.258439229959e-20	-8.18223e-21
1.121093750000e+01	1.319415893665e-04	1.319481798421e-04	6.59048e-09	-9.065962127140e-21	-1.131616401665e-20	-2.2502e-21
1.130208333333e+01	1.671216431323e-04	1.671352701709e-04	1.3627e-08	2.529181907932e-20	2.653271746270e-20	1.2409e-21
1.139322916667e+01	1.734766133276e-04	1.734978701476e-04	2.12568e-08	6.803084712350e-20	7.478322973486e-20	6.75238e-21
1.148437500000e+01	1.496057970054e-04	1.496290588008e-04	2.32618e-08	-1.097499100048e-20	-3.459115302424e-22	1.06291e-20
1.157552083333e+01	1.074710457494e-04	1.074899911386e-04	1.89454e-08	1.649950614225e-20	3.427367258091e-20	1.77742e-20
1.166666666667e+01	6.304980111424e-05	6.306635964702e-05	1.65585e-08	-6.045120549581e-20	-3.869529856307e-20	2.17559e-20
1.175781250000e+01	2.794433033351e-05	2.796470029895e-05	2.037e-08	-1.059948423850e-20	1.723516045838e-20	2.78346e-20
1.184895833333e+01	5.147928571705e-06	5.170329522410e-06	2.2401e-08	-6.381395037731e-20	-3.119482303601e-20	3.26191e-20
1.194010416667e+01	-8.723327149434e-06	-8.707416631160e-06	1.59105e-08	-2.369524697505e-20	1.415690322756e-20	3.78522e-20
1.203125000000e+01	-1.756961103614e-05	-1.756211147457e-05	7.49956e-09	-6.409102069646e-20	-2.127237448288e-20	4.28186e-20
1.212239583333e+01	-2.289503463661e-05	-2.288942324047e-05	5.6114e-09	-5.022184104513e-20	-3.853596602586e-21	4.63682e-20
1.221354166667e+01	-2.481238469104e-05	-2.480565308092e-05	6.73161e-09	-8.897927508573e-20	-3.767770265718e-20	5.13016e-20
1.230468750000e+01	-2.351192962422e-05	-2.350800310761e-05	3.92652e-09	-9.016347413270e-21	4.825762004345e-20	5.7274e-20
1.239583333333e+01	-1.956119274560e-05	-1.956079917307e-05	3.93573e-10	-5.255323686796e-20	6.998785345258e-21	5.9552e-20
1.248697916667e+01	-1.356334655234e-05	-1.356020742826e-05	3.13912e-09	-7.181116501357e-20	-1.207254933196e-20	5.97386e-20
1.257812500000e+01	-6.282705420516e-06	-6.273302527520e-06	9.40289e-09	-6.675020113858e-20	-4.873265608322e-21	6.18769e-20
1.266927083333e+01	1.070211735543e-06	1.080570028681e-06	1.03583e-08	-4.449805256177e-20	2.145303033332e-20	6.59511e-20
1.276041666667e+01	6.949776834638e-06	6.954933436928e-06	5.1566e-09	-7.758592030496e-20	-1.048929330387e-20	6.70966e-20
1.285156250000e+01	9.780691259323e-06	9.782496272317e-06	1.80501e-09	-2.343825208947e-20	4.387893684552e-20	6.73172e-20
1.294270833333e+01	8.500267413440e-06	8.505095037945e-06	4.82762e-09	-5.794088596630e-20	1.031515291019e-20	6.8256e-20
1.303385416667e+01	3.163382819984e-06	3.172960323198e-06	9.5775e-09	-6.699354497986e-20	-1.007230406176e-21	6.59863e-20
1.312500000000e+01	-5.260548029090e-06	-5.250766412685e-06	9.78162e-09	-9.833005156311e-20	-3.039667956486e-20	6.79334e-20
1.321614583333e+01	-1.561569843655e-05	-1.561043916014e-05	5.25928e-09	-5.136695568974e-20	1.396765882009e-20	6.53346e-20
1.330729166667e+01	-2.694360380297e-05	-2.694359256718e-05	1.12358e-11	-1.043190006179e-19	-4.075803298768e-20	6.3561e-20
1.339843750000e+01	-3.836616251715e-05	-3.836988084018e-05	-3.71832e-09	-5.610355655191e-20	4.751841184152e-21	6.08554e-20
1.348958333333e+01	-4.910285955743e-05	-4.910914989529e-05	-6.29034e-09	-3.819774173133e-20	1.704147369391e-20	5.52392e-20
1.358072916667e+01	-5.871170590549e-05	-5.871885791118e-05	-7.15201e-09	-7.411594535600e-20	-2.503475468862e-20	4.90812e-20
1.367187500000e+01	-6.719800013954e-05	-6.720208972549e-05	-4.08959e-09	-6.450262818555e-20	-1.866722827044e-20	4.58354e-20
1.376302083333e+01	-7.477035770214e-05	-7.476738439385e-05	2.97331e-09	-7.120427138053e-21	7.075786199551e-21	1.41962e-20
1.385416666667e+01	-8.165503404605e-05	-8.164540932413e-05	9.62472e-09	-7.024961450587e-20	-4.236661045053e-20	2.7883e-20
1.394531250000e+01	-8.810642763627e-05	-8.809586992431e-05	1.05577e-08	-2.292962233516e-20	1.878820845881e-21	2.48084e-20
1.403645833333e+01	-9.449282045855e-05	-9.448758708635e-05	5.23337e-09	-2.731774244450e-20	-8.628315925164e-21	1.86894e-20
1.412760416667e+01	-1.013997087681e-04	-1.014012405040e-04	-1.53174e-09	-2.856941903695e-20	-1.614722723357e-20	1.24222e-20
1.421875000000e+01	-1.103147345629e-04	-1.103194599591e-04	-4.7254e-09	-7.512298288597e-21	-2.419751847635e-21	5.09255e-21
1.430989583333e+01	-1.248875486600e-04	-1.248910737273e-04	-3.52507e-09	5.168166612108e-20	5.098996574373e-20	-6.917e-22
1.440104166667e+01	-1.511582484654e-04	-1.511583187711e-04	-7.03057e-11	-2.336660270515e-20	-2.927069014869e-20	-5.90409e-21
1.449218750000e+01	-1.935868836252e-04	-1.935822157752e-04	4.66785e-09	4.149910278452e-20	3.137199904007e-20	-1.01271e-20
1.458333333333e+01	-2.469234679620e-04	-2.469114735284e-04	1.19944e-08	1.832744741019e-20	2.232099284808e-21	-1.60953e-20
1.467447916667e+01	-2.923720011447e-04	-2.923500993743e-04	2.19018e-08	3.023649134799e-20	1.270558520175e-20	-1.75309e-20
1.476562500000e+01	-3.097522342441e-04	-3.097225815294e-04	2.96527e-08	-1.100202894943e-20	-3.395859841195e-20	-2.29566e-20
1.485677083333e+01	-3.004516032767e-04	-3.004227774445e-04	2.88258e-08	-5.788966568876e-21	-3.053135702064e-20	-2.47424e-20
1.494791666667e+01	-2.929830647819e-04	-2.929641187867e-04	1.8946e-08	-2.405047809163e-20	-5.325505878404e-20	-2.92046e-20
1.503906250000e+01	-3.138337619610e-04	-3.138264283664e-04	7.33359e-09	4.907531025562e-21	-2.818690312387e-20	-3.30944e-20
1.513020833333e+01	-3.564514559316e-04	-3.564499246874e-04	1.53124e-09	-7.310732738793e-21	-4.242017787174e-20	-3.51094e-20
1.522135416667e+01	-3.943631769050e-04	-3.943609378052e-04	2.2391e-09	2.724798526140e-20	-1.148652840683e-20	-3.87345e-20
1.531250000000e+01	-4.192952833166e-04	-4.192898027023e-04	5.48061e-09	4.039256243232e-20	-1.323341125023e-21	-4.17159e-20
1.540364583333e+01	-4.508212204643e-04	-4.508121600613e-04	9.0604e-09	8.215837810005e-20	3.689829112455e-20	-4.52601e-20
1.549479166667e+01	-5.181841461215e-04	-5.181697792944e-04	1.43668e-08	2.966971779236e-20	-1.933798715493e-20	-4.90077e-20
1.558593750000e+01	-6.420258141822e-04	-6.420023563385e-04	2.34578e-08	4.864761458570e-20	-1.795748770326e-21	-5.04434e-20
1.567708333333e+01	-8.158308445487e-04	-8.157951863411e-04	3.56582e-08	2.264450209015e-20	-3.053515384761e-20	-5.31797e-20
1.576822916667e+01	-9.902644051930e-04	-9.902185922710e-04	4.58129e-08	2.050420517997e-20	-3.519346259373e-20	-5.56977e-20
1.585937500000e+01	-1.099288416768e-03	-1.099241272418e-03	4.71444e-08	2.341216288250e-20	-3.309804908026e-20	-5.65102e-20
1.595052083333e+01	-1.140219108257e-03	-1.140180023630e-03	3.90846e-08	1.940542932267e-20	-3.711404159519e-20	-5.65195e-20
1.604166666667e+01	-1.209073849628e-03	-1.209043181018e-03	3.06686e-08	1.812767649444e-20	-3.871150853816e-20	-5.68392e-20
1.613281250000e+01	-1.394114019545e-03	-1.394082879299e-03	3.11402e-08	6.161610281332e-20	4.676765351144e-21	-5.69393e-20
1.622395833333e+01	-1.672262018769e-03	-1.672223674517e-03	3.83443e-08	1.439868036166e-20	-4.251688705764e-20	-5.69156e-20
1.631510416667e+01	-1.982716589805e-03	-1.982674815862e-03	4.17739e-08	2.545858453472e-20	-2.868415094852e-20	-5.41427e-20
1.640625000000e+01	-2.314890066338e-03	-2.314853454538e-03	3.66118e-08	4.993224360476e-20	-6.011390525658e-21	-5.59436e-20
1.649739583333e+01	-2.649177544902e-03	-2.649148524186e-03	2.90207e-08	5.543894858145e-20	1.302276949009e-21	-5.41367e-20
1.658854166667e+01	-2.920862244535e-03	-2.920835875225e-03	2.63693e-08	4.699790149739e-20	-6.661188195027e-21	-5.36591e-20
1.667968750000e+01	-3.109265752396e-03	-3.109237472308e-03	2.82801e-08	8.324666346766e-20	3.145159126919e-20	-5.17951e-20
1.677083333333e+01	-3.277340810543e-03	-3.277311298174e-03	2.95124e-08	1.182062984930e-20	-3.868125597137e-20	-5.05019e-20
1.686197916667e+01	-3.466128693218e-03	-3.466102464423e-03	2.62288e-08	1.563420495063e-21	-4.614022611737e-20	-4.77036e-20
1.695312500000e+01	-3.607585096487e-03	-3.607566906829e-03	1.81897e-08	3.034476215668e-20	-1.533107197168e-20	-4.56758e-20
1.704427083333e+01	-3.595774348926e-03	-3.595765220923e-03	9.128e-09	3.709842202196e-20	-5.912976122429e-21	-4.30114e-20
1.713541666667e+01	-3.400227418000e-03	-3.400222600992e-03	4.81701e-09	3.083642697982e-20	-1.006014021745e-20	-4.08966e-20
1.722656250000e+01	-3.068234750565e-03	-3.068227724904e-03	7.02566e-09	9.198340443574e-21	-2.939467702599e-20	-3.8593e-20
1.731770833333e+01	-2.662939098230e-03	-2.662929087140e-03	1.00111e-08	-4.356714956498e-19	-4.712147807505e-19	-3.55433e-20
1.740885416667e+01	-2.222519480192e-03	-2.222512632119e-03	6.84807e-09	-3.205340226471e-18	-3.238202905360e-18	-3.28627e-20
1.750000000000e+01	-1.751312711083e-03	-1.751313913146e-03	-1.20206e-09	-2.425635740457e-17	-2.428527151993e-17	-2.89141e-20
1.759114583333e+01	-1.258772092362e-03	-1.258777995372e-03	-5.90301e-09	-1.855544388947e-16	-1.855793485272e-16	-2.49096e-20
1.768229166667e+01	-8.118908075310e-04	-8.118937747132e-04	-2.96718e-09	-1.423489268168e-15	-1.423502578575e-15	-1.33104e-20
1.777343750000e+01	-5.023419353052e-04	-5.023392557338e-04	2.67957e-09	-1.082720107463e-14	-1.082715759571e-14	4.34789e-20
1.786458333333e+01	-3.355510657551e-04	-3.355472470686e-04	3.81869e-09	-8.026874428427e-14	-8.026826804308e-14	4.76241e-19
1.795572916667e+01	-2.176616291104e-04	-2.176621889364e-04	-5.59826e-10	-5.726871319868e-13	-5.726835275477e-13	3.60444e-18
1.804687500000e+01	-8.194271083436e-05	-8.194818816890e-05	-5.47733e-09	-3.863686995597e-12	-3.863661304692e-12	2.56909e-17
1.813802083333e+01	4.297263662842e-05	4.296613121444e-05	-6.50541e-09	-2.438356468337e-11	-2.438339687507e-11	1.67808e-16
1.822916666667e+01	9.885022212058e-05	9.884585702295e-05	-4.3651e-09	-1.415940878961e-10	-1.415930514071e-10	1.03649e-15
1.832031250000e+01	7.153423669088e-05	7.153079617776e-05	-3.44051e-09	-7.504686643162e-10	-7.504629246889e-10	5.73963e-15
1.841145833333e+01	-9.701475945886e-07	-9.767552382631e-07	-6.60764e-09	-3.576670661419e-09	-3.576641476792e-09	2.91846e-14
1.850260416667e+01	-5.848630644448e-05	-5.849823282788e-05	-1.19264e-08	-1.524935720731e-08	-1.524922788214e-08	1.29325e-13
1.859375000000e+01	-6.090582483510e-05	-6.092016398578e-05	-1.43392e-08	-5.744357309617e-08	-5.744305920814e-08	5.13888e-13
1.868489583333e+01	-2.276312192700e-05	-2.277371786258e-05	-1.05959e-08	-1.910047747700e-07	-1.910030133916e-07	1.76138e-12
1.877604166667e+01	5.537026276232e-06	5.534328419946e-06	-2.69786e-09	-5.565994781987e-07	-5.565941029090e-07	5.37529e-12
1.886718750000e+01	-3.262390919210e-06	-3.258425402048e-06	3.96552e-09	-1.431257603038e-06	-1.431243385680e-06	1.42174e-11
1.895833333333e+01	-3.750843917249e-05	-3.750217532464e-05	6.26385e-09	-3.258545925495e-06	-3.258512137995e-06	3.37875e-11
1.904947916667e+01	-7.116544278869e-05	-7.115909705156e-05	6.34574e-09	-6.698021531445e-06	-6.697949833603e-06	7.16978e-11
1.914062500000e+01	-7.763151567089e-05	-7.762336811796e-05	8.14755e-09	-1.261263906685e-05	-1.261249722190e-05	1.41845e-10
1.923177083333e+01	-4.880742585060e-05	-4.879578714538e-05	1.16387e-08	-2.218595304501e-05	-2.218569301894e-05	2.60026e-10
1.932291666667e+01	-6.987575800181e-06	-6.974909255679e-06	1.26665e-08	-3.645232575401e-05	-3.645187839819e-05	4.47356e-10
1.941406250000e+01	2.591469888419e-05	2.592363485615e-05	8.93597e-09	-5.587730707026e-05	-5.587660004333e-05	7.07027e-10
1.950520833333e+01	5.299390330789e-05	5.299758613606e-05	3.68283e-09	-7.957687787844e-05	-7.957583938324e-05	1.0385e-09
1.959635416667e+01	8.407546858658e-05	8.407726659053e-05	1.798e-09	-1.066863095062e-04	-1.066848846133e-04	1.42489e-09
1.968750000000e+01	1.193073220171e-04	1.193111468617e-04	3.82484e-09	-1.367432005154e-04	-1.367413247272e-04	1.87579e-09
1.977864583333e+01	1.565885756472e-04	1.565941521437e-04	5.5765e-09	-1.711611671581e-04	-1.711587676943e-04	2.39946e-09
1.986979166667e+01	1.984235716254e-04	1.984267382557e-04	3.16663e-09	-2.117253813829e-04	-2.117223422034e-04	3.03918e-09
1.996093750000e+01	2.489445197089e-04	2.489415391571e-04	-2.98055e-09	-2.614176840835e-04	-2.614138431374e-04	3.84095e-09
2.005208333333e+01	3.115596756297e-04	3.115505512522e-04	-9.12438e-09	-3.236127338682e-04	-3.236078723120e-04	4.86156e-09
2.014322916667e+01	3.891856853482e-04	3.891735778337e-04	-1.21075e-08	-4.014437225016e-04	-4.014375668542e-04	6.15565e-09
2.023437500000e+01	4.822604763203e-04	4.822486746514e-04	-1.18017e-08	-4.960451064487e-04	-4.960373770933e-04	7.72936e-09
2.032552083333e+01	5.862526493145e-04	5.862423758324e-04	-1.02735e-08	-6.022516874077e-04	-6.022421592074e-04	9.5282e-09
2.041666666667e+01	6.933638232701e-04	6.933545954900e-04	-9.22778e-09	-7.119832770779e-04	-7.119718921798e-04	1.13849e-08
2.050781250000e+01	7.966469395598e-04	7.966385706522e-04	-8.36891e-09	-8.163081467202e-04	-8.162949526081e-04	1.31941e-08
2.059895833333e+01	8.913276471065e-04	8.913216640851e-04	-5.98302e-09	-9.125606416595e-04	-9.125457648603e-04	1.48768e-08
2.069010416667e+01	9.729524664972e-04	9.729515940924e-04	-8.72405e-10	-9.952705114348e-04	-9.952540910404e-04	1.64204e-08
2.078125000000e+01	1.036655021157e-03	1.036661361117e-03	6.33996e-09	-1.061037168056e-03	-1.061019487201e-03	1.76809e-08
2.087239583333e+01	1.079329042435e-03	1.079342632394e-03	1.359e-08	-1.103219834237e-03	-1.103201233255e-03	1.8601e-08
2.096354166667e+01	1.102023727018e-03	1.102042404846e-03	1.86778e-08	-1.125592432798e-03	-1.125573305735e-03	1.91271e-08
2.105468750000e+01	1.109772788698e-03	1.109793072447e-03	2.02837e-08	-1.131712861704e-03	-1.131693489457e-03	1.93722e-08
2.114583333333e+01	1.109103755786e-03	1.109122333384e-03	1.85776e-08	-1.131036062072e-03	-1.131016654458e-03	1.94076e-08
2.123697916667e+01	1.105153058019e-03	1.105168856692e-03	1.57987e-08	-1.126141469933e-03	-1.126122133168e-03	1.93368e-08
2.132812500000e+01	1.100237521216e-03	1.100253635790e-03	1.61146e-08	-1.121139127212e-03	-1.121119948737e-03	1.91785e-08
2.141927083333e+01	1.094547465794e-03	1.094570951679e-03	2.34859e-08	-1.114292685934e-03	-1.114273705683e-03	1.89803e-08
2.151041666667e+01	1.087858718549e-03	1.087896680614e-03	3.79621e-08	-1.107772891027e-03	-1.107754169121e-03	1.87219e-08
2.160156250000e+01	1.080342795230e-03	1.080395995843e-03	5.32006e-08	-1.099268158638e-03	-1.099249762520e-03	1.83961e-08
2.169270833333e+01	1.072173891090e-03	1.072231862074e-03	5.7971e-08	-1.091077011433e-03	-1.091059072277e-03	1.79392e-08
2.178385416667e+01	1.063270520496e-03	1.063312138922e-03	4.16184e-08	-1.081099963968e-03	-1.081082634936e-03	1.7329e-08
2.187500000000e+01	1.053737090419e-03	1.053737730534e-03	6.40115e-10	-1.071852115651e-03	-1.071835575804e-03	1.65398e-08
2.196614583333e+01	1.043901353592e-03	1.043844252421e-03	-5.71012e-08	-1.060964644435e-03	-1.060949012022e-03	1.56324e-08
2.205729166667e+01	1.033493165830e-03	1.033380266402e-03	-1.12899e-07	-1.050700517160e-03	-1.050685830842e-03	1.46863e-08
2.214843750000e+01	1.021193681579e-03	1.021050267386e-03	-1.43414e-07	-1.037408872025e-03	-1.037395037799e-03	1.38342e-08
2.223958333333e+01	1.005475355532e-03	1.005343736025e-03	-1.3162e-07	-1.022160091788e-03	-1.022146934888e-03	1.31569e-08
2.233072916667e+01	9.857789124942e-04	9.857006094017e-04	-7.83031e-08	-1.001267647633e-03	-1.001254962114e-03	1.26855e-08
2.242187500000e+01	9.628071342596e-04	9.628003445875e-04	-6.78967e-09	-9.780568228652e-04	-9.780444959552e-04	1.23269e-08
2.251302083333e+01	9.379941326589e-04	9.380396407067e-04	4.5508e-08	-9.520136354793e-04	-9.520017168243e-04	1.19187e-08
2.260416666667e+01	9.128418443245e-04	9.128897294788e-04	4.78852e-08	-9.270891931827e-04	-9.270779016529e-04	1.12915e-08
2.269531250000e+01	8.883387596478e-04	8.883372152065e-04	-1.54444e-09	-9.015328490387e-04	-9.015224309891e-04	1.0418e-08
2.278645833333e+01	8.646738074023e-04	8.646051154486e-04	-6.8692e-08	-8.778397834985e-04	-8.778303432237e-04	9.44027e-09
2.287760416667e+01	8.415880486247e-04	8.414868581841e-04	-1.0119e-07	-8.536988705647e-04	-8.536902496786e-04	8.62089e-09
2.296875000000e+01	8.190338268281e-04	8.189697383984e-04	-6.40884e-08	-8.314006973108e-04	-8.313925486729e-04	8.14864e-09
2.305989583333e+01	7.972328087079e-04	7.972626386897e-04	2.983e-08	-8.086466281832e-04	-8.086386395997e-04	7.98858e-09
2.315104166667e+01	7.762057849068e-04	7.763264547525e-04	1.2067e-07	-7.876708386535e-04	-7.876629969286e-04	7.84172e-09
2.324218750000e+01	7.557151606114e-04	7.558549695914e-04	1.39809e-07	-7.662481560754e-04	-7.662408181559e-04	7.33792e-09
2.333333333333e+01	7.357232518545e-04	7.357860542931e-04	6.28024e-08	-7.465553070375e-04	-7.465489991168e-04	6.30792e-09
2.342447916667e+01	7.164386740947e-04	7.163742495104e-04	-6.44246e-08	-7.264096132314e-04	-7.264046405368e-04	4.97269e-09
2.351562500000e+01	6.978730416429e-04	6.977197100812e-04	-1.53332e-07	-7.079261636324e-04	-7.079223466890e-04	3.81694e-09
2.360677083333e+01	6.797897395565e-04	6.796498544981e-04	-1.39885e-07	-6.890028590100e-04	-6.889996232133e-04	3.2358e-09
2.369791666667e+01	6.621533317224e-04	6.621145511049e-04	-3.87806e-08	-6.716917385027e-04	-6.716885498537e-04	3.18865e-09
2.378906250000e+01	6.451692464714e-04	6.452339409761e-04	6.46945e-08	-6.539388224520e-04	-6.539356169910e-04	3.20546e-09
2.388020833333e+01	6.288476260030e-04	6.289328473947e-04	8.52214e-08	-6.377298492378e-04	-6.377270875186e-04	2.76172e-09
2.397135416667e+01	6.129596681164e-04	6.129721262354e-04	1.24581e-08	-6.210960641062e-04	-6.210943082202e-04	1.75589e-09
2.406250000000e+01	5.974785203155e-04	5.973994051897e-04	-7.91151e-08	-6.059556203958e-04	-6.059549957226e-04	6.24673e-10
2.415364583333e+01	5.826077037652e-04	5.825077049278e-04	-9.99988e-08	-5.903925424568e-04	-5.903925854985e-04	-4.30417e-11
2.424479166667e+01	5.683508756837e-04	5.683191687977e-04	-3.17069e-08	-5.762552396160e-04	-5.762553337672e-04	-9.41512e-11
2.433593750000e+01	5.544797505679e-04	5.545370213140e-04	5.72707e-08	-5.617157696596e-04	-5.617157713197e-04	-1.6601e-12
2.442708333333e+01	5.409737732102e-04	5.410589372857e-04	8.51641e-08	-5.485524764056e-04	-5.485528732472e-04	-3.96842e-10
2.451822916667e+01	5.280379865273e-04	5.280809832747e-04	4.29967e-08	-5.349928324733e-04	-5.349942073334e-04	-1.37486e-09
2.460937500000e+01	5.156712150969e-04	5.156674834259e-04	-3.73167e-09	-5.227428354283e-04	-5.227452027227e-04	-2.36729e-09
2.470052083333e+01	5.036430444574e-04	5.036423128684e-04	-7.31589e-10	-5.101208058777e-04	-5.101236273806e-04	-2.8215e-09
2.479166666667e+01	4.919372640581e-04	4.919642639208e-04	2.69999e-08	-4.987601128622e-04	-4.987630416691e-04	-2.92881e-09
2.488281250000e+01	4.807632029880e-04	4.807778446756e-04	1.46417e-08	-4.870363376108e-04	-4.870397615373e-04	-3.42393e-09
2.497395833333e+01	4.701218433845e-04	4.700788839994e-04	-4.29594e-08	-4.765094016584e-04	-4.765139767532e-04	-4.57509e-09
2.506510416667e+01	4.597856870449e-04	4.597160028094e-04	-6.96842e-08	-4.656466403533e-04	-4.656523146883e-04	-5.67433e-09
2.515625000000e+01	4.497410725498e-04	4.497320490750e-04	-9.02347e-09	-4.559341183103e-04	-4.559400188652e-04	-5.90055e-09
2.524739583333e+01	4.401958361578e-04	4.402788341057e-04	8.29979e-08	-4.458979971857e-04	-4.459035565518e-04	-5.55937e-09
2.533854166667e+01	4.311474379894e-04	4.312429999552e-04	9.5562e-08	-4.369494260326e-04	-4.369553134910e-04	-5.88746e-09
2.542968750000e+01	4.223675850204e-04	4.223797335201e-04	1.21485e-08	-4.277074852603e-04	-4.277148626219e-04	-7.37736e-09
2.552083333333e+01	4.138461521195e-04	4.137871098538e-04	-5.90423e-08	-4.195085379150e-04	-4.195174248053e-04	-8.88689e-09
2.561197916667e+01	4.057956610460e-04	4.057578547788e-04	-3.78063e-08	-4.110310458414e-04	-4.110401548668e-04	-9.10903e-09
2.570312500000e+01	3.982174177041e-04	3.982207722702e-04	3.35457e-09	-4.035360695662e-04	-4.035446680665e-04	-8.5985e-09
2.579427083333e+01	3.908844598949e-04	3.908321956292e-04	-5.22643e-08	-3.957954092237e-04	-3.958046135138e-04	-9.20429e-09
2.588541666667e+01	3.837842216998e-04	3.836251605144e-04	-1.59061e-07	-3.889944267785e-04	-3.890056447244e-04	-1.12179e-08
2.597656250000e+01	3.771246586577e-04	3.769910907323e-04	-1.33568e-07	-3.819656896146e-04	-3.819781241097e-04	-1.24345e-08
2.606770833333e+01	3.709057096227e-04	3.709763981589e-04	7.06885e-08	-3.758177794776e-04	-3.758290135428e-04	-1.12341e-08
2.615885416667e+01	3.649052247346e-04	3.651426629584e-04	2.37438e-07	-3.694772003998e-04	-3.694867599662e-04	-9.55957e-09
2.625000000000e+01	3.591191512979e-04	3.592808029485e-04	1.61652e-07	-3.639760572411e-04	-3.639867229185e-04	-1.06657e-08
2.634114583333e+01	3.537579731189e-04	3.537244288626e-04	-3.35443e-08	-3.583001274065e-04	-3.583141827264e-04	-1.40553e-08
2.643229166667e+01	3.488132680493e-04	3.487673589867e-04	-4.59091e-08	-3.534021907817e-04	-3.534176931604e-04	-1.55024e-08
2.652343750000e+01	3.440494857794e-04	3.441984686447e-04	1.48983e-07	-3.483562528761e-04	-3.483696561730e-04	-1.34033e-08
2.661458333333e+01	3.394502742684e-04	3.396812819564e-04	2.31008e-07	-3.440256853467e-04	-3.440377064934e-04	-1.20211e-08
2.670572916667e+01	3.352049478756e-04	3.352316755171e-04	2.67276e-08	-3.395214010618e-04	-3.395366737558e-04	-1.52727e-08
2.679687500000e+01	3.312527781157e-04	3.310694980494e-04	-1.8328e-07	-3.355857959864e-04	-3.356056108999e-04	-1.98149e-08
2.688802083333e+01	3.272549042776e-04	3.271716079385e-04	-8.32963e-08	-3.313529009050e-04	-3.313724282796e-04	-1.95274e-08
2.697916666667e+01	3.230344755969e-04	3.231870664093e-04	1.52591e-07	-3.273754425555e-04	-3.273912495866e-04	-1.5807e-08
2.707031250000e+01	3.185569032883e-04	3.186733279906e-04	1.16425e-07	-3.226929858366e-04	-3.227092773626e-04	-1.62915e-08
2.716145833333e+01	3.134608982579e-04	3.133108161497e-04	-1.50082e-07	-3.175742036069e-04	-3.175962190937e-04	-2.20155e-08
2.725260416667e+01	3.070305653401e-04	3.068437528725e-04	-1.86812e-07	-3.109315415627e-04	-3.109560330347e-04	-2.44915e-08
2.734375000000e+01	2.986788116206e-04	2.988004719751e-04	1.2166e-07	-3.027326807592e-04	-3.027526142747e-04	-1.99335e-08
2.743489583333e+01	2.880094052458e-04	2.883270312175e-04	3.17626e-07	-2.918247810376e-04	-2.918414457435e-04	-1.66647e-08
2.752604166667e+01	2.744567405383e-04	2.745668617167e-04	1.10121e-07	-2.780883404749e-04	-2.781090159587e-04	-2.06755e-08
2.761718750000e+01	2.573832341241e-04	2.572364919269e-04	-1.46742e-07	-2.607118268808e-04	-2.607363157193e-04	-2.44888e-08
2.770833333333e+01	2.366789483990e-04	2.366314659041e-04	-4.74825e-08	-2.399419679193e-04	-2.399628947885e-04	-2.09269e-08
2.779947916667e+01	2.128682521373e-04	2.131039291452e-04	2.35677e-07	-2.157562965548e-04	-2.157723420933e-04	-1.60455e-08
2.789062500000e+01	1.866767924758e-04	1.869943304467e-04	3.17538e-07	-1.891195403160e-04	-1.891358988232e-04	-1.63585e-08
2.798177083333e+01	1.589410493415e-04	1.591267426503e-04	1.85693e-07	-1.609355138570e-04	-1.609524659906e-04	-1.69521e-08
2.807291666667e+01	1.309531943872e-04	1.309665485539e-04	1.33542e-08	-1.326854355321e-04	-1.326988674016e-04	-1.34319e-08
2.816406250000e+01	1.042939985330e-04	1.041128000337e-04	-1.81198e-07	-1.056362003150e-04	-1.056464711096e-04	-1.02708e-08
2.825520833333e+01	8.017342387113e-05	7.987412077806e-05	-2.99303e-07	-8.107491519310e-05	-8.108464317854e-05	-9.72799e-09
2.834635416667e+01	5.922886534515e-05	5.911429493680e-05	-1.1457e-07	-5.984167639370e-05	-5.984966904513e-05	-7.99265e-09
2.843750000000e+01	4.190876518865e-05	4.208579739141e-05	1.77032e-07	-4.241963246564e-05	-4.242428903101e-05	-4.65657e-09
2.852864583333e+01	2.847571790816e-05	2.852955792669e-05	5.384e-08	-2.883016168409e-05	-2.883309365174e-05	-2.93197e-09
2.861979166667e+01	1.863078593535e-05	1.827194983369e-05	-3.58836e-07	-1.876422563497e-05	-1.876691928652e-05	-2.69365e-09
2.871093750000e+01	1.163096457397e-05	1.129656362728e-05	-3.34401e-07	-1.168427395323e-05	-1.168621041010e-05	-1.93646e-09
2.880208333333e+01	6.859249240917e-06	7.023436606125e-06	1.64187e-07	-6.953215296059e-06	-6.954077250115e-06	-8.61954e-10
2.889322916667e+01	3.874790471346e-06	4.237534008323e-06	3.62744e-07	-3.952552392384e-06	-3.952940824271e-06	-3.88432e-10
2.898437500000e+01	2.135633818524e-06	2.133914078371e-06	-1.71974e-09	-2.143828311696e-06	-2.144149263281e-06	-3.20952e-10
2.907552083333e+01	1.074586277195e-06	6.887402528865e-07	-3.85846e-07	-1.109565499395e-06	-1.109797349368e-06	-2.3185e-10
2.916666666667e+01	4.174637126875e-07	-6.958480749775e-09	-4.24422e-07	-5.473230803549e-07	-5.474350589858e-07	-1.11979e-10
2.925781250000e+01	7.940011484699e-08	-1.950328655830e-07	-2.74433e-07	-2.574181736688e-07	-2.574648137463e-07	-4.66401e-11
2.934895833333e+01	-3.070479877233e-08	-1.763512992474e-07	-1.45647e-07	-1.152791387912e-07	-1.153053581324e-07	-2.62193e-11
2.944010416667e+01	-3.639099359497e-08	-1.099415245686e-07	-7.35505e-08	-4.919818478382e-08	-4.921647252514e-08	-1.82877e-11
2.953125000000e+01	-1.786709704767e-08	-5.082252349435e-08	-3.29554e-08	-1.997837797043e-08	-1.999006201583e-08	-1.1684e-11
2.962239583333e+01	-6.443895883470e-09	-1.807628215062e-08	-1.16324e-08	-7.727805918951e-09	-7.734209086536e-09	-6.40317e-12
2.971354166667e+01	-1.211832840473e-09	-4.276539008736e-09	-3.06471e-09	-2.842312992708e-09	-2.845391215159e-09	-3.07822e-12
2.980468750000e+01	-5.523754860273e-10	-1.149312034730e-09	-5.96937e-10	-9.955659759330e-10	-9.968987864136e-10	-1.33281e-12
2.989583333333e+01	2.363964207699e-10	1.498581880898e-10	-8.65382e-11	-3.314311415762e-10	-3.319601453979e-10	-5.29004e-13
2.998697916667e+01	-2.687305157204e-10	-2.781137663027e-10	-9.38325e-12	-1.050499395015e-10	-1.052444819846e-10	-1.94542e-13
3.007812500000e+01	2.571147869964e-10	2.563073578077e-10	-8.07429e-13	-3.163078062411e-11	-3.169751431712e-11	-6.67337e-14
3.016927083333e+01	-2.501448416928e-10	-2.501643539785e-10	-1.95123e-14	-9.067147331644e-12	-9.088592091538e-12	-2.14448e-14
3.026041666667e+01	2.431735386843e-10	2.431425060676e-10	-3.10326e-14	-2.468347410604e-12	-2.474822591209e-12	-6.47518e-15
3.035156250000e+01	-2.365242024202e-10	-2.364963473743e-10	2.7855e-14	-6.396418087052e-13	-6.414827520684e-13	-1.84094e-15
3.044270833333e+01	2.301576610675e-10	2.301303528553e-10	-2.73082e-14	-1.573516247018e-13	-1.578452368518e-13	-4.93612e-16
3.053385416667e+01	-2.240552658953e-10	-2.240285529228e-10	2.6713e-14	-3.684755242720e-14	-3.697251945281e-14	-1.24967e-16
3.062500000000e+01	2.181981685756e-10	2.181720190249e-10	-2.61496e-14	-8.189313246058e-15	-8.219217364390e-15	-2.99041e-17
3.071614583333e+01	-2.125686411372e-10	-2.125430355561e-10	2.56056e-14	-1.732430637744e-15	-1.739200391540e-15	-6.76975e-18
3.080729166667e+01	2.071502081739e-10	2.071251329514e-10	-2.50752e-14	-3.477337667072e-16	-3.491850210624e-16	-1.45125e-18
3.089843750000e+01	-2.019276777957e-10	-2.019031220220e-10	2.45558e-14	-6.640111352970e-17	-6.669588340290e-17	-2.9477e-19
3.098958333333e+01	1.968871125247e-10	1.968630671677e-10	-2.40454e-14	-1.200916429427e-17	-1.206341004047e-17	-5.42457e-20
3.108072916667e+01	-1.920157613888e-10	-1.919922176188e-10	2.35438e-14	-2.046945822764e-18	-2.053287433059e-18	-6.34161e-21
3.117187500000e+01	1.873019731734e-10	1.872789225875e-10	-2.30506e-14	-3.459578701291e-19	-3.427801529292e-19	3.17772e-21
3.126302083333e+01	-1.827351007140e-10	-1.827125343630e-10	2.25664e-14	-2.322088548244e-20	8.048139119943e-21	3.1269e-20
3.135416666667e+01	1.783054190400e-10	1.782833281222e-10	-2.20909e-14	-2.437861511345e-20	-1.062184912640e-20	1.37568e-20
3.144531250000e+01	-1.740040297365e-10	-1.739824046403e-10	2.16251e-14	6.832121757296e-21	1.645768894832e-20	9.62557e-21
3.153645833333e+01	1.698227848171e-10	1.698016162412e-10	-2.11686e-14	2.379957397207e-20	3.401350818071e-20	1.02139e-20
3.162760416667e+01	-1.657542138280e-10	-1.657334916116e-10	2.07222e-14	-3.144565696237e-20	-2.097621566624e-20	1.04694e-20
3.171875000000e+01	1.617914566692e-10	1.617711712313e-10	-2.02854e-14	-2.447910435246e-20	-1.680917580780e-20	7.66993e-21
3.180989583333e+01	-1.579281993391e-10	-1.579083402276e-10	1.98591e-14	1.023586981916e-21	5.820266890409e-21	4.79668e-21
3.190104166667e+01	1.541586285384e-10	1.541391861054e-10	-1.94424e-14	-1.453971568015e-20	-1.067316397933e-20	3.86655e-21
3.199218750000e+01	-1.504773769777e-10	-1.504583408210e-10	1.90362e-14	-2.261583005365e-20	-2.336567613464e-20	-7.49846e-22
3.208333333333e+01	1.468794795566e-10	1.468608401107e-10	-1.86394e-14	2.299263813119e-22	-3.344267636254e-21	-3.57419e-21
3.217447916667e+01	-1.433603440726e-10	-1.433420911988e-10	1.82529e-14	-4.640373367088e-20	-5.231766011288e-20	-5.91393e-21
3.226562500000e+01	1.399157031899e-10	1.398978276006e-10	-1.78756e-14	-9.500283107440e-22	-7.490430764688e-21	-6.5404e-21
3.235677083333e+01	-1.365415980957e-10	-1.365240899795e-10	1.75081e-14	-4.966602016716e-20	-6.078315564768e-20	-1.11171e-20
3.244791666667e+01	1.332343384971e-10	1.332171890675e-10	-1.71494e-14	-2.037859319568e-20	-3.038022707725e-20	-1.00016e-20
3.253906250000e+01	-1.299904896928e-10	-1.299736894583e-10	1.68002e-14	-3.366743704532e-20	-4.548753967527e-20	-1.18201e-20
3.263020833333e+01	1.268068389354e-10	1.267903796699e-10	-1.64593e-14	1.408235250284e-20	2.210251352821e-21	-1.18721e-20
3.272135416667e+01	-1.236803860546e-10	-1.236642586994e-10	1.61274e-14	-7.833787921895e-20	-9.062877508281e-20	-1.22909e-20
3.281250000000e+01	1.206083214369e-10	1.205925183303e-10	-1.58031e-14	-4.418291468909e-20	-5.651532841027e-20	-1.23324e-20
3.290364583333e+01	-1.175880052263e-10	-1.175725177184e-10	1.54875e-14	-2.374962843509e-20	-3.629646886744e-20	-1.25468e-20
3.299479166667e+01	1.146169634826e-10	1.146017845615e-10	-1.51789e-14	-2.042090328198e-20	-3.079813389714e-20	-1.03772e-20
3.308593750000e+01	-1.116928677585e-10	-1.116779890889e-10	1.48787e-14	-3.212236423550e-20	-4.370111581233e-20	-1.15788e-20
3.317708333333e+01	1.088135215042e-10	1.087989368283e-10	-1.45847e-14	-5.224961849212e-20	-6.229486533890e-20	-1.00452e-20
3.326822916667e+01	-1.059768585895e-10	-1.059625598100e-10	1.42988e-14	-8.090680974978e-20	-8.898724361912e-20	-8.08043e-21
3.335937500000e+01	1.031809248857e-10	1.031669064252e-10	-1.40185e-14	-3.120437034289e-20	-3.858052335789e-20	-7.37615e-21
3.345052083333e+01	-1.004238724543e-10	-1.004101265513e-10	1.37459e-14	-2.208185802935e-20	-2.666568391699e-20	-4.58383e-21
3.354166666667e+01	9.770395259036e-11	9.769047423095e-11	-1.34784e-14	7.174664798442e-21	5.207307716090e-21	-1.96736e-21
3.363281250000e+01	-9.501951038207e-11	-9.500629221364e-11	1.32182e-14	-5.883273887934e-20	-5.579341230850e-20	3.03933e-21
3.372395833333e+01	9.236896840284e-11	9.235600580735e-11	-1.29626e-14	-6.696995719717e-20	-6.072716801111e-20	6.24279e-21
3.381510416667e+01	-8.975083691038e-11	-8.973812303333e-11	1.27139e-14	-1.081873680463e-19	-9.807006503052e-20	1.01173e-20
3.390625000000e+01	8.716369075787e-11	8.715122131582e-11	-1.24694e-14	1.262650439693e-20	2.654100986258e-20	1.39145e-20
3.399739583333e+01	-8.460617928400e-11	-8.459394791128e-11	1.22314e-14	-3.239970301906e-20	-1.279991124839e-20	1.95998e-20
3.408854166667e+01	8.207700864114e-11	8.206501124062e-11	-1.19974e-14	-1.368698027725e-20	1.244570731845e-20	2.61327e-20
3.417968750000e+01	-7.957495156098e-11	-7.956318241084e-11	1.17692e-14	-9.941197086782e-20	-6.994639145418e-20	2.94656e-20
3.427083333333e+01	7.709882613123e-11	7.708728126073e-11	-1.15449e-14	-3.936496542855e-20	-4.339294299224e-21	3.50257e-20
3.436197916667e+01	-7.464751195445e-11	-7.463618607252e-11	1.13259e-14	-7.229617295167e-20	-3.173738290197e-20	4.05588e-20
3.445312500000e+01	7.221992703287e-11	7.220881647311e-11	-1.11106e-14	-1.162795848903e-19	-7.172688813221e-20	4.45527e-20
3.454427083333e+01	-6.981504179088e-11	-6.980414158146e-11	1.09002e-14	-1.044212953918e-19	-5.819843033893e-20	4.62229e-20
3.463541666667e+01	6.743186218311e-11	6.742116897089e-11	-1.06932e-14	-1.263678144678e-19	-7.672246663613e-20	4.96453e-20
3.472656250000e+01	-6.506943974157e-11	-6.505894880948e-11	1.04909e-14	-1.189618183813e-19	-6.488447375270e-20	5.40773e-20
3.481770833333e+01	6.272685592831e-11	6.271656426538e-11	-1.02917e-14	-1.368143556411e-19	-8.020882839494e-20	5.66055e-20
3.490885416667e+01	-6.040323141803e-11	-6.039313443108e-11	1.0097e-14	-1.499343628526e-19	-9.365317756275e-20	5.62812e-20
